{"meta": {"uuid": "edabf3e9-0675-40c2-a3a3-656feb70e8f7", "id": "0000727", "name": "0000727_ru_rus_problema_preodoleniya_chelovekom_jiznennyh_obstoyatelstv_noexp.txt", "subject": "rus", "test": "егэ тренировка", "category": "", "year": 2017, "class": "11", "theme": "Проблема преодоления человеком жизненных обстоятельств (По тексту В.М. Пескова)", "taskText": "(1) В невысоких горах около Дрездена тренировались альпинисты. (2)Два десятка зевак, среди которых был и я, наблюдали небезопасное действие. (З)Малыш шести лет потянул за руку мать. (4)Мой переводчик с улыбкой сказал мне на ухо: «Мальчик спрашивает, почему они, как все, не идут по ступенькам, а лезут прямо на каменную стенку?» (5)Мать искала для сына подходящие слова и сказала что-то вроде русского «неугомонные люди». (б)Малыш не понял. (7)«Когда подрастёшь — сам там будешь...» — улыбнулась мать.\n(8) В дальних путешествиях я постоянно встречал неугомонных людей и сам иногда становился неугомонным. (9)К юбилею страны мне пришлось почти два года летать на маленьких самолётах и вертолётах, чтобы сделать нужные снимки.\n(10) Во все времена жили люди неугомонные. (11)Ими открыта Америка, они прошли громадные расстояния Европы и Азии, чтобы выйти к океану. (12)Такие люди стремились увидеть полюса Земли, подняться на самую высокую точку нашей планеты, отправиться в космос. (13)Иногда ими двигало утверждение себя как открывателей, иногда — стремление доказать самим себе, что они смогут одолеть любые трудности.(14) В своей жизни я знал немало таких вот рядовых «неугомонных людей».\n(15) Однажды зимой увидел я, что по лесу змеился след одной лыжи. (16)Я пошёл следом и на опушке, близ деревни, догнал человека с ружьём и собакой на поводке.\n(17)Охотник?\n(18)Зимой — охотник, а летом — грибник, — приветливо отозвался мужчина, вполне понимая причину расспросов.\n(19)А как же стреляете?\n(20)А вот так... — (21)Один костыль с кружком от лыжной палки в мгновение ока выставлен был вперёд для упора, и вслед подброшенной рукавице прогремел выстрел.\n(22)Собака радостно сбегала за «добычей», и охотник столь же радостно протянул мне прошитое дробью вещественное доказательство того, что зайцам надо со всей серьёзностью относиться к неуклюжей с виду фигуре с ружьишком.\n(23)И давно ли вот так?..\n(24)Охочусь всю жизнь. (25)А вот так — десять лет. (26)Десять лет, как сделался я « трёхногим ».\n(27)В 41-м под Смоленском Виктор Новиков чуть не лишился ноги.\n«(28)Седой, сильно учёный профессор взялся меня лечить. (29)И какое-то чудо сделал с размозжённой осколком ногой, не стали её тогда отымать. (30)Ушёл из госпиталя хоть на костылях, но с двумя ногами. (31)Провожавший профессор сказал, что нога послужит, но всё может быть».\n(32)Так и случилось. (ЗЗ)Когда вернулся Виктор Васильевич домой без ноги, собрались повидаться друзья-охотники. (34)Один, захмелев, попросил уступить ему собаку: зачем хороший охотничий пёс одноногому человеку? «(35)И тут я стукнул об пол костылём: тебе, говорю, Степан, не уступлю на охоте!..»\n(36)И человек, судьба которому уготовила сидение на лавочке около дома, не покорился судьбе. «(37)По секрету скажу, лисы и зайцы — только предлог. (38)Просто в лес меня тянет. (39)Сяду на пенёчке передохнуть, сниму шапку, лоб оботру, прислушаюсь, как снегири посвистывают, как синицы перекликаются, — хорошо на душе...»\n(40)До глубокого вечера сидели мы с Виктором Васильевичем, прислонившись спиной к натопленной печке.\n(41)Такая вот встреча. (42)Напоминанье: судьба человека, бывает, скрутит в бараний рог, а человек не сдаётся, не поднимает покорно руки. (43)И побеждает. (44)И других побеждать учит."}, "text": "Иногда случается так, что на жизненном пути человека появляются, казалось бы, непреодолимые преграды. Конечно, не каждый способен найти в себе силы справиться со всеми сложностями, но бывают люди, которые, несмотря на все тяготы судьбы, не сдаются до победного конца. И именно проблему преодоления человеком жизненных обстоятельств затрагивает В.М.Песков в своем произведении.\nНадо отметить, что данная проблема была и будет актуальна, ведь в жизни почти каждого человека случаются ситуации, которые кажутся ему совершенно безвыходными. Но все мы знаем, что выход есть всегда. Что бы нам не уготовила судьба, человек, имеющий невероятную силу духа и воли, способен преодолеть любые препятствия. Вот и Василий Михайлович Песков говорит о том, что: \"Судьба человека, бывает, скрутит в бараний рог, а человек не сдается, не поднимает покорно руки. И побеждает. И других побеждать учит\". Он приводит в пример человека по имени Виктор Новиков, который, несмотря на довольно серьезное ранение, продолжает заниматься любимым делом. Он не сдался, приспособился к такой жизни, и он все еще может охотиться. Несмотря на любые невзгоды, человек, приложив все усилия, способен действительно на многое. И именно такова позиция автора: человек может противостоять судьбе даже в самых тяжелых обстоятельствах, если он не сдается, если он стремится преодолеть любые трудности.\nПозиция автора близка и понятна мне. Ведь только по-настоящему сильный духом, действительно любящий жизнь человек, способен бороться со всевозможными жизненными испытаниями. Есть много исторических личностей, которые, пройдя, к примеру, войну и получив очень сильные ранения, снова вставали на ноги и продолжали жить. Одним из таких людей является Алексей Мересьев - человек с невероятнейшей силой духа, которую не смогло сломить даже серьезное ранение. В ходе военных действий его самолет был подбит, а сам Мересьев был тяжело ранен. Многие дни и даже недели он ползком пробирался через лес, и его единственной целью было выжить. Он прикладывал все усилия, чтобы продвигаться дальше, и не сдавался до последнего. Но на этом жизненные испытания Алексея Петровича не закончились: ему ампутировали обе ноги, что означало только одно - летать он больше не сможет. А ведь полеты были его смыслом жизни. И летчик во второй раз проявил свою силу духа. Он упорно тренировался для того, чтобы ему позволили летать с протезами, и вскоре добился своей цели.\nНо противостоять судьбе также может человек, добрый по своей натуре, готовый на все, чтобы спасти другого человека. Так, например, в рассказе Шолохова \"Судьба человека\" Андрей Соколов - главный герой, побывавший в концлагере, переживший потерю своей семьи, не только не сдается, не опускает руки, но и берет под свою опеку маленького мальчика Ваню. Это говорит о том, что Андрей невероятно добр, он способен сострадать и готов жертвовать все, лишь бы помочь ближнему. Такие люди заслуживают уважения, ведь они, фактически, продолжают жить лишь потому, что им есть ради кого жить. И разве не чудесно то, что человек способен преодолеть всевозможные трудности ради счастливой жизни другого человека?\nВ заключение же хочется отметить, что преодолеть жизненные обстоятельства вполне возможно. Но для этого нужно иметь невероятную силу духа, любить жизнь, идти до самого конца, не опуская рук. И тогда-то даже из самой сложной ситуации можно найти выход.", "fileName": "0000727.json", "selections": [{"id": 0, "group": "error", "startSelection": 355, "endSelection": 375, "explanation": "Слово «свой» в контекстах вроде «писатель в своём тексте рассказывает...» избыточно.", "tag": "", "type": "Р.ЛИШН", "subtype": "лишн", "comment": "", "correction": ""}, {"id": 1, "group": "error", "startSelection": 308, "endSelection": 317, "explanation": "Повторение однокоренных слов.", "tag": "", "type": "Р.тавт", "subtype": "", "comment": "", "correction": ""}, {"id": 2, "group": "error", "startSelection": 443, "endSelection": 448, "explanation": "Повторение однокоренных слов.", "tag": "", "type": "Р.тавт", "subtype": "", "comment": "", "correction": ""}, {"id": 3, "group": "error", "startSelection": 577, "endSelection": 600, "explanation": "Возможно, вместо частицы \"не\" следует употребить {\"ни\"}. Если частица примыкает к относительному слову, то пишется \"ни\" (он помогал всем, {кто бы к нему ни} пришел), а если к сказуемому, то пишется \"не\" (нет никого, кто бы {не пришел} к нему за советом).", "tag": "NE_", "type": "А.лекс", "subtype": "конт", "comment": "", "correction": ""}, {"id": 4, "group": "error", "startSelection": 591, "endSelection": 600, "explanation": "Устаревшее слово. В современном тексте оно имеет архаический характер.", "tag": "Ustar.doc -1921331588", "type": "А.лекс", "subtype": "конт", "comment": "", "correction": ""}, {"id": 5, "group": "error", "startSelection": 930, "endSelection": 937, "explanation": "Устаревшее слово. В современном тексте оно имеет архаический характер.", "tag": "Ustar.doc 1367283485", "type": "А.лекс", "subtype": "конт", "comment": "", "correction": ""}, {"id": 6, "group": "error", "startSelection": 1126, "endSelection": 1133, "explanation": "Повторение одного и того же слова.", "tag": "", "type": "Р.повтор", "subtype": "", "comment": "", "correction": ""}, {"id": 7, "group": "error", "startSelection": 1222, "endSelection": 1229, "explanation": "Повторение одного и того же слова.", "tag": "", "type": "Р.повтор", "subtype": "", "comment": "", "correction": ""}, {"id": 8, "group": "error", "startSelection": 1295, "endSelection": 1299, "explanation": "Повторение одного и того же слова.", "tag": "", "type": "Р.повтор", "subtype": "", "comment": "", "correction": ""}, {"id": 9, "group": "error", "startSelection": 1315, "endSelection": 1319, "explanation": "Повторение одного и того же слова.", "tag": "", "type": "Р.повтор", "subtype": "", "comment": "", "correction": ""}, {"id": 10, "group": "error", "startSelection": 1497, "endSelection": 1521, "explanation": "Поменяйте эти прилагательные местами или выберите менее строгий стиль грамматической  проверки. Обычно качественное прилагательное предшествует относительному.", "tag": "message.txt: 3:13", "type": "А.лекс", "subtype": "конт", "comment": "", "correction": "жизненными всевозможными"}, {"id": 11, "group": "error", "startSelection": 1424, "endSelection": 1431, "explanation": "Повторение одинаковых и однокоренных слов.", "tag": "", "type": "Р.тавт", "subtype": "", "comment": "", "correction": ""}, {"id": 12, "group": "error", "startSelection": 1461, "endSelection": 1466, "explanation": "Повторение однокоренных слов.", "tag": "", "type": "Р.тавт", "subtype": "", "comment": "", "correction": ""}, {"id": 13, "group": "error", "startSelection": 1511, "endSelection": 1521, "explanation": "Повторение однокоренных слов.", "tag": "", "type": "Р.тавт", "subtype": "", "comment": "", "correction": ""}, {"id": 14, "group": "error", "startSelection": 1587, "endSelection": 1596, "explanation": "Разговорное выражение, придающее тексту непринужденный характер. Нейтральный вариант: \"например\".", "tag": "RAZGVYR2.doc -1682097405", "type": "А.лекс", "subtype": "конт", "comment": "", "correction": ""}, {"id": 15, "group": "error", "startSelection": 1620, "endSelection": 1627, "explanation": "Повторение одинаковых и однокоренных слов.", "tag": "", "type": "Р.тавт", "subtype": "", "comment": "", "correction": ""}, {"id": 16, "group": "error", "startSelection": 1628, "endSelection": 1635, "explanation": "Повторение одинаковых и однокоренных слов.", "tag": "", "type": "Р.тавт", "subtype": "", "comment": "", "correction": ""}, {"id": 17, "group": "error", "startSelection": 1673, "endSelection": 1677, "explanation": "Повторение однокоренных слов.", "tag": "", "type": "Р.тавт", "subtype": "", "comment": "", "correction": ""}, {"id": 18, "group": "error", "startSelection": 1753, "endSelection": 1758, "explanation": "Повторение одинаковых и однокоренных слов.", "tag": "", "type": "Р.тавт", "subtype": "", "comment": "", "correction": ""}, {"id": 19, "group": "error", "startSelection": 1806, "endSelection": 1813, "explanation": "Повторение одинаковых и однокоренных слов.", "tag": "", "type": "Р.тавт", "subtype": "", "comment": "", "correction": ""}, {"id": 20, "group": "error", "startSelection": 1889, "endSelection": 1894, "explanation": "Повторение одинаковых и однокоренных слов.", "tag": "", "type": "Р.тавт", "subtype": "", "comment": "", "correction": ""}, {"id": 21, "group": "error", "startSelection": 2194, "endSelection": 2200, "explanation": "Повторение однокоренных слов.", "tag": "", "type": "Р.тавт", "subtype": "", "comment": "", "correction": ""}, {"id": 22, "group": "error", "startSelection": 2262, "endSelection": 2268, "explanation": "Повторение однокоренных слов.", "tag": "", "type": "Р.тавт", "subtype": "", "comment": "", "correction": ""}, {"id": 23, "group": "error", "startSelection": 2291, "endSelection": 2295, "explanation": "Повторение одного и того же слова в разных формах.", "tag": "", "type": "Р.повтор", "subtype": "", "comment": "", "correction": ""}, {"id": 24, "group": "error", "startSelection": 2360, "endSelection": 2366, "explanation": "Повторение однокоренных слов.", "tag": "", "type": "Р.тавт", "subtype": "", "comment": "", "correction": ""}, {"id": 25, "group": "error", "startSelection": 2397, "endSelection": 2402, "explanation": "Повторение одного и того же слова в разных формах.", "tag": "", "type": "Р.повтор", "subtype": "", "comment": "", "correction": ""}, {"id": 26, "group": "error", "startSelection": 2445, "endSelection": 2452, "explanation": "Повторение одного и того же слова в разных формах.", "tag": "", "type": "Р.повтор", "subtype": "", "comment": "", "correction": ""}, {"id": 27, "group": "error", "startSelection": 2515, "endSelection": 2523, "explanation": "Повторение одного и того же слова в разных формах.", "tag": "", "type": "Р.повтор", "subtype": "", "comment": "", "correction": ""}, {"id": 28, "group": "error", "startSelection": 2836, "endSelection": 2859, "explanation": "«Жертвовать» в метафорическом значении употребляется с творительным падежом: «жертвовать всем».", "tag": "", "type": "Г.УПР", "subtype": null, "comment": "", "correction": ""}, {"id": 29, "group": "error", "startSelection": 2852, "endSelection": 2856, "explanation": "Повторение одного и того же слова.", "tag": "", "type": "Р.повтор", "subtype": "", "comment": "", "correction": ""}, {"id": 30, "group": "error", "startSelection": 2860, "endSelection": 2866, "explanation": "Повторение однокоренных слов.", "tag": "", "type": "Р.тавт", "subtype": "", "comment": "", "correction": ""}, {"id": 31, "group": "error", "startSelection": 2943, "endSelection": 2947, "explanation": "Повторение одинаковых и однокоренных слов.", "tag": "", "type": "Р.повтор", "subtype": "", "comment": "", "correction": ""}, {"id": 32, "group": "error", "startSelection": 2948, "endSelection": 2952, "explanation": "Повторение одного и того же слова.", "tag": "", "type": "Р.повтор", "subtype": "", "comment": "", "correction": ""}, {"id": 33, "group": "error", "startSelection": 2983, "endSelection": 2987, "explanation": "Повторение одинаковых и однокоренных слов.", "tag": "", "type": "Р.повтор", "subtype": "", "comment": "", "correction": ""}, {"id": 34, "group": "error", "startSelection": 3016, "endSelection": 3023, "explanation": "Повторение одного и того же слова в разных формах.", "tag": "", "type": "Р.повтор", "subtype": "", "comment": "", "correction": ""}, {"id": 35, "group": "error", "startSelection": 3033, "endSelection": 3043, "explanation": "Повторение одного и того же слова.", "tag": "", "type": "Р.повтор", "subtype": "", "comment": "", "correction": ""}, {"id": 36, "group": "error", "startSelection": 3044, "endSelection": 3056, "explanation": "Повторение однокоренных слов.", "tag": "", "type": "Р.тавт", "subtype": "", "comment": "", "correction": ""}, {"id": 37, "group": "error", "startSelection": 3083, "endSelection": 3088, "explanation": "Повторение одинаковых и однокоренных слов.", "tag": "", "type": "Р.тавт", "subtype": "", "comment": "", "correction": ""}, {"id": 38, "group": "error", "startSelection": 3097, "endSelection": 3105, "explanation": "Повторение одного и того же слова в разных формах.", "tag": "", "type": "Р.повтор", "subtype": "", "comment": "", "correction": ""}, {"id": 39, "group": "error", "startSelection": 3145, "endSelection": 3155, "explanation": "Повторение одного и того же слова.", "tag": "", "type": "Р.повтор", "subtype": "", "comment": "", "correction": ""}, {"id": 40, "group": "error", "startSelection": 3156, "endSelection": 3165, "explanation": "Повторение одинаковых и однокоренных слов.", "tag": "", "type": "Р.тавт", "subtype": "", "comment": "", "correction": ""}, {"id": 41, "group": "error", "startSelection": 3188, "endSelection": 3196, "explanation": "Повторение однокоренных слов.", "tag": "", "type": "Р.тавт", "subtype": "", "comment": "", "correction": ""}, {"id": 42, "group": "error", "startSelection": 3260, "endSelection": 3264, "explanation": "Повторение однокоренных слов.", "tag": "", "type": "Р.тавт", "subtype": "", "comment": "", "correction": ""}, {"id": 43, "group": "error", "startSelection": 3268, "endSelection": 3274, "explanation": "Повторение одного и того же слова в разных формах.", "tag": "", "type": "Р.повтор", "subtype": "", "comment": "", "correction": ""}, {"id": 44, "group": "error", "startSelection": 3317, "endSelection": 3322, "explanation": "Повторение одного и того же слова в разных формах.", "tag": "", "type": "Р.повтор", "subtype": "", "comment": "", "correction": ""}, {"id": 45, "group": "error", "startSelection": 3340, "endSelection": 3345, "explanation": "Повторение однокоренных слов.", "tag": "", "type": "Р.тавт", "subtype": "", "comment": "", "correction": ""}, {"id": 46, "group": "error", "startSelection": 3352, "endSelection": 3357, "explanation": "Повторение однокоренных слов.", "tag": "", "type": "Р.тавт", "subtype": "", "comment": "", "correction": ""}, {"id": 48, "group": "meaning", "startSelection": 268, "endSelection": 376, "type": "ПРОБЛЕМА", "subtype": "", "explanation": "", "correction": "", "tag": "", "comment": ""}, {"id": 49, "group": "meaning", "startSelection": 377, "endSelection": 883, "type": "ПРИМЕР", "subtype": "", "explanation": "", "correction": "", "tag": "", "comment": ""}, {"id": 50, "group": "meaning", "startSelection": 884, "endSelection": 1189, "type": "ПРИМЕР", "subtype": "", "explanation": "", "correction": "", "tag": "", "comment": ""}, {"id": 51, "group": "meaning", "startSelection": 1190, "endSelection": 1360, "type": "ПОЗИЦИЯ", "subtype": "", "explanation": "", "correction": "", "tag": "", "comment": ""}, {"id": 52, "group": "meaning", "startSelection": 1361, "endSelection": 2408, "type": "ПОЗИЦИЯ", "subtype": "", "explanation": "", "correction": "", "tag": "", "comment": ""}, {"id": 53, "group": "meaning", "startSelection": 2409, "endSelection": 3106, "type": "ПОЯСНЕНИЕ", "subtype": "", "explanation": "", "correction": "", "tag": "", "comment": ""}, {"id": 54, "group": "meaning", "startSelection": 3107, "endSelection": 3358, "type": "ОТНОШЕНИЕ", "subtype": "", "explanation": "", "correction": "", "tag": "", "comment": ""}]}