{"meta": {"uuid": "b4198b9f-4ffe-4c85-a70b-1bb9bce0e3a9", "id": "0000703", "name": "0000703_ru_rus_problema_postijeniya_chelovekom_prekrasnogo_noexp.txt", "subject": "rus", "test": "егэ тренировка", "category": "", "year": 2017, "class": "11", "theme": "Проблема постижения человеком прекрасного (по тексту В. Солоухина)", "taskText": "С удивлением смотрю я на толпы туристов, поспешно и в тесноте пробегающих по залам картинной галереи. Что же можно увидеть, что же можно постичь? Названия картин? Рамы? Внешний сюжет?\nСуриков часами сидел в одиночестве перед грандиозным полотном А. Иванова в Третьяковской галерее. Павел Дмитриевич Корин проводил в неподвижности часы перед полотнами Сурикова, в частности перед «Боярыней Морозовой», а также перед мастерами Возрождения Италии.\nОднажды, будучи еще студентами, мы с товарищем (теперь известным писателем) провели эксперимент, уговорились и простояли полдня перед картиной Левитана «Над вечным покоем», хоть и до этого знали ее наизусть. В конце концов я почувствовал в себе поднимающуюся волну тревоги, любви, тоски, безотчетной готовности к любому свершению. В это время товарищ повернулся ко мне, и я увидел в его глазах слезы. А сколько раз до этого останавливались перед картиной, говорили: «Да, здорово»— и бежали дальше?\nСергей Никитин, писатель, живший во Владимире, рассказывал мне о его, так сказать, отношениях со знаменитой церковкой Покрова на Нерли. «Первый раз мы приехали к ней человек пять: Сергей Ларин, Никифоров, другие наши писатели. Расположились на травке, отдохнули. Ну, друзья, поглядели, хватит, поехали домой. Поставили галочку в уме: видели Покров на Нерли. А теперь я приезжаю один. Посидишь часа три-четыре напротив нее на бережке, чтобы и отражение ее тоже видеть, и словно светлой водой омоешься. Я постепенно к этому Пришел, а сперва все наскоком. Привезешь гостя какого-нибудь показать, обойдем вокруг нее с разных сторон, взглянем, и делать больше нечего — обратно в город. А теперь как на свидание к ней езжу, когда на душе тяжело или тревога какая, или неудача..."}, "text": "Какое влияние оказывает на человека искусство, архитектура, живопись? Как люди относятся к культурному наследию ? Можем ли мы понять то, что заложено в произведениях искусства их создателями? Именно проблема постижения человеком прекрасного привлекла внимание автора данного текста.\nПроблема, поднятая В.Солоухиным очень актуальна в современном мире. Художник слова размышляет о восприятии человеком искусства. Он пишет про толпы туристов, «поспешно и в тесноте пробегающих по залам картинной галереи», эти люди видят только оболочку картин, внешний сюжет. Не случайно В.Солоухин в качестве примера рассказывает нам историю, произошедшую с ним. Автор очень ярко описывает то, как повлияла на его чувства картина Левитана «Над вечным покоем», перед которой он простоял полдня, успел проникнуться ею: «В конце концов я почувствовал в себе поднимающуюся волну тревоги, любви, тоски...».\nПозиция В.Солоухина однозначна и выражена довольно чётко. Автор считает, что, для того, чтобы постичь прекрасное, то, что когда –то было создано руками великих творцов, открыть для себя их душу, человеку нужно время, он должен обрести спокойствие, умиротворение.\nНевозможно не согласиться с позицией автора, действительно, в нашем беспокойном мире люди очень мало времени уделяют духовной жизни. Они ходят в театры, на выставки только для того, чтобы казаться культурными, но не понимают всю красоту искусства, его внутренние составляющие. Ведь для этого мы должны забыть обо всех проблемах и сосредоточиться, забыться. Часто произведения искусства помогают нам осмыслить жизнь, очистить душу.\nПодтверждением моем мысли может служить повесть Александра Ивановича Куприна «Гранатовый браслет». Героиня данного произведения Вера Шеина под звуки Второй сонаты Бетховена испытывает душевное очищение после пережитых ею тяжёлых минут жизни. Волшебные звуки рояля помогли ей обрести внутреннюю гармонию, равновесие, найти силы, обрести смысл дальнейшей жизни.\nПриведу другой пример, так, в книге Д.С. Лихачёва «Письма о добром и вечном» есть статья «Понимать искусство», в которой учёный пишет, что те люди, которые понимают искусство, становятся нравственно лучше, счастливее, добрее. Также Дмитрий Сергеевич уверен, что условиями его понимания является искренность, открытость к восприятию. Чтобы достигнуть желаемого, человек должен преодолеть самого себя, ведь этому нужно учиться долго, всю свою жизнь.\nИтак, текст В.Солоухина ещё раз заставил меня убедиться в том, что способность человека к постижению прекрасного помогает жить в гармонии с собой, со своей душой. Искусство оказывает сильнейшее влияние на наши эмоции и чувства, если мы умеем проникнуться им.", "fileName": "0000703.json", "selections": [{"id": 0, "group": "error", "startSelection": 414, "endSelection": 429, "explanation": "После этого глагола лучше употребить выражение с предлогом \"о\",  так как дополнение в винительном падеже с предлогом \"про\" придаёт тексту  разговорный характер.", "tag": "RAZG.doc -41378708", "type": "А.лекс", "subtype": "конт", "comment": "", "correction": ""}, {"id": 1, "group": "error", "startSelection": 483, "endSelection": 492, "explanation": "Повторение одинаковых и однокоренных слов.", "tag": "", "type": "Р.тавт", "subtype": "", "comment": "", "correction": ""}, {"id": 2, "group": "error", "startSelection": 534, "endSelection": 540, "explanation": "Повторение одинаковых и однокоренных слов.", "tag": "", "type": "Р.тавт", "subtype": "", "comment": "", "correction": ""}, {"id": 3, "group": "error", "startSelection": 742, "endSelection": 747, "explanation": "Предлог {\"перед\"} не связан с существительным или местоимением.", "tag": "message.txt: 2:3", "type": "А.лекс", "subtype": "конт", "comment": "", "correction": ""}, {"id": 4, "group": "error", "startSelection": 704, "endSelection": 711, "explanation": "Повторение одинаковых и однокоренных слов.", "tag": "", "type": "Р.тавт", "subtype": "", "comment": "", "correction": ""}, {"id": 5, "group": "error", "startSelection": 1012, "endSelection": 1014, "explanation": "Не хватает пробела.", "tag": "message.txt: 4:0", "type": "А.лекс", "subtype": "конт", "comment": "", "correction": "- т"}, {"id": 6, "group": "error", "startSelection": 1094, "endSelection": 1099, "explanation": "Повторение одного и того же слова в разных формах.", "tag": "", "type": "Р.повтор", "subtype": "", "comment": "", "correction": ""}, {"id": 7, "group": "error", "startSelection": 1161, "endSelection": 1183, "explanation": "С позицией нельзя согласиться или не согласиться, на неё можно встать. Согласиться можно с мнением, суждением, предложением и т.п.", "tag": "Lexerr.doc 9453149", "type": "А.лекс", "subtype": "конт", "comment": "", "correction": ""}, {"id": 8, "group": "error", "startSelection": 1248, "endSelection": 1255, "explanation": "Повторение одного и того же слова в разных формах.", "tag": "", "type": "Р.повтор", "subtype": "", "comment": "", "correction": ""}, {"id": 9, "group": "error", "startSelection": 1449, "endSelection": 1455, "explanation": "Повторение однокоренных слов.", "tag": "", "type": "Р.тавт", "subtype": "", "comment": "", "correction": ""}, {"id": 10, "group": "error", "startSelection": 1494, "endSelection": 1502, "explanation": "Повторение однокоренных слов.", "tag": "", "type": "Р.тавт", "subtype": "", "comment": "", "correction": ""}, {"id": 11, "group": "error", "startSelection": 1533, "endSelection": 1541, "explanation": "Повторение однокоренных слов.", "tag": "", "type": "Р.тавт", "subtype": "", "comment": "", "correction": ""}, {"id": 12, "group": "error", "startSelection": 1556, "endSelection": 1561, "explanation": "Повторение одинаковых и однокоренных слов.", "tag": "", "type": "Р.тавт", "subtype": "", "comment": "", "correction": ""}, {"id": 13, "group": "error", "startSelection": 1593, "endSelection": 1597, "explanation": "Нет предлога перед существительным {\"моем\"}, находящимся в предложном падеже. Возможно, потерян предлог или имеется ошибка в окончании.", "tag": "message.txt: 2:5", "type": "А.лекс", "subtype": "конт", "comment": "", "correction": ""}, {"id": 14, "group": "error", "startSelection": 1604, "endSelection": 1609, "explanation": "Повторение однокоренных слов.", "tag": "", "type": "Р.тавт", "subtype": "", "comment": "", "correction": ""}, {"id": 15, "group": "error", "startSelection": 1721, "endSelection": 1726, "explanation": "Повторение одного и того же слова.", "tag": "", "type": "Р.повтор", "subtype": "", "comment": "", "correction": ""}, {"id": 16, "group": "error", "startSelection": 1786, "endSelection": 1795, "explanation": "Повторение одинаковых и однокоренных слов.", "tag": "", "type": "Р.тавт", "subtype": "", "comment": "", "correction": ""}, {"id": 17, "group": "error", "startSelection": 1813, "endSelection": 1818, "explanation": "Повторение одинаковых и однокоренных слов.", "tag": "", "type": "Р.повтор", "subtype": "", "comment": "", "correction": ""}, {"id": 18, "group": "error", "startSelection": 1830, "endSelection": 1835, "explanation": "Повторение одного и того же слова.", "tag": "", "type": "Р.повтор", "subtype": "", "comment": "", "correction": ""}, {"id": 19, "group": "error", "startSelection": 1842, "endSelection": 1849, "explanation": "Повторение однокоренных слов.", "tag": "", "type": "Р.тавт", "subtype": "", "comment": "", "correction": ""}, {"id": 20, "group": "error", "startSelection": 1853, "endSelection": 1860, "explanation": "Повторение одного и того же слова.", "tag": "", "type": "Р.повтор", "subtype": "", "comment": "", "correction": ""}, {"id": 21, "group": "error", "startSelection": 1906, "endSelection": 1913, "explanation": "Повторение одного и того же слова.", "tag": "", "type": "Р.повтор", "subtype": "", "comment": "", "correction": ""}, {"id": 22, "group": "error", "startSelection": 1931, "endSelection": 1936, "explanation": "Повторение одинаковых и однокоренных слов.", "tag": "", "type": "Р.повтор", "subtype": "", "comment": "", "correction": ""}, {"id": 23, "group": "error", "startSelection": 2374, "endSelection": 2384, "explanation": "Слово «свой» применительно к жизни часто избыточно, поскольку жизнь у человека всегда «своя».", "tag": "", "type": "Р.ЛИШН", "subtype": "лишн", "comment": "", "correction": ""}, {"id": 25, "group": "meaning", "startSelection": 192, "endSelection": 282, "type": "ПРОБЛЕМА", "subtype": "", "explanation": "", "correction": "", "tag": "", "comment": ""}, {"id": 26, "group": "meaning", "startSelection": 283, "endSelection": 883, "type": "ПРИМЕР", "subtype": "", "explanation": "", "correction": "", "tag": "", "comment": ""}, {"id": 27, "group": "meaning", "startSelection": 884, "endSelection": 1146, "type": "ПОЗИЦИЯ", "subtype": "", "explanation": "", "correction": "", "tag": "", "comment": ""}, {"id": 28, "group": "meaning", "startSelection": 1147, "endSelection": 2385, "type": "ОТНОШЕНИЕ", "subtype": "", "explanation": "", "correction": "", "tag": "", "comment": ""}]}