{"meta": {"uuid": "c835568e-4be0-4e09-a43d-a6d09603cb56", "id": "0000156", "name": "0000156_ru_rus_problema_proyavleniya_chestolyubiya_noexp.txt", "subject": "rus", "test": "егэ тренировка", "category": "", "year": 2020, "class": "11", "theme": "Проблема проявления честолюбия (по тексту А.П. Чехова)", "taskText": "Учитель военной прогимназии, коллежский регистратор Лев Пустяков, обитал рядом с другом своим, поручиком Леденцовым. К последнему он и направил свои стопы в новогоднее утро.\n— Видишь ли, в чем дело, Гриша, — сказал он поручику после обычного поздравления с Новым годом. — Я не стал бы тебя беспокоить, если бы не крайняя надобность. Одолжи мне, голубчик, на сегодняшний день твоего Станислава. Сегодня, видишь ли, я обедаю у купца Спичкина. А ты знаешь этого подлеца Спичкина: он страшно любит ордена и чуть ли не мерзавцами считает тех, у кого не болтается что-нибудь на шее или в петлице. И к тому же у него две дочери... Настя, знаешь, и Зина... Говорю, как другу... Ты меня понимаешь, милый мой. Дай, сделай милость!\nВсё это проговорил Пустяков заикаясь, краснея и робко оглядываясь на дверь. Поручик выругался, но согласился.\nВ два часа пополудни Пустяков ехал на извозчике к Спичкиным и, распахнувши чуточку шубу, глядел себе на грудь. На груди сверкал золотом и отливал эмалью чужой Станислав.\n«Как-то и уважения к себе больше чувствуешь! — думал учитель, покрякивая. — Маленькая штучка, рублей пять, не больше стоит, а какой фурор производит!»\nПодъехав к дому Спичкина, он распахнул шубу и стал медленно расплачиваться с извозчиком. Извозчик, как показалось ему, увидев его погоны, пуговицы и Станислава, окаменел. Пустяков самодовольно кашлянул и вошел в дом. Снимая в передней шубу, он заглянул в залу. Там за длинным обеденным столом сидели уже человек пятнадцать и обедали. Слышался говор и звяканье посуды.\n— Кто это там звонит? — послышался голос хозяина. — Ба, Лев Николаич! Милости просим. Немножко опоздали, но это не беда... Сейчас только сели.\nПустяков выставил вперед грудь, поднял голову и, потирая руки, вошел в залу. Но тут он увидел нечто ужасное. За столом, рядом с Зиной, сидел его товарищ по службе, учитель французского языка Трамблян. Показать французу орден — значило бы вызвать массу самых неприятных вопросов, значило бы осрамиться навеки, обесславиться... Первою мыслью Пустякова было сорвать орден или бежать назад; но орден был крепко пришит, и отступление было уже невозможно. Быстро прикрыв правой рукой орден, он сгорбился, неловко отдал общий поклон и, никому не подавая руки, тяжело опустился на свободный стул, как раз против сослуживца-француза.\n«Выпивши, должно быть!» — подумал Спичкин, поглядев па его сконфуженное лицо.\nПеред Пустяковым поставили тарелку супу. Он взял левой рукой ложку, но, вспомнив, что левой рукой не подобает есть в благоустроенном обществе, заявил, что он уже отобедал и есть не хочет.\n— Я уже покушал-с... Мерси-с... — пробормотал он. — Был я с визитом у дяди, протоиерея Елеева, и он упросил меня... тово... пообедать.\nДуша Пустякова наполнилась щемящей тоской и злобствующей досадой: суп издавал вкусный запах, а от паровой осетрины шел необыкновенно аппетитный дымок. Учитель попробовал освободить правую руку и прикрыть орден левой, но это оказалось неудобным.\n«Заметят... И через всю грудь рука будет протянута, точно петь собираюсь. Господи, хоть бы скорее обед кончился! В трактире ужо пообедаю!»\nПосле третьего блюда он робко, одним глазком поглядел на француза. Трамблян, почему-то сильно сконфуженный, глядел на него и тоже ничего не ел. Поглядев друг на друга, оба еще более сконфузились и опустили глаза в пустые тарелки.\n«Заметил, подлец! — подумал Пустяков. — По роже вижу, что заметил! А он, мерзавец, кляузник. Завтра же донесет директору!»\nСъели хозяева и гости четвертое блюдо, съели, волею судеб, и пятое...\nПоднялся какой-то высокий господин с широкими волосистыми ноздрями, горбатым носом и от природы прищуренными глазами. Он погладил себя по голове и провозгласил:\n— Э-э-э... эп... эп... эпредлагаю эвыпить за процветание сидящих здесь дам!\nОбедающие шумно поднялись и взялись за бокалы. Громкое «ура» пронеслось по всем комнатам. Дамы заулыбались и потянулись чокаться. Пустяков поднялся и взял свою рюмку в левую руку.\n— Лев Николаич, потрудитесь передать этот бокал Настасье Тимофеевне! — обратился к нему какой-то мужчина, подавая бокал. — Заставьте ее выпить!\nНа этот раз Пустяков, к великому своему ужасу, должен был пустить в дело и правую руку. Станислав с помятой красной ленточкой увидел наконец свет и засиял. Учитель побледнел, опустил голову и робко поглядел в сторону француза. Тот глядел на него удивленными, вопрошающими глазами. Губы его хитро улыбались и с лица медленно сползал конфуз...\n— Юлий Августович! — обратился к французу хозяин. — Передайте бутылочку по принадлежности!\nТрамблян нерешительно протянул правую руку к бутылке и... о, счастье! Пустяков увидал на его груди орден. И то был не Станислав, а целая Анна! Значит, и француз сжульничал! Пустяков засмеялся от удовольствия, сел на стул и развалился... Теперь уже не было надобности скрывать Станислава! Оба грешны одним грехом, и некому, стало быть, доносить и бесславить...\n— А-а-а... гм!.. — промычал Спичкин, увидев на груди учителя орден.\n— Да-с! — сказал Пустяков. — Удивительное дело, Юлий Августович! Как было мало у нас перед праздниками представлений! Сколько у нас народу, а получили только вы да я! Уди-ви-тель-ное дело!\nТрамблян весело закивал головой и выставил вперед левый лацкан, на котором красовалась Анна 3-й степени.\nПосле обеда Пустяков ходил по всем комнатам и показывал барышням орден. На душе у него было легко, вольготно, хотя и пощипывал под ложечкой голод.\n«Знай я такую штуку, — думал он, завистливо поглядывая на Трамбляна, беседовавшего со Спичкиным об орденах, — я бы Владимира нацепил. Эх, не догадался!»\nТолько эта одна мысль и помучивала его. В остальном же он был совершенно счастлив."}, "text": "Автор приведённого текста поднимает проблему проявления честолюбия, а также цены средств, используемых для того, чтобы добиться уважения окружающих.\nПознакомившись с главным героем отрывка, учителем военной прогимназии Львом Пустяковым, мы понимаем, что мотивом его последующих действий является желание произвести впечатление на гостей обеда, на который он был приглашен. За неимением настоящих заслуг герою ничего не оставалось, кроме как попросить медаль у приятеля, присвоив себе его заслугу. Истинный человек чести, даже поступив подобным образом, стал бы испытывать угрызения совести, стыд, ощущал бы неловкость собственного положения. Но какие изменения мы можем наблюдать в поведении Пустякова? «Подъехав к дому Спичкина, он распахнул шубу и стал медленно расплачиваться с извозчиком», из чего можно сделать вывод, что герой, обратно ожиданиям, чувствует гордость за проявленную им находчивость и смекалку. В следующем эпизоде читатель также может наблюдать отсутствие у героя переживаний относительно моральной составляющей его поступка: «Пустяков выставил вперед грудь, поднял голову и, потирая руки, вошел в залу». Этот пример иллюстрирует непоколебимость героя в борьбе за уважение присутствующих. Но можно ли предположить, что герой не подозревает о безнравственности его действий или считает подобное поведение нормальным? Вряд ли. К такому выводу можно прийти, если обратить внимание на следующие примеры: еще в начале отрывка мы наблюдаем картину унизительного для Пустякова прошения медали, где автор отмечает, что «всё это проговорил Пустяков, заикаясь, краснея и робко оглядываясь на дверь», а после, уже на обеде, мы становимся свидетелями мимолётно посетившего героя чувства стыда («Учитель побледнел, опустил голову и робко поглядел в сторону француза»). Из вышеперечисленных событий становится ясно, что Пустяков не лишен совести. Почему же тогда он действует вопреки всем понятиям о достоинстве? Приведённые примеры, дополняя друг друга, дают нам понять, что в погоне за общественным одобрением герой вступает в сделку со своей совестью, так как является человеком тщеславным и честолюбивым.\nАвторское мнение о поставленной проблеме не очевидно, однако прослеживается в эпитетах, употребляемых Чеховым в отношении Пустякова. Так, например, в следующем примере прослеживается авторская насмешка над размышлениями героя: «Знай я такую штуку, — думал он [Пустяков], завистливо поглядывая на Трамбляна, беседовавшего со Спичкиным об орденах, — я бы Владимира нацепил. Эх, не догадался!» Мы можем заметить иронию, с которой автор говорит о недостаточной хитрости героя. Подкрепляет догадки об осуждении поведения Пустякова автором и сама фамилия героя, отражающая никчемность персонажа, отсутствие реальных заслуг и оттого смешное высокомерие, с которым Пустяков не расстаётся на протяжении всего отрывка. В результате автор приходит к выводу о том, что, несмотря на самодовольство героя и, казалось бы, успешный финал, честолюбие сложно отнести к положительным чертам личности, поскольку в данном случае оно граничит с обманом.\nЯ придерживаюсь точки зрения автора и считаю, что уважение к себе нужно заслужить реальными делами и поступками, и уж точно не пятирублевыми медалями и ложью. Нездоровое тщеславие может повлечь за собой неожиданные последствия для окружающих, как, например, в романе Ф. М. Достовеского «Преступление и наказание». Нельзя однозначно плохо охарактеризовать главного героя, Раскольникова. Он представляется нам добрым, гуманным, болезненно переживающим несправедливости человеком, но он также не был лишен честолюбия. Это наиболее ярко проявлялось в вопросе героя самому себе: «Тварь ли я дрожащая или право имею?» И, причислив себя к людям необыкновенным и исключительным, Раскольников оказался способен на убийство, совершенное в том числе для подтверждения собственного превосходства над жадной, алчной старухой, а в её лице над «дрожащими тварями». Раскольникова от Пустякова отличают нравственные страдания, переживаемые первым с момента убийства, после чего Родион был вынужден отказаться от своих наполеоновских мечтаний. Таким образом,\nчестолюбие зачастую играет с человеком злую шутку, заставляя его напрочь забыть о морали.\nРазмышляя над всем вышеизложенным, можно сделать вывод о том, что здоровое честолюбие не может помешать человеку, однако крайне сложно удержать баланс между честолюбием и тщеславием.", "fileName": "0000156.json", "selections": [{"id": 0, "group": "error", "startSelection": 26, "endSelection": 44, "explanation": "Проблему можно «поставить», «выдвинуть», «обозначить» или «рассмотреть», но лучше ее не «поднимать».", "tag": "", "type": "Р.СОЧЕТ", "subtype": null, "comment": "", "correction": ""}, {"id": 1, "group": "error", "startSelection": 76, "endSelection": 88, "explanation": "Вероятно, слово «средства» здесь лишнее.", "tag": "", "type": "Р.СОЧЕТ", "subtype": null, "comment": "", "correction": ""}, {"id": 2, "group": "error", "startSelection": 76, "endSelection": 80, "explanation": "", "tag": "REPLACE_цена_стоимость", "type": "А.лекс", "subtype": "конт", "comment": "", "correction": "стоимости"}, {"id": 3, "group": "error", "startSelection": 225, "endSelection": 235, "explanation": "Разговорное выражение, придающее тексту непринуждённый характер.", "tag": "RAZG.doc 3397bbdf0", "type": "А.лекс", "subtype": "конт", "comment": "", "correction": ""}, {"id": 4, "group": "error", "startSelection": 470, "endSelection": 495, "explanation": "Слово «заслуги» легко употребляется во множественном числе и крайне неохотно — в единственном. Даже если речь идет о конкретной «заслуге», лучше сказать «заслуги».", "tag": "", "type": "Г.СЛОВ", "subtype": null, "comment": "", "correction": ""}, {"id": 5, "group": "error", "startSelection": 692, "endSelection": 701, "explanation": "Нет существительных, согласующихся с прилагательным {\"Пустякова\"}.", "tag": "message.txt: 2:3", "type": "А.лекс", "subtype": "конт", "comment": "", "correction": ""}, {"id": 6, "group": "error", "startSelection": 692, "endSelection": 701, "explanation": "Разговорное выражение, придающее тексту непринуждённый характер.", "tag": "RAZG.doc 3397bbdf0", "type": "А.лекс", "subtype": "конт", "comment": "", "correction": ""}, {"id": 7, "group": "error", "startSelection": 834, "endSelection": 851, "explanation": "Скорее всего, здесь искажено устойчивое выражение «вопреки ожиданиям».", "tag": "", "type": "Р.СОЧЕТ", "subtype": null, "comment": "", "correction": ""}, {"id": 8, "group": "error", "startSelection": 985, "endSelection": 1009, "explanation": "Переживания могут быть «из-за» или «по поводу чего-то», но не «относительно чего-то».", "tag": "", "type": "Р.СОЧЕТ", "subtype": null, "comment": "", "correction": ""}, {"id": 9, "group": "error", "startSelection": 1048, "endSelection": 1056, "explanation": "Разговорное выражение, придающее тексту непринуждённый характер.", "tag": "RAZG.doc b4eb75de0", "type": "А.лекс", "subtype": "конт", "comment": "", "correction": ""}, {"id": 10, "group": "error", "startSelection": 1249, "endSelection": 1280, "explanation": "Вероятно, глагол «подозревать» употреблён здесь вместо «догадываться»: «догадываться о чём-либо».", "tag": "", "type": "Г.УПР", "subtype": null, "comment": "", "correction": ""}, {"id": 11, "group": "error", "startSelection": 1345, "endSelection": 1764, "explanation": "Возможно, поставлена лишняя открывающая круглая скобка. Проверьте правильность расстановки скобок.", "tag": "message.txt: 3:10", "type": "А.лекс", "subtype": "конт", "comment": "", "correction": ""}, {"id": 12, "group": "error", "startSelection": 1345, "endSelection": 1764, "explanation": "Слишком длинное предложение для грамматического разбора. Вероятно, оно трудно и для восприятия. Попробуйте разбить его на несколько более коротких.", "tag": "message.txt: 0:0", "type": "А.лекс", "subtype": "конт", "comment": "", "correction": ""}, {"id": 13, "group": "error", "startSelection": 1477, "endSelection": 1480, "explanation": "Предлог {\"для\"} не связан со словом {\"Пустякова\"}.", "tag": "message.txt: 2:3", "type": "А.лекс", "subtype": "конт", "comment": "", "correction": ""}, {"id": 14, "group": "error", "startSelection": 1481, "endSelection": 1490, "explanation": "Предлог {\"для\"} не связан со словом {\"Пустякова\"}.", "tag": "message.txt: 2:3", "type": "А.лекс", "subtype": "конт", "comment": "", "correction": ""}, {"id": 15, "group": "error", "startSelection": 1481, "endSelection": 1490, "explanation": "Разговорное выражение, придающее тексту непринуждённый характер.", "tag": "RAZG.doc 3397bbdf0", "type": "А.лекс", "subtype": "конт", "comment": "", "correction": ""}, {"id": 16, "group": "error", "startSelection": 1491, "endSelection": 1499, "explanation": "Устаревшее слово. В современном тексте оно имеет архаический характер.", "tag": "Ustar.doc -1291608899", "type": "А.лекс", "subtype": "конт", "comment": "", "correction": ""}, {"id": 17, "group": "error", "startSelection": 1552, "endSelection": 1560, "explanation": "Разговорное выражение, придающее тексту непринуждённый характер.", "tag": "RAZG.doc b4eb75de0", "type": "А.лекс", "subtype": "конт", "comment": "", "correction": ""}, {"id": 18, "group": "error", "startSelection": 1637, "endSelection": 1647, "explanation": "Повторение одного и того же слова в разных формах.", "tag": "", "type": "Р.повтор", "subtype": "", "comment": "", "correction": ""}, {"id": 19, "group": "error", "startSelection": 1777, "endSelection": 1821, "explanation": "", "tag": "", "type": "Р.СОЧЕТ", "subtype": null, "comment": "", "correction": ""}, {"id": 20, "group": "error", "startSelection": 1827, "endSelection": 1835, "explanation": "Разговорное выражение, придающее тексту непринуждённый характер.", "tag": "RAZG.doc b4eb75de0", "type": "А.лекс", "subtype": "конт", "comment": "", "correction": ""}, {"id": 21, "group": "error", "startSelection": 1839, "endSelection": 1844, "explanation": "Нет существительных, согласующихся с причастием {\"лишен\"}.", "tag": "message.txt: 2:3", "type": "А.лекс", "subtype": "конт", "comment": "", "correction": ""}, {"id": 22, "group": "error", "startSelection": 1806, "endSelection": 1816, "explanation": "Повторение одного и того же слова в разных формах.", "tag": "", "type": "Р.повтор", "subtype": "", "comment": "", "correction": ""}, {"id": 23, "group": "error", "startSelection": 1896, "endSelection": 1904, "explanation": "Повторение однокоренных слов.", "tag": "", "type": "Р.тавт", "subtype": "", "comment": "", "correction": ""}, {"id": 24, "group": "error", "startSelection": 1971, "endSelection": 1977, "explanation": "Повторение однокоренных слов.", "tag": "", "type": "Р.тавт", "subtype": "", "comment": "", "correction": ""}, {"id": 25, "group": "error", "startSelection": 2238, "endSelection": 2247, "explanation": "Нет существительных, согласующихся с прилагательным {\"Пустякова\"}.", "tag": "message.txt: 2:3", "type": "А.лекс", "subtype": "конт", "comment": "", "correction": ""}, {"id": 26, "group": "error", "startSelection": 2238, "endSelection": 2247, "explanation": "Разговорное выражение, придающее тексту непринуждённый характер.", "tag": "RAZG.doc 3397bbdf0", "type": "А.лекс", "subtype": "конт", "comment": "", "correction": ""}, {"id": 27, "group": "error", "startSelection": 2177, "endSelection": 2191, "explanation": "Повторение одного и того же слова.", "tag": "", "type": "Р.повтор", "subtype": "", "comment": "", "correction": ""}, {"id": 28, "group": "error", "startSelection": 2254, "endSelection": 2283, "explanation": "Слова «например» и «пример» однокоренные и близки по смыслу, поэтому их столкновение в тексте нежелательно.", "tag": "", "type": "Р.ТАВТ", "subtype": null, "comment": "", "correction": ""}, {"id": 29, "group": "error", "startSelection": 2376, "endSelection": 2384, "explanation": "Разговорное выражение, придающее тексту непринуждённый характер.", "tag": "RAZG.doc b4eb75de0", "type": "А.лекс", "subtype": "конт", "comment": "", "correction": ""}, {"id": 30, "group": "error", "startSelection": 2284, "endSelection": 2298, "explanation": "Повторение одного и того же слова.", "tag": "", "type": "Р.повтор", "subtype": "", "comment": "", "correction": ""}, {"id": 31, "group": "error", "startSelection": 2488, "endSelection": 2490, "explanation": "Слово с ярко выраженной экспрессивной окраской.", "tag": "EXPRES.doc 2806855d2", "type": "А.лекс", "subtype": "конт", "comment": "", "correction": ""}, {"id": 32, "group": "error", "startSelection": 2559, "endSelection": 2581, "explanation": "Хитрость — качество скорее отрицательное, поэтому, оценивая ее как «недостаточную» («ниже нормы»), мы как бы признаемся в дурных намерениях —  осбенно если не уточняется, для чего именно не хватает хитрости.", "tag": "", "type": "Р.СОЧЕТ", "subtype": null, "comment": "", "correction": ""}, {"id": 33, "group": "error", "startSelection": 2632, "endSelection": 2641, "explanation": "Разговорное выражение, придающее тексту непринуждённый характер.", "tag": "RAZG.doc 3397bbdf0", "type": "А.лекс", "subtype": "конт", "comment": "", "correction": ""}, {"id": 34, "group": "error", "startSelection": 2683, "endSelection": 2694, "explanation": "Разговорное выражение, придающее тексту непринуждённый характер.", "tag": "RAZG.doc -1605467754", "type": "А.лекс", "subtype": "конт", "comment": "", "correction": ""}, {"id": 35, "group": "error", "startSelection": 2773, "endSelection": 2781, "explanation": "Разговорное выражение, придающее тексту непринуждённый характер.", "tag": "RAZG.doc b4eb75de0", "type": "А.лекс", "subtype": "конт", "comment": "", "correction": ""}, {"id": 36, "group": "error", "startSelection": 2950, "endSelection": 2956, "explanation": "Повторение однокоренных слов.", "tag": "", "type": "Р.тавт", "subtype": "", "comment": "", "correction": ""}, {"id": 37, "group": "error", "startSelection": 2967, "endSelection": 2980, "explanation": "Повторение однокоренных слов.", "tag": "", "type": "Р.тавт", "subtype": "", "comment": "", "correction": ""}, {"id": 38, "group": "error", "startSelection": 3109, "endSelection": 3113, "explanation": "Повторение одного и того же слова в разных формах.", "tag": "", "type": "Р.повтор", "subtype": "", "comment": "", "correction": ""}, {"id": 39, "group": "error", "startSelection": 3245, "endSelection": 3250, "explanation": "Повторение одного и того же слова в разных формах.", "tag": "", "type": "Р.повтор", "subtype": "", "comment": "", "correction": ""}, {"id": 40, "group": "error", "startSelection": 3595, "endSelection": 3620, "explanation": "Для указания на адресата вопроса лучше использовать дательный падеж с предлогом «к»: «задать вопрос кому-либо», но «вопрос к кому-либо».", "tag": "", "type": "Г.УПР", "subtype": null, "comment": "", "correction": ""}, {"id": 41, "group": "error", "startSelection": 3616, "endSelection": 3620, "explanation": "Повторение одного и того же слова в разных формах.", "tag": "", "type": "Р.повтор", "subtype": "", "comment": "", "correction": ""}, {"id": 42, "group": "error", "startSelection": 3719, "endSelection": 3731, "explanation": "Устаревшее слово. В современном тексте оно имеет архаический характер.", "tag": "Ustar.doc -378524832", "type": "А.лекс", "subtype": "конт", "comment": "", "correction": ""}, {"id": 43, "group": "error", "startSelection": 3663, "endSelection": 3672, "explanation": "Повторение однокоренных слов.", "tag": "", "type": "Р.тавт", "subtype": "", "comment": "", "correction": ""}, {"id": 44, "group": "error", "startSelection": 3673, "endSelection": 3677, "explanation": "Повторение одного и того же слова в разных формах.", "tag": "", "type": "Р.повтор", "subtype": "", "comment": "", "correction": ""}, {"id": 45, "group": "error", "startSelection": 3781, "endSelection": 3786, "explanation": "Повторение однокоренных слов.", "tag": "", "type": "Р.тавт", "subtype": "", "comment": "", "correction": ""}, {"id": 46, "group": "error", "startSelection": 3897, "endSelection": 4073, "explanation": "Возможно, предложение не согласовано.", "tag": "message.txt: 2:3", "type": "А.лекс", "subtype": "конт", "comment": "", "correction": ""}, {"id": 47, "group": "error", "startSelection": 3915, "endSelection": 3924, "explanation": "Разговорное выражение, придающее тексту непринуждённый характер.", "tag": "RAZG.doc 3397bbdf0", "type": "А.лекс", "subtype": "конт", "comment": "", "correction": ""}, {"id": 48, "group": "error", "startSelection": 4154, "endSelection": 4161, "explanation": "Просторечное выражение, не свойственное литературной речи.", "tag": "PROST.doc 1656550588", "type": "А.лекс", "subtype": "конт", "comment": "", "correction": ""}, {"id": 50, "group": "meaning", "startSelection": 0, "endSelection": 148, "type": "ПРОБЛЕМА", "subtype": "", "explanation": "", "correction": "", "tag": "", "comment": ""}, {"id": 51, "group": "meaning", "startSelection": 642, "endSelection": 702, "type": "ПОЯСНЕНИЕ", "subtype": "", "explanation": "", "correction": "", "tag": "", "comment": ""}, {"id": 52, "group": "meaning", "startSelection": 703, "endSelection": 914, "type": "ПРИМЕР", "subtype": "", "explanation": "", "correction": "", "tag": "", "comment": ""}, {"id": 53, "group": "meaning", "startSelection": 915, "endSelection": 1125, "type": "ПРИМЕР", "subtype": "", "explanation": "", "correction": "", "tag": "", "comment": ""}, {"id": 54, "group": "meaning", "startSelection": 1210, "endSelection": 1336, "type": "ПОЯСНЕНИЕ", "subtype": "", "explanation": "", "correction": "", "tag": "", "comment": ""}, {"id": 55, "group": "meaning", "startSelection": 1346, "endSelection": 1776, "type": "ПРИМЕР", "subtype": "", "explanation": "", "correction": "", "tag": "", "comment": ""}, {"id": 56, "group": "meaning", "startSelection": 1854, "endSelection": 1919, "type": "ПОЯСНЕНИЕ", "subtype": "", "explanation": "", "correction": "", "tag": "", "comment": ""}, {"id": 57, "group": "meaning", "startSelection": 1920, "endSelection": 2115, "type": "СВЯЗЬ", "subtype": "", "explanation": "", "correction": "", "tag": "", "comment": ""}, {"id": 58, "group": "meaning", "startSelection": 2116, "endSelection": 2248, "type": "ПОЗИЦИЯ", "subtype": "", "explanation": "", "correction": "", "tag": "", "comment": ""}, {"id": 59, "group": "meaning", "startSelection": 2249, "endSelection": 2506, "type": "ПРИМЕР", "subtype": "", "explanation": "", "correction": "", "tag": "", "comment": ""}, {"id": 60, "group": "meaning", "startSelection": 2507, "endSelection": 3047, "type": "ПОЗИЦИЯ", "subtype": "", "explanation": "", "correction": "", "tag": "", "comment": ""}, {"id": 61, "group": "meaning", "startSelection": 3048, "endSelection": 4178, "type": "ОТНОШЕНИЕ", "subtype": "", "explanation": "", "correction": "", "tag": "", "comment": ""}]}