{"meta": {"uuid": "1069fee2-a458-4233-b2b0-8ea768784dd4", "id": "0000775", "name": "0000775_ru_rus_problema_priobshcheniya_k_knige_noexp.txt", "subject": "rus", "test": "егэ тренировка", "category": "", "year": 2018, "class": "11", "theme": "Проблема приобщения к книге (По тексту Д.К. Орлова)", "taskText": "Толстой вошел в мою жизнь, не представившись. Мы с ним уже активно общались, а я все еще не подозревал, с кем имею дело. Мне было лет одиннадцать-двенадцать, то есть через год-другой после войны, когда маму на лето назначили директором пионерского лагеря. С весны в нашу комнатушку, выходящую в бесконечный коммунальный коридор, стали являться молодые люди того и другого пола - наниматься в пионервожатые и физкультурники. По-нынешнему говоря, мама прямо на дому проводила кастинг. Но дело не в этом. Дело в том, что однажды к нашему дому подвезли на грузовичке и горой вывалили прямо на пол книги - основательно бывшие в употреблении, но весьма разнообразные по тематике. Кто-то заранее побеспокоился, не без маминого, думаю участия, чтобы в будущем пионерлагере была библиотека.\n\"Ваше любимое занятие?.. Рыться в книгах\" - это и про меня. Тогда тоже. Рылся. Пока в один счастливый момент не выудил из этой горы потрепанный кирпичик: тонкая рисовая бумага, еры и яти, обложек нет, первых страниц нет, последних нет. Автор - инкогнито.\nГлаз упал на начало, которое не было началом, а дальше я оторваться от текста не смог. Я вошел в него, как в новый дом, где почему-то все оказалось знакомым - никогда не был, а все узнал. Поразительно! Казалось, неведомый автор давно подсматривал за мной, все обо мне узнал и теперь рассказал - откровенно и по-доброму, чуть ли не по-родственному.\nНаписано было: \"... По тому инстинктивному чувству, которым один человек угадывает мысли другого и которое служит путеводною мыслью разговора, Катенька поняла, что мне больно её равнодушие...\" Но сколько раз и со мной случалось, что и с неведомой Катенькой: в разговоре инстинктивно угадывать \"мысли другого\"! Как точно подмечено...\nИли в другом месте: \"...Глаза наши встретились, и я понял, что он понимает меня и то, что я понимаю, что он понимает меня...\" Опять лучше не скажешь! \"Я понимаю, что он понимает...\"\nИ так на каждой странице. \"В молодости все силы души направлены на будущее... Одни понятные и разделенные мечты о будущем счастье составляют уже истинное счастье этого возраста\". Опять мое! Так и есть: каждый день твоих детства-отрочества, если они нормальны, будто сплавлен с солнцем и светом ожидания, чтобы твое предназначение состоялось.\nНо как выразить вслух это снедающее тебя предчувствие, можно ли передать его словами ? Пока ты мучим неодолимой немотой, этот автор-инкогнито все за тебя успел рассказать. Но кто он был - неведомый автор?\nЧья такая волшебная книга оказалась у меня в руках? Надо ли говорить, что ни в какую пионерскую библиотеку она не поехала - с обглоданными своими началом и концом она осталась у меня лично. Позже я узнал её и в переплете: Л.Н.Толстой. \"Детство\", \"Отрочество\", \"Юность\". Вот так Толстой вошел в мою жизнь, не представившись. Иллюзия узнавания - непременная особенность классических текстов. Они - классики, потому что пишут для всех. Это верно. Но они еще и потому вечные классики, что пишут для каждого. Это верно не менее. Юный простак, я \"купился\" именно на последнее. Эксперимент был проведен чисто: автора скрыли. Магия имени не довлела над восприятием текста. Текст сам отстоял свое величие. Толстовская \"диалектика души\", первым отмеченная нелюбезным Набокову Чернышевским, как шаровая молния в форточку, сияя, влетела в очередное неопознанное читательское сердце."}, "text": "Заслуженный деятель искусств Д.К.Орлов поднимает проблему приобщения к книге.\nД.К.Орлов рассказывает о том, как в его жизни появился Толстой, как в детстве он знакомился с трилогией «Детство. Отрочество. Юность», читая не с начала и не зная, что это произведение великого писателя. Д.К.Орлов описывает детские впечатления о прочитанном. Ему казалось, как будто писатель всё о нём знал и рассказал «откровенно и по-доброму, чуть ли не по-родственному». Всё, что случалось с мальчиком в жизни, то же самое происходило и с героями книги.\nАвтор статьи хотел донести мысль о том, что приобщение к книге через великого классика – удивительный процесс. Л.Н.Толстой восхитил мальчика, потому что всё прочитанное казалось таким близким, родным. «Опять моё!» - так автор выразил своё состояние.\nМеня удивила эта статья. С мыслями автора я согласен. Читая произведение, человек может почувствовать, что то же самое было и с ним. Знакомые чувства, знакомые переживания … Для многих знакомство с великой книгой – счастливое время в их жизни.\nПриобщение к книге происходит у каждого по-разному. Например, писатель А.Т.Твардовский в воспоминаниях о своей заветной книге рассказывает, как отец привёз с рынка сборник стихов Н.А.Некрасова. По этой книге А.Твардовский узнал о писателе, о том, как В.Г.Белинский назвал его «истинным поэтом». Подростка взволновали стихи Некрасова. Ему хотелось стать таким же, как Некрасов. А.Т.Твардовский считал себя счастливым, потому что, благодаря великому поэту, он приобщился к высокой поэзии, а впоследствии поэзия стала смыслом его жизни.\nКак приобщались к книге главный герой повести Б.Васильева «Не стреляйте в белых лебедей» Егор Полушкин и его сын Колька? О книге Ф.Купера «Последний из могикан» отец узнал тогда, когда увидел, как сын плачет после прочтения книги, потому что главного героя убили ножом в спину. Колька удивился, неужели можно в спину. Для него это было подлостью. Когда отец прочитал эту самую толстую книгу в его жизни, он почувствовал, что всё описанное в книге происходило как будто тут, рядом, где они живут. «Хорошая книжка, про добрых мужиков», - такой вывод делает Егор и говорит об этом сыну.\nИтак, как происходит знакомство с книгами и для чего нужно приобщаться к литературе? Общение с писателями - важная составляющая жизни человека. Надо, чтобы это происходило, чтобы душа человека почувствовала душу другого, возможно, родного, близкого, возможно, наоборот. Чтобы «поработала» душа читающего: порадовалась, погрустила, пожалела... Обогащается мир чувств читающего. Так человек познаёт свой внутренний мир.", "fileName": "0000775.json", "selections": [{"id": 0, "group": "error", "startSelection": 39, "endSelection": 57, "explanation": "Проблему можно «поставить», «выдвинуть», «обозначить» или «рассмотреть», но лучше ее не «поднимать».", "tag": "", "type": "Р.СОЧЕТ", "subtype": null, "comment": "", "correction": ""}, {"id": 1, "group": "error", "startSelection": 222, "endSelection": 230, "explanation": "", "tag": "REPLACE_p+n_adv", "type": "А.лекс", "subtype": "конт", "comment": "", "correction": "сначала"}, {"id": 2, "group": "error", "startSelection": 213, "endSelection": 218, "explanation": "Повторение однокоренных слов.", "tag": "", "type": "Р.тавт", "subtype": "", "comment": "", "correction": ""}, {"id": 3, "group": "error", "startSelection": 272, "endSelection": 280, "explanation": "Повторение одинаковых и однокоренных слов.", "tag": "", "type": "Р.тавт", "subtype": "", "comment": "", "correction": ""}, {"id": 4, "group": "error", "startSelection": 324, "endSelection": 335, "explanation": "Нет существительных, согласующихся с причастием {\"прочитанном\"}.", "tag": "message.txt: 2:3", "type": "А.лекс", "subtype": "конт", "comment": "", "correction": ""}, {"id": 5, "group": "error", "startSelection": 292, "endSelection": 301, "explanation": "Повторение одинаковых и однокоренных слов.", "tag": "", "type": "Р.тавт", "subtype": "", "comment": "", "correction": ""}, {"id": 6, "group": "error", "startSelection": 324, "endSelection": 335, "explanation": "Повторение однокоренных слов.", "tag": "", "type": "Р.тавт", "subtype": "", "comment": "", "correction": ""}, {"id": 7, "group": "error", "startSelection": 361, "endSelection": 369, "explanation": "Повторение одинаковых и однокоренных слов.", "tag": "", "type": "Р.тавт", "subtype": "", "comment": "", "correction": ""}, {"id": 8, "group": "error", "startSelection": 528, "endSelection": 533, "explanation": "Повторение одного и того же слова в разных формах.", "tag": "", "type": "Р.повтор", "subtype": "", "comment": "", "correction": ""}, {"id": 9, "group": "error", "startSelection": 592, "endSelection": 597, "explanation": "Повторение одного и того же слова в разных формах.", "tag": "", "type": "Р.повтор", "subtype": "", "comment": "", "correction": ""}, {"id": 10, "group": "error", "startSelection": 873, "endSelection": 886, "explanation": "Повторение однокоренных слов.", "tag": "", "type": "Р.тавт", "subtype": "", "comment": "", "correction": ""}, {"id": 11, "group": "error", "startSelection": 918, "endSelection": 926, "explanation": "Повторение однокоренных слов.", "tag": "", "type": "Р.повтор", "subtype": "", "comment": "", "correction": ""}, {"id": 12, "group": "error", "startSelection": 927, "endSelection": 934, "explanation": "Повторение однокоренных слов.", "tag": "", "type": "Р.тавт", "subtype": "", "comment": "", "correction": ""}, {"id": 13, "group": "error", "startSelection": 936, "endSelection": 944, "explanation": "Повторение однокоренных слов.", "tag": "", "type": "Р.повтор", "subtype": "", "comment": "", "correction": ""}, {"id": 14, "group": "error", "startSelection": 970, "endSelection": 980, "explanation": "", "tag": "REPLACE_n-o_n-a", "type": "А.лекс", "subtype": "конт", "comment": "", "correction": "знакомства"}, {"id": 15, "group": "error", "startSelection": 970, "endSelection": 980, "explanation": "Повторение однокоренных слов.", "tag": "", "type": "Р.тавт", "subtype": "", "comment": "", "correction": ""}, {"id": 16, "group": "error", "startSelection": 991, "endSelection": 997, "explanation": "Повторение одного и того же слова в разных формах.", "tag": "", "type": "Р.повтор", "subtype": "", "comment": "", "correction": ""}, {"id": 17, "group": "error", "startSelection": 1042, "endSelection": 1047, "explanation": "Повторение одного и того же слова в разных формах.", "tag": "", "type": "Р.повтор", "subtype": "", "comment": "", "correction": ""}, {"id": 18, "group": "error", "startSelection": 1149, "endSelection": 1154, "explanation": "Повторение одного и того же слова.", "tag": "", "type": "Р.повтор", "subtype": "", "comment": "", "correction": ""}, {"id": 19, "group": "error", "startSelection": 1231, "endSelection": 1236, "explanation": "Повторение одного и того же слова.", "tag": "", "type": "Р.повтор", "subtype": "", "comment": "", "correction": ""}, {"id": 20, "group": "error", "startSelection": 1477, "endSelection": 1482, "explanation": "Повторение одинаковых и однокоренных слов.", "tag": "", "type": "Р.тавт", "subtype": "", "comment": "", "correction": ""}, {"id": 21, "group": "error", "startSelection": 1508, "endSelection": 1514, "explanation": "Повторение одинаковых и однокоренных слов.", "tag": "", "type": "Р.повтор", "subtype": "", "comment": "", "correction": ""}, {"id": 22, "group": "error", "startSelection": 1531, "endSelection": 1537, "explanation": "Повторение одинаковых и однокоренных слов.", "tag": "", "type": "Р.повтор", "subtype": "", "comment": "", "correction": ""}, {"id": 23, "group": "error", "startSelection": 1552, "endSelection": 1555, "explanation": "Повторение одного и того же слова.", "tag": "", "type": "Р.повтор", "subtype": "", "comment": "", "correction": ""}, {"id": 24, "group": "error", "startSelection": 1581, "endSelection": 1586, "explanation": "Повторение одного и того же слова в разных формах.", "tag": "", "type": "Р.повтор", "subtype": "", "comment": "", "correction": ""}, {"id": 25, "group": "error", "startSelection": 1668, "endSelection": 1671, "explanation": "Повторение одного и того же слова.", "tag": "", "type": "Р.повтор", "subtype": "", "comment": "", "correction": ""}, {"id": 26, "group": "error", "startSelection": 1686, "endSelection": 1691, "explanation": "Повторение одного и того же слова в разных формах.", "tag": "", "type": "Р.повтор", "subtype": "", "comment": "", "correction": ""}, {"id": 27, "group": "error", "startSelection": 1787, "endSelection": 1792, "explanation": "Повторение одного и того же слова в разных формах.", "tag": "", "type": "Р.повтор", "subtype": "", "comment": "", "correction": ""}, {"id": 28, "group": "error", "startSelection": 1834, "endSelection": 1839, "explanation": "Повторение одного и того же слова.", "tag": "", "type": "Р.повтор", "subtype": "", "comment": "", "correction": ""}, {"id": 29, "group": "error", "startSelection": 1874, "endSelection": 1879, "explanation": "Повторение одного и того же слова.", "tag": "", "type": "Р.повтор", "subtype": "", "comment": "", "correction": ""}, {"id": 30, "group": "error", "startSelection": 1948, "endSelection": 1953, "explanation": "Повторение одинаковых и однокоренных слов.", "tag": "", "type": "Р.повтор", "subtype": "", "comment": "", "correction": ""}, {"id": 31, "group": "error", "startSelection": 2004, "endSelection": 2009, "explanation": "Повторение одинаковых и однокоренных слов.", "tag": "", "type": "Р.повтор", "subtype": "", "comment": "", "correction": ""}, {"id": 32, "group": "error", "startSelection": 2068, "endSelection": 2074, "explanation": "Повторение одинаковых и однокоренных слов.", "tag": "", "type": "Р.тавт", "subtype": "", "comment": "", "correction": ""}, {"id": 33, "group": "error", "startSelection": 2181, "endSelection": 2188, "explanation": "Повторение одинаковых и однокоренных слов.", "tag": "", "type": "Р.повтор", "subtype": "", "comment": "", "correction": ""}, {"id": 34, "group": "error", "startSelection": 2206, "endSelection": 2217, "explanation": "Повторение однокоренных слов.", "tag": "", "type": "Р.тавт", "subtype": "", "comment": "", "correction": ""}, {"id": 35, "group": "error", "startSelection": 2232, "endSelection": 2239, "explanation": "Повторение однокоренных слов.", "tag": "", "type": "Р.тавт", "subtype": "", "comment": "", "correction": ""}, {"id": 36, "group": "error", "startSelection": 2281, "endSelection": 2289, "explanation": "Повторение одного и того же слова.", "tag": "", "type": "Р.повтор", "subtype": "", "comment": "", "correction": ""}, {"id": 37, "group": "error", "startSelection": 2290, "endSelection": 2416, "explanation": "Предложение сложно для восприятия, так как перегружено знаками препинания. Попробуйте разбить его на несколько более коротких.", "tag": "message.txt: 3:1", "type": "А.лекс", "subtype": "конт", "comment": "", "correction": ""}, {"id": 38, "group": "error", "startSelection": 2297, "endSelection": 2302, "explanation": "Повторение одного и того же слова.", "tag": "", "type": "Р.повтор", "subtype": "", "comment": "", "correction": ""}, {"id": 39, "group": "error", "startSelection": 2320, "endSelection": 2325, "explanation": "Повторение одного и того же слова.", "tag": "", "type": "Р.повтор", "subtype": "", "comment": "", "correction": ""}, {"id": 40, "group": "error", "startSelection": 2326, "endSelection": 2330, "explanation": "Повторение одного и того же слова в разных формах.", "tag": "", "type": "Р.повтор", "subtype": "", "comment": "", "correction": ""}, {"id": 41, "group": "error", "startSelection": 2331, "endSelection": 2339, "explanation": "Повторение одного и того же слова.", "tag": "", "type": "Р.повтор", "subtype": "", "comment": "", "correction": ""}, {"id": 42, "group": "error", "startSelection": 2354, "endSelection": 2358, "explanation": "Повторение одного и того же слова в разных формах.", "tag": "", "type": "Р.повтор", "subtype": "", "comment": "", "correction": ""}, {"id": 43, "group": "error", "startSelection": 2368, "endSelection": 2376, "explanation": "Повторение одного и того же слова.", "tag": "", "type": "Р.повтор", "subtype": "", "comment": "", "correction": ""}, {"id": 44, "group": "error", "startSelection": 2397, "endSelection": 2405, "explanation": "Повторение одного и того же слова.", "tag": "", "type": "Р.повтор", "subtype": "", "comment": "", "correction": ""}, {"id": 45, "group": "error", "startSelection": 2417, "endSelection": 2422, "explanation": "Повторение одного и того же слова.", "tag": "", "type": "Р.повтор", "subtype": "", "comment": "", "correction": ""}, {"id": 46, "group": "error", "startSelection": 2436, "endSelection": 2440, "explanation": "Повторение одного и того же слова в разных формах.", "tag": "", "type": "Р.повтор", "subtype": "", "comment": "", "correction": ""}, {"id": 47, "group": "error", "startSelection": 2441, "endSelection": 2450, "explanation": "Повторение одного и того же слова.", "tag": "", "type": "Р.повтор", "subtype": "", "comment": "", "correction": ""}, {"id": 48, "group": "error", "startSelection": 2513, "endSelection": 2522, "explanation": "Нет существительных, согласующихся с причастием {\"читающего\"}.", "tag": "message.txt: 2:3", "type": "А.лекс", "subtype": "конт", "comment": "", "correction": ""}, {"id": 49, "group": "error", "startSelection": 2502, "endSelection": 2505, "explanation": "Повторение одного и того же слова.", "tag": "", "type": "Р.повтор", "subtype": "", "comment": "", "correction": ""}, {"id": 50, "group": "error", "startSelection": 2513, "endSelection": 2522, "explanation": "Повторение одного и того же слова.", "tag": "", "type": "Р.повтор", "subtype": "", "comment": "", "correction": ""}, {"id": 51, "group": "error", "startSelection": 2560, "endSelection": 2563, "explanation": "Повторение одного и того же слова.", "tag": "", "type": "Р.повтор", "subtype": "", "comment": "", "correction": ""}, {"id": 53, "group": "meaning", "startSelection": 0, "endSelection": 77, "type": "ПРОБЛЕМА", "subtype": "", "explanation": "", "correction": "", "tag": "", "comment": ""}, {"id": 54, "group": "meaning", "startSelection": 78, "endSelection": 336, "type": "ПРИМЕР", "subtype": "", "explanation": "", "correction": "", "tag": "", "comment": ""}, {"id": 55, "group": "meaning", "startSelection": 337, "endSelection": 534, "type": "ПОЯСНЕНИЕ", "subtype": "", "explanation": "", "correction": "", "tag": "", "comment": ""}, {"id": 56, "group": "meaning", "startSelection": 1029, "endSelection": 1562, "type": "ПРИМЕР", "subtype": "", "explanation": "", "correction": "", "tag": "", "comment": ""}, {"id": 57, "group": "meaning", "startSelection": 1563, "endSelection": 2145, "type": "ПОЯСНЕНИЕ", "subtype": "", "explanation": "", "correction": "", "tag": "", "comment": ""}, {"id": 58, "group": "meaning", "startSelection": 2147, "endSelection": 2564, "type": "ОТНОШЕНИЕ", "subtype": "", "explanation": "", "correction": "", "tag": "", "comment": ""}]}