{"meta": {"uuid": "6f1338b3-4691-4547-8545-0473e96fcdd6", "id": "0000801", "name": "0000801_ru_rus_problema_istoricheskoy_pamyati_noexp.txt", "subject": "rus", "test": "егэ тренировка", "category": "", "year": 2018, "class": "11", "theme": "Проблема исторической памяти (По тексту Ю.В. Бондарева)", "taskText": "(1)Для меня ясно одно: главные участники истории — это Люди и Время. (2)Не забывать Время — это значит не забывать Людей, не забывать Людей — это значит не забывать Время.\n(3)Количество дивизий, участвовавших в том или ином сражении, со скрупулёзной точностью подсчитывают историки. (4)Однако они не смогут подслушать разговор в окопе перед танковой атакой, увидеть страдание и слёзы в глазах восемнадцатилетней девушки-санинструктора, умирающей в полутьме полуразрушенного блиндажа, вокруг которого гудят прорвавшиеся немецкие танки, ощутить треск пулемётной очереди, убивающей жизнь.\n(5)Нам было тогда по двадцать лет. (6)Мы мечтали вернуться в тот солнечный довоенный мир, где солнце казалось нам праздничным солнцем, встающим над землёй изо дня в день по своей непреложной закономерности; трава была травой, предназначенной для того, чтобы расти; фонари — для того, чтобы освещать сухой апрельский тротуар, вечернюю толпу гуляющих, в которой идёшь и ты, восемнадцатилетний, загорелый, сильный. (7)Все ливни весело проходили над твоей головой, и ты был озорно рад блеску молний и пушечным раскатам грома; все улыбки в том времени предназначались тебе, все смерти и слёзы были чужими... (8)Весь мир, прозрачно-лучезарный, лежал у твоих ног ранним голубым апрелем, обогревая добротой, радостью, ожиданием любви. (9)Там, позади, не было ожесточённой непримиримости, везде была разлита зеленовато-светлая акварель в воздухе; и не было жёстких чёрных красок. (10)3а долгие четыре года войны, чувствуя близ своего плеча огненное дыхание смерти, молча проходя мимо свежих бугорков с надписями химическим карандашом на дощечках, мы не утратили в себе прежний мир юности, но мы повзрослели на двадцать лет и, мнилось, прожили их так подробно, так насыщенно, что этих лет хватило бы на жизнь двум поколениям.\n(11)Мы узнали, что мир и прочен, и зыбок. (12)Мы узнали, что солнце может не взойти утром, потому что его блеск, его тепло способна уничтожить бомбёжка, когда горизонт тонет в чёрно-багровой завесе дыма. (13)Порой мы ненавидели солнце — оно обещало лётную погоду и, значит, косяки пикирующих на траншеи «юнкерсов». (14)Мы узнали, что солнце может ласково согревать не только летом, но и в жесточайшие январские морозы, вместе с тем равнодушно и беспощадно обнажать своим светом во всех деталях недавнюю картину боя, развороченные прямыми попаданиями орудия, тела убитых, которых ты минуту назад называл по имени. (15)Мы узнавали мир вместе с человеческим мужеством и страданиями.\n(16)Время уже тронуло память: потускнели детали, полузабыты лица погибших, не так остро ощутимы в воспоминаниях запахи развороченных снарядами окопов, ты не пригибаешься инстинктивно на улице при отдалённом звуке отбойного молотка, напоминающем бой крупнокалиберного пулемета. (17)При вспышках праздничных ракет над крышами домов не рвётся из горла невольный крик: «Ложись!» (18)Уже привычно не выискиваешь взглядом место на углу, возле аптеки или универмага (место для огневой позиции с широким сектором обстрела), а случайно услышанный в сумерках крик ребенка не вызывает в памяти чёрные контуры разбитых деревень, печную гарь дымящихся развалин, обугленные сады, плач в темноте.\n(19)Долгожданный мир (мы шли к нему четыре года) прочно вошёл в сознание — мир с блеском утреннего солнца на мостовых, с шелестом переполненных по вечерам троллейбусов и уютной на рассвете вознёй голубей на карнизах."}, "text": "Русский писатель Ю.В. Бондарев поднимает проблему исторической памяти.\nДля писателя главные участники истории – люди и время. Автор считает, что история как наука отражает конкретные цифры, даты, названия. Но ощущения участников боев, их чувства, их взросление учёные отразить не могут. Участник войны Ю.Бондарев, сравнивая войну и мир, пишет о том, что они узнали, быстро повзрослев, через какие страдания прошли за четыре года.\nАвтор не забыл об ощущениях военной молодости. Через много лет он как будто заново через них проходит: через страдания, напряжение и в то же время через мужество и желание победы. Постепенно страшные годы уходят в прошлое. Участники войны уже живут в ощущении мира, и звуки, которые могли бы раньше вызвать ощущение трагедии, сейчас звучат в мирном ритме. Но никогда полностью не исчезнет память о том, как люди разного возраста, в том числе и в расцвете лет, находились в постоянной смертельной опасности и не жалели жизни ради других.\nРазногласий с мнением автора не может и быть. Известно, что некоторым молодым людям не хочется знать об этих событиях. Причин такого нежелания много. Я думаю, что молодые люди должны не только пополнять исторические знания, но и читать произведения, в которых авторы углубляются во внутренний мир воевавших защитников.\nНе только знать, не только понять, но и ощутить всё то, через что прошли люди во время войны, помогают нам, людям ХХI века, писатели ХХ века. В повести «В списках не значился» Б.Л. Васильев описывает чувства молодых людей, которые полюбили в начале войны в Брестской крепости. Они делились последним сухарем, охраняли друг друга от крыс. Каждый раз девушка провожала Николая в бой, как на работу. Пришло время отправить Мирру из крепости, потому что она была беременна. Николай Плужников не видел, как девушка не могла пристроиться к колонне женщин, которые разбирали завалы в крепости, как её били прикладами, прокололи штыком и, ещё живую, завалили кирпичами. Он надеялся, что она жива, и ушёл сражаться против немцев. Когда он вышел из катакомб, немецкие солдаты, удивляясь его неимоверной стойкости, отдали ему, врагу, последние воинские почести.\nОстаться одному среди убитых товарищей с малым количеством оружия, ждать немецкие танки, видеть небо и журавлиный клин, который догонял отставший молоденький журавлик, чувствовать огромное желание жить и суметь победить это желание - вот что пережил молодой боец Глечик, один из героев повести В.В.Быкова «Журавлиный крик».\nПроблема исторической памяти об этой странице жизни нашей страны останется всегда актуальной. История как наука сохраняет сведения об этом чудовищном уроке, и писатели доносят до нас все мельчайшие детали внутреннего мира людей, прошедших через этот ад. Писатели хотят, чтобы молодые поколения не только знали исторические события, но и сопереживали тем людям, которые, как завещание, жертвуя собой, оставили нам самое дорогое – мир.", "fileName": "0000801.json", "selections": [{"id": 0, "group": "error", "startSelection": 8, "endSelection": 16, "explanation": "Повторение одного и того же слова в разных формах.", "tag": "", "type": "Р.повтор", "subtype": "", "comment": "", "correction": ""}, {"id": 1, "group": "error", "startSelection": 31, "endSelection": 49, "explanation": "Проблему можно «поставить», «выдвинуть», «обозначить» или «рассмотреть», но лучше ее не «поднимать».", "tag": "", "type": "Р.СОЧЕТ", "subtype": null, "comment": "", "correction": ""}, {"id": 2, "group": "error", "startSelection": 50, "endSelection": 62, "explanation": "Повторение одинаковых и однокоренных слов.", "tag": "", "type": "Р.тавт", "subtype": "", "comment": "", "correction": ""}, {"id": 3, "group": "error", "startSelection": 75, "endSelection": 83, "explanation": "Повторение одного и того же слова в разных формах.", "tag": "", "type": "Р.повтор", "subtype": "", "comment": "", "correction": ""}, {"id": 4, "group": "error", "startSelection": 92, "endSelection": 101, "explanation": "Повторение одного и того же слова в разных формах.", "tag": "", "type": "Р.повтор", "subtype": "", "comment": "", "correction": ""}, {"id": 5, "group": "error", "startSelection": 102, "endSelection": 109, "explanation": "Повторение одинаковых и однокоренных слов.", "tag": "", "type": "Р.повтор", "subtype": "", "comment": "", "correction": ""}, {"id": 6, "group": "error", "startSelection": 145, "endSelection": 152, "explanation": "Повторение одинаковых и однокоренных слов.", "tag": "", "type": "Р.повтор", "subtype": "", "comment": "", "correction": ""}, {"id": 7, "group": "error", "startSelection": 218, "endSelection": 228, "explanation": "Повторение одного и того же слова в разных формах.", "tag": "", "type": "Р.повтор", "subtype": "", "comment": "", "correction": ""}, {"id": 8, "group": "error", "startSelection": 287, "endSelection": 295, "explanation": "Повторение одного и того же слова в разных формах.", "tag": "", "type": "Р.повтор", "subtype": "", "comment": "", "correction": ""}, {"id": 9, "group": "error", "startSelection": 296, "endSelection": 301, "explanation": "Повторение однокоренных слов.", "tag": "", "type": "Р.повтор", "subtype": "", "comment": "", "correction": ""}, {"id": 10, "group": "error", "startSelection": 324, "endSelection": 329, "explanation": "Повторение однокоренных слов.", "tag": "", "type": "Р.повтор", "subtype": "", "comment": "", "correction": ""}, {"id": 11, "group": "error", "startSelection": 385, "endSelection": 390, "explanation": "Повторение одного и того же слова.", "tag": "", "type": "Р.повтор", "subtype": "", "comment": "", "correction": ""}, {"id": 12, "group": "error", "startSelection": 407, "endSelection": 413, "explanation": "Повторение однокоренных слов.", "tag": "", "type": "Р.тавт", "subtype": "", "comment": "", "correction": ""}, {"id": 13, "group": "error", "startSelection": 458, "endSelection": 465, "explanation": "Повторение однокоренных слов.", "tag": "", "type": "Р.тавт", "subtype": "", "comment": "", "correction": ""}, {"id": 14, "group": "error", "startSelection": 477, "endSelection": 482, "explanation": "Повторение одного и того же слова.", "tag": "", "type": "Р.повтор", "subtype": "", "comment": "", "correction": ""}, {"id": 15, "group": "error", "startSelection": 513, "endSelection": 518, "explanation": "Повторение одного и того же слова.", "tag": "", "type": "Р.повтор", "subtype": "", "comment": "", "correction": ""}, {"id": 16, "group": "error", "startSelection": 523, "endSelection": 531, "explanation": "Повторение однокоренных слов.", "tag": "", "type": "Р.тавт", "subtype": "", "comment": "", "correction": ""}, {"id": 17, "group": "error", "startSelection": 533, "endSelection": 538, "explanation": "Повторение одного и того же слова.", "tag": "", "type": "Р.повтор", "subtype": "", "comment": "", "correction": ""}, {"id": 18, "group": "error", "startSelection": 577, "endSelection": 582, "explanation": "Повторение одного и того же слова.", "tag": "", "type": "Р.повтор", "subtype": "", "comment": "", "correction": ""}, {"id": 19, "group": "error", "startSelection": 635, "endSelection": 641, "explanation": "Повторение однокоренных слов.", "tag": "", "type": "Р.тавт", "subtype": "", "comment": "", "correction": ""}, {"id": 20, "group": "error", "startSelection": 828, "endSelection": 831, "explanation": "Повторение одного и того же слова.", "tag": "", "type": "Р.повтор", "subtype": "", "comment": "", "correction": ""}, {"id": 21, "group": "error", "startSelection": 862, "endSelection": 865, "explanation": "Повторение одного и того же слова.", "tag": "", "type": "Р.повтор", "subtype": "", "comment": "", "correction": ""}, {"id": 22, "group": "error", "startSelection": 1062, "endSelection": 1067, "explanation": "Повторение однокоренных слов.", "tag": "", "type": "Р.тавт", "subtype": "", "comment": "", "correction": ""}, {"id": 23, "group": "error", "startSelection": 1153, "endSelection": 1159, "explanation": "Повторение одного и того же слова.", "tag": "", "type": "Р.повтор", "subtype": "", "comment": "", "correction": ""}, {"id": 24, "group": "error", "startSelection": 1183, "endSelection": 1189, "explanation": "Повторение однокоренных слов.", "tag": "", "type": "Р.тавт", "subtype": "", "comment": "", "correction": ""}, {"id": 25, "group": "error", "startSelection": 1264, "endSelection": 1273, "explanation": "Повторение одинаковых и однокоренных слов.", "tag": "", "type": "Р.тавт", "subtype": "", "comment": "", "correction": ""}, {"id": 26, "group": "error", "startSelection": 1400, "endSelection": 1403, "explanation": "Слово содержит смесь русских и латинских букв.", "tag": "message.txt: 1:0", "type": "А.лекс", "subtype": "конт", "comment": "", "correction": ""}, {"id": 27, "group": "error", "startSelection": 1402, "endSelection": 1403, "explanation": "Слово содержит смесь русских и {латинских} букв.", "tag": "message.txt: 7:1", "type": "А.лекс", "subtype": "конт", "comment": "", "correction": ""}, {"id": 28, "group": "error", "startSelection": 1289, "endSelection": 1295, "explanation": "Повторение одного и того же слова.", "tag": "", "type": "Р.повтор", "subtype": "", "comment": "", "correction": ""}, {"id": 29, "group": "error", "startSelection": 1296, "endSelection": 1301, "explanation": "Повторение однокоренных слов.", "tag": "", "type": "Р.тавт", "subtype": "", "comment": "", "correction": ""}, {"id": 30, "group": "error", "startSelection": 1306, "endSelection": 1312, "explanation": "Повторение одного и того же слова.", "tag": "", "type": "Р.повтор", "subtype": "", "comment": "", "correction": ""}, {"id": 31, "group": "error", "startSelection": 1359, "endSelection": 1363, "explanation": "Повторение одного и того же слова в разных формах.", "tag": "", "type": "Р.повтор", "subtype": "", "comment": "", "correction": ""}, {"id": 32, "group": "error", "startSelection": 1373, "endSelection": 1378, "explanation": "Повторение одинаковых и однокоренных слов.", "tag": "", "type": "Р.тавт", "subtype": "", "comment": "", "correction": ""}, {"id": 33, "group": "error", "startSelection": 1394, "endSelection": 1399, "explanation": "Повторение одного и того же слова в разных формах.", "tag": "", "type": "Р.повтор", "subtype": "", "comment": "", "correction": ""}, {"id": 34, "group": "error", "startSelection": 1404, "endSelection": 1408, "explanation": "Повторение одного и того же слова.", "tag": "", "type": "Р.повтор", "subtype": "", "comment": "", "correction": ""}, {"id": 35, "group": "error", "startSelection": 1410, "endSelection": 1418, "explanation": "Повторение однокоренных слов.", "tag": "", "type": "Р.тавт", "subtype": "", "comment": "", "correction": ""}, {"id": 36, "group": "error", "startSelection": 1422, "endSelection": 1426, "explanation": "Повторение одного и того же слова.", "tag": "", "type": "Р.повтор", "subtype": "", "comment": "", "correction": ""}, {"id": 37, "group": "error", "startSelection": 1441, "endSelection": 1448, "explanation": "Повторение однокоренных слов.", "tag": "", "type": "Р.тавт", "subtype": "", "comment": "", "correction": ""}, {"id": 38, "group": "error", "startSelection": 1476, "endSelection": 1485, "explanation": "Повторение однокоренных слов.", "tag": "", "type": "Р.тавт", "subtype": "", "comment": "", "correction": ""}, {"id": 39, "group": "error", "startSelection": 1502, "endSelection": 1507, "explanation": "Повторение одного и того же слова в разных формах.", "tag": "", "type": "Р.повтор", "subtype": "", "comment": "", "correction": ""}, {"id": 40, "group": "error", "startSelection": 1535, "endSelection": 1540, "explanation": "Повторение одинаковых и однокоренных слов.", "tag": "", "type": "Р.тавт", "subtype": "", "comment": "", "correction": ""}, {"id": 41, "group": "error", "startSelection": 1854, "endSelection": 1860, "explanation": "Повторение однокоренных слов.", "tag": "", "type": "Р.тавт", "subtype": "", "comment": "", "correction": ""}, {"id": 42, "group": "error", "startSelection": 1921, "endSelection": 1926, "explanation": "Повторение одного и того же слова в разных формах.", "tag": "", "type": "Р.повтор", "subtype": "", "comment": "", "correction": ""}, {"id": 43, "group": "error", "startSelection": 1928, "endSelection": 1936, "explanation": "Повторение однокоренных слов.", "tag": "", "type": "Р.тавт", "subtype": "", "comment": "", "correction": ""}, {"id": 44, "group": "error", "startSelection": 1969, "endSelection": 1973, "explanation": "Повторение одного и того же слова в разных формах.", "tag": "", "type": "Р.повтор", "subtype": "", "comment": "", "correction": ""}, {"id": 45, "group": "error", "startSelection": 1999, "endSelection": 2005, "explanation": "Повторение одинаковых и однокоренных слов.", "tag": "", "type": "Р.тавт", "subtype": "", "comment": "", "correction": ""}, {"id": 46, "group": "error", "startSelection": 2035, "endSelection": 2043, "explanation": "Повторение одинаковых и однокоренных слов.", "tag": "", "type": "Р.тавт", "subtype": "", "comment": "", "correction": ""}, {"id": 47, "group": "error", "startSelection": 2136, "endSelection": 2459, "explanation": "Предложение сложно для восприятия, так как перегружено глаголами. Попробуйте разбить его на несколько более коротких.", "tag": "message.txt: 3:2", "type": "А.лекс", "subtype": "конт", "comment": "", "correction": ""}, {"id": 48, "group": "error", "startSelection": 2136, "endSelection": 2459, "explanation": "Слишком длинное предложение с точки зрения выбранного стиля проверки. Измените настройку, выберите более свободный стиль или разбейте это предложение на несколько более коротких.", "tag": "message.txt: 0:0", "type": "А.лекс", "subtype": "конт", "comment": "", "correction": ""}, {"id": 49, "group": "error", "startSelection": 2283, "endSelection": 2294, "explanation": "Разговорное выражение, придающее тексту непринуждённый характер.", "tag": "RAZG.doc -755065875", "type": "А.лекс", "subtype": "конт", "comment": "", "correction": ""}, {"id": 50, "group": "error", "startSelection": 2210, "endSelection": 2218, "explanation": "Повторение одинаковых и однокоренных слов.", "tag": "", "type": "Р.тавт", "subtype": "", "comment": "", "correction": ""}, {"id": 51, "group": "error", "startSelection": 2283, "endSelection": 2294, "explanation": "Повторение однокоренных слов.", "tag": "", "type": "Р.тавт", "subtype": "", "comment": "", "correction": ""}, {"id": 52, "group": "error", "startSelection": 2326, "endSelection": 2333, "explanation": "Повторение одного и того же слова.", "tag": "", "type": "Р.повтор", "subtype": "", "comment": "", "correction": ""}, {"id": 53, "group": "error", "startSelection": 2334, "endSelection": 2338, "explanation": "Повторение однокоренных слов.", "tag": "", "type": "Р.тавт", "subtype": "", "comment": "", "correction": ""}, {"id": 54, "group": "error", "startSelection": 2361, "endSelection": 2368, "explanation": "Повторение одного и того же слова.", "tag": "", "type": "Р.повтор", "subtype": "", "comment": "", "correction": ""}, {"id": 55, "group": "error", "startSelection": 2379, "endSelection": 2386, "explanation": "Повторение однокоренных слов.", "tag": "", "type": "Р.тавт", "subtype": "", "comment": "", "correction": ""}, {"id": 56, "group": "error", "startSelection": 2387, "endSelection": 2394, "explanation": "Повторение однокоренных слов.", "tag": "", "type": "Р.тавт", "subtype": "", "comment": "", "correction": ""}, {"id": 57, "group": "error", "startSelection": 2470, "endSelection": 2482, "explanation": "Повторение однокоренных слов.", "tag": "", "type": "Р.тавт", "subtype": "", "comment": "", "correction": ""}, {"id": 58, "group": "error", "startSelection": 2507, "endSelection": 2512, "explanation": "Повторение однокоренных слов.", "tag": "", "type": "Р.тавт", "subtype": "", "comment": "", "correction": ""}, {"id": 59, "group": "error", "startSelection": 2555, "endSelection": 2562, "explanation": "Повторение однокоренных слов.", "tag": "", "type": "Р.тавт", "subtype": "", "comment": "", "correction": ""}, {"id": 60, "group": "error", "startSelection": 2620, "endSelection": 2628, "explanation": "Повторение одного и того же слова.", "tag": "", "type": "Р.повтор", "subtype": "", "comment": "", "correction": ""}, {"id": 61, "group": "error", "startSelection": 2683, "endSelection": 2688, "explanation": "Повторение одного и того же слова в разных формах.", "tag": "", "type": "Р.повтор", "subtype": "", "comment": "", "correction": ""}, {"id": 62, "group": "error", "startSelection": 2737, "endSelection": 2754, "explanation": "Устойчивое выражение «молодое поколение» не допускает употребления во множественном числе.", "tag": "", "type": "Р.ШАБЛОН", "subtype": "шаблон", "comment": "", "correction": ""}, {"id": 63, "group": "error", "startSelection": 2715, "endSelection": 2723, "explanation": "Повторение одного и того же слова.", "tag": "", "type": "Р.повтор", "subtype": "", "comment": "", "correction": ""}, {"id": 64, "group": "error", "startSelection": 2815, "endSelection": 2820, "explanation": "Повторение одного и того же слова в разных формах.", "tag": "", "type": "Р.повтор", "subtype": "", "comment": "", "correction": ""}, {"id": 66, "group": "meaning", "startSelection": 0, "endSelection": 70, "type": "ПРОБЛЕМА", "subtype": "", "explanation": "", "correction": "", "tag": "", "comment": ""}, {"id": 67, "group": "meaning", "startSelection": 71, "endSelection": 429, "type": "ПОЗИЦИЯ", "subtype": "", "explanation": "", "correction": "", "tag": "", "comment": ""}, {"id": 68, "group": "meaning", "startSelection": 1286, "endSelection": 2136, "type": "ПРИМЕР", "subtype": "", "explanation": "", "correction": "", "tag": "", "comment": ""}]}