{"meta": {"uuid": "a4f2fdcd-3f46-4b45-b064-7b8d14aa723d", "id": "0000121", "name": "0000121_ru_rus_problema_proyavleniya_nravstvennoy_pobedy_noexp.txt", "subject": "rus", "test": "егэ тренировка", "category": "", "year": 2017, "class": "11", "theme": "Проблема проявления нравственной победы (По тексту Ю.Алешковского)", "taskText": "(1)На краю оврага, за которым начинался большой лес, Мишка обернулся и, увидев меня, что-то сказал Борьке и Зойке. (2)Они присели на пенёчки, глядя в мою сторону. (З)Когда я подошёл, Мишка сказал:\n(4)— Мы тут соревнование устроили. (5)Первая премия тому, кто больше всех соберёт, а вторая — за самый красивый гриб. (6) Будешь?\n(7)Я не хотел разговаривать. (8)Я только дышал от злости часто и жарко, как дракон из киносказки, а потом крикнул:\n(9)— Из-за вас забыл жратву и лукошко!\n(10)Мишка срезал кору с берёзы и пошёл дальше. (11)Я побрёл за ним, и вдруг мне стали попадаться белые. (12)Один! (13)Другой! (14)Потом целых три настоящих боровичка, присыпанных хвоей.\n(15)Мишка и не думал их находить. (16)Он смотрел не под ноги, как я, а на ветви старых деревьев и засохших кустов.\n(17)Зойка тоже неподалёку. (18)Я злобно следил за её действиями. (19)Заметив гриб, она неторопливо подходила к нему, плавно кланялась и улыбалась, как будто говорила: (20)«Здравствуй, милый гриб!» (21) Вдруг Мишка крикнул:\n(22) — Эй, привал! (23)Есть охота!\n(24) Он прилёг под ёлкой, Зойка села напротив него, а запыхавшийся Борька немного погодя вынырнул из-за кустов.\n(25) Ребята разговорились.\n(26) — Значит, я две премии получу? — спросил Борька.\n(27) — Когда кончим искать, — неохотно ответил Мишка.\n(28) — Всё равно не найдёте гриба красивее моего и больше меня не соберёте.\n(29) Борька противно заржал.\n(30) — Хвальба! (31)Вот возьмём и найдём... (32)Или Вовка найдёт! — заверещала Зойка, опять ко мне подлизываясь.\n(33)— А какая премия будет? — спросил Борька. (34)— Стоящая? (35)А может быть, денежная?\n(36)— Высшая на свете, — сказал Мишка. (37)— Деньги чепуха по сравнению с ней. (38)3а неё борются и лётчики, и рыбаки, и боксёры, и артисты...\n(39)Зойка радостно ойкнула. (40)Борька вздохнул:\n(41)— Ладно. (42)Увидим эту премию. (43)А грибы я на рынке продам. (44)Сушёные. (45)Рубль за нитку.\n(46) Мишка сказал:\n(47) — Скучный ты тип... (48)А гриб твой, правда, красивый.\n(49)Грибов было много, но самый красивый всё-таки не попадался. (50)А он мне нужен был больше всего на свете! (51)Только бы его найти! (52)Я бы им всем доказал, кто лучше ищет грибы...\n(53)— Ну, как дела? (54)— Ко мне подошёл Мишка и заглянул в коробку. (55)— Ничего. (56) Но победит, конечно, Борька. (57)А жаль... (58)Пошли обратно. (59)Поздно уже.\n(60) — Пошли, — сказал я, и мы двинулись в обратную сторону.\n(61) Зойка шла за нами следом, а Борька пыхтел над корзиной и нудил:\n(62) — Отдавайте мне премию. (бЗ)Домой же идём...\n(64)Я совсем не думал о самом красивом грибе и вдруг в сторонке среди кустиков костяники увидел огромную бурую шляпку боровика. (65)Я развёл руки, как будто ловил голубя, и не дыша, на цыпочках пошёл прямо на гриб. (66)Но он и не думал бежать, и я встал на коленки перед этим огромным и добрым грибом. (67)На его шляпке, свернувшись в клубочек, как кошка на крыше, лежала улитка и ползали мураши. (68)Я подумал, что такой большой гриб, наверно, должен быть гнилым, и заглянул под шляпку. (69)Она была ровная, светло-жёлтая и вся в капельках влаги. (70)И пахло от неё, как от полной тарелки грибного супа.\n(71)Ни разу в жизни я не видел такого красивого гриба и всё смотрел на его крепкую ножку, уютно стоявшую на зелёном коврике мха, и на запотевшую шляпку, немного приподнятую кверху, как будто гриб, озябнув за ночь, смотрел на солнце. (72)И я подумал: (73)«Вот она — первая премия!»\n(74)Я вынул ножик, но увидел Зойку. (75)Она шла, не замечая меня. (76)Тогда я отошёл в сторону и притворился, что ищу костянику.\n(77) Зойка чуть не споткнулась о гриб и ахнула и тоже встала перед ним на коленки.\n(78) — Вовка!.. (79)Вовка!.. (80)Гриб!..\n(81)Я подошёл, посмотрел с удовольствием на гриб и сказал, пожав плечами:\n(82)— Ну, и что? (83)Ну, гриб...\n(84) Мишка и Борька подбежали к нам и тоже стали перед грибом на коленки.\n(85) — Давай Зойке премию! — сказал я Мишке.\n(86) — И мне... — скрипнул зубами Борька.\n(87) — Премия за самый красивый гриб, — объявил Мишка,— присуждается Зойке. (88)А за количество Борьке.\n(89)— Давай! (90)— Борька подставил руки.\n(91) — И Зойка, и Борька получают высшую на свете премию — Радость Победителя!\n(92) Зойка захлопала в ладоши, а у Борьки опустились руки.\n(93)Он закричал:\n(94)— Не надо мне радость!.. (95)Я хочу... премию!.. (96)Настоящую! (97)В руки!\n(98)Зато я, как никогда, почувствовал радость победителя и хотел срезать гриб и отдать Зойке, но она оттолкнула меня.\n(99)— Не надо... (100)Жалко... (101)Пусть растёт до конца.\n(102)И мы пошли дальше, но ещё не раз оборачивались и смотрели на самый красивый гриб."}, "text": "В соответствии со значением в толковом словаре, победитель – тот, кто одержал победу, то есть успех в борьбе за что-либо. Победить можно в любом виде соревнования, интеллектуальном или спортивном, в любом конкурсе или КВН. Люди побеждают врагов, которые нападают на них. Человек может победить в себе какое-либо плохое качество: лень, высокомерие, вспыльчивость, жадность. Побеждают и недуг.\nПисатель Ю.Алешковский размышляет над проблемой проявления нравственной победы. Он рассказывает, как ребята устроили конкурс во время сбора грибов. Победителем в поисках самого красивого гриба оказалась Зойка, хотя первым его увидел рассказчик – мальчик Вова. Он решил подарить радость победителя девочке. Борька же очень хотел настоящую премию. А Вова почувствовал нравственную победу, ведь он сначала хотел доказать, кто лучше ищет грибы, и, найдя самый лучший гриб, он уже подумал о первой премии. В конце концов, Вова был доволен тем, что сделал так, чтобы Зойка стала победителем. В душе он чувствовал, что эта нравственная победа ему дороже всех наград.\nЯ думаю, что автор, описавший это событие, хотел донести до читателей такую мысль: дети по-разному смотрят на мир, по-своему понимают, что такое победа и как можно испытывать радость победителя. Они в процессе игры-соревнования только ещё познавали эти понятия. Жизнь интересна тем, что в ней к человеку приходят сиюминутные решения и проявляются совершенно неожиданные поступки. Читателю может показаться, что Зойка нравится Вовке, поэтому он хотел её порадовать.\nПобедителем стал главный герой «Повести о настоящем человеке» Б.Полевого - лётчик Алексей Мересьев. Он выжил, когда раненый полз по зимнему лесу. Мересьев выстоял, когда ему ампутировали ноги. Долго, настойчиво и упорно боролся он за право летать на истребителе с помощью протезов. Сколько комиссий, которые не верили в его способности, он посетил! Всё-таки Мересьев победил недуг, остался военным лётчиком.\nВ былине «Авдотья Рязаночка» рассказывается о женщине, которая спасла мужа, сына и брата. Во времена татарского ига на Руси они попали в плен. Авдотья не могла смириться с потерей родных и решила идти к главному татарскому хану. Дорога была полна невзгод: всё перенесла Авдотья Рязаночка. Измученная и грязная, она предстала перед татарским ханом. Русская женщина удивила и покорила его своим мужеством, силой духа. Она добилась свободы для брата, сына и мужа. Её можно назвать победительницей.\nНаградой победителю может быть не только грамота, медаль, материальные средства, но и чувство удовлетворения, которое испытывает человек, радуясь своему участию или победе другого.", "fileName": "0000121.json", "selections": [{"id": 0, "group": "error", "startSelection": 48, "endSelection": 58, "explanation": "Повторение одинаковых и однокоренных слов.", "tag": "", "type": "Р.тавт", "subtype": "", "comment": "", "correction": ""}, {"id": 1, "group": "error", "startSelection": 78, "endSelection": 84, "explanation": "Повторение одинаковых и однокоренных слов.", "tag": "", "type": "Р.тавт", "subtype": "", "comment": "", "correction": ""}, {"id": 2, "group": "error", "startSelection": 122, "endSelection": 130, "explanation": "Повторение одинаковых и однокоренных слов.", "tag": "", "type": "Р.тавт", "subtype": "", "comment": "", "correction": ""}, {"id": 3, "group": "error", "startSelection": 139, "endSelection": 144, "explanation": "Повторение одного и того же слова.", "tag": "", "type": "Р.повтор", "subtype": "", "comment": "", "correction": ""}, {"id": 4, "group": "error", "startSelection": 199, "endSelection": 204, "explanation": "Повторение одного и того же слова.", "tag": "", "type": "Р.повтор", "subtype": "", "comment": "", "correction": ""}, {"id": 5, "group": "error", "startSelection": 228, "endSelection": 237, "explanation": "Повторение одинаковых и однокоренных слов.", "tag": "", "type": "Р.тавт", "subtype": "", "comment": "", "correction": ""}, {"id": 6, "group": "error", "startSelection": 285, "endSelection": 293, "explanation": "Повторение одинаковых и однокоренных слов.", "tag": "", "type": "Р.тавт", "subtype": "", "comment": "", "correction": ""}, {"id": 7, "group": "error", "startSelection": 373, "endSelection": 382, "explanation": "Повторение одинаковых и однокоренных слов.", "tag": "", "type": "Р.тавт", "subtype": "", "comment": "", "correction": ""}, {"id": 8, "group": "error", "startSelection": 464, "endSelection": 470, "explanation": "Повторение одинаковых и однокоренных слов.", "tag": "", "type": "Р.тавт", "subtype": "", "comment": "", "correction": ""}, {"id": 9, "group": "error", "startSelection": 532, "endSelection": 538, "explanation": "Повторение одного и того же слова в разных формах.", "tag": "", "type": "Р.повтор", "subtype": "", "comment": "", "correction": ""}, {"id": 10, "group": "error", "startSelection": 540, "endSelection": 551, "explanation": "Повторение одинаковых и однокоренных слов.", "tag": "", "type": "Р.повтор", "subtype": "", "comment": "", "correction": ""}, {"id": 11, "group": "error", "startSelection": 579, "endSelection": 584, "explanation": "Повторение одного и того же слова в разных формах.", "tag": "", "type": "Р.повтор", "subtype": "", "comment": "", "correction": ""}, {"id": 12, "group": "error", "startSelection": 602, "endSelection": 606, "explanation": "Повторение одного и того же слова в разных формах.", "tag": "", "type": "Р.повтор", "subtype": "", "comment": "", "correction": ""}, {"id": 13, "group": "error", "startSelection": 678, "endSelection": 688, "explanation": "Повторение одинаковых и однокоренных слов.", "tag": "", "type": "Р.повтор", "subtype": "", "comment": "", "correction": ""}, {"id": 14, "group": "error", "startSelection": 714, "endSelection": 719, "explanation": "Повторение одного и того же слова в разных формах.", "tag": "", "type": "Р.повтор", "subtype": "", "comment": "", "correction": ""}, {"id": 15, "group": "error", "startSelection": 842, "endSelection": 854, "explanation": "Превосходную степень «лучший» незачем дополнительно усиливать словом «самый».", "tag": "", "type": "Р.СТИЛ", "subtype": "стил", "comment": "", "correction": ""}, {"id": 16, "group": "error", "startSelection": 771, "endSelection": 777, "explanation": "Повторение одинаковых и однокоренных слов.", "tag": "", "type": "Р.тавт", "subtype": "", "comment": "", "correction": ""}, {"id": 17, "group": "error", "startSelection": 795, "endSelection": 800, "explanation": "Повторение одного и того же слова в разных формах.", "tag": "", "type": "Р.повтор", "subtype": "", "comment": "", "correction": ""}, {"id": 18, "group": "error", "startSelection": 826, "endSelection": 831, "explanation": "Повторение одного и того же слова в разных формах.", "tag": "", "type": "Р.повтор", "subtype": "", "comment": "", "correction": ""}, {"id": 19, "group": "error", "startSelection": 855, "endSelection": 859, "explanation": "Повторение одного и того же слова в разных формах.", "tag": "", "type": "Р.повтор", "subtype": "", "comment": "", "correction": ""}, {"id": 20, "group": "error", "startSelection": 965, "endSelection": 976, "explanation": "Повторение одинаковых и однокоренных слов.", "tag": "", "type": "Р.тавт", "subtype": "", "comment": "", "correction": ""}, {"id": 21, "group": "error", "startSelection": 1021, "endSelection": 1027, "explanation": "Повторение одинаковых и однокоренных слов.", "tag": "", "type": "Р.тавт", "subtype": "", "comment": "", "correction": ""}, {"id": 22, "group": "error", "startSelection": 1197, "endSelection": 1203, "explanation": "Повторение одинаковых и однокоренных слов.", "tag": "", "type": "Р.тавт", "subtype": "", "comment": "", "correction": ""}, {"id": 23, "group": "error", "startSelection": 1235, "endSelection": 1245, "explanation": "Повторение одинаковых и однокоренных слов.", "tag": "", "type": "Р.тавт", "subtype": "", "comment": "", "correction": ""}, {"id": 24, "group": "error", "startSelection": 1291, "endSelection": 1312, "explanation": "Понятия можно «узнавать» или «изучать», но нельзя «познавать».", "tag": "", "type": "Р.СОЧЕТ", "subtype": null, "comment": "", "correction": ""}, {"id": 25, "group": "error", "startSelection": 1581, "endSelection": 1589, "explanation": "Нет существительных, согласующихся с прилагательным {\"Полевого\"}.", "tag": "message.txt: 2:3", "type": "А.лекс", "subtype": "конт", "comment": "", "correction": ""}, {"id": 26, "group": "error", "startSelection": 1943, "endSelection": 1952, "explanation": "Разговорное выражение, придающее тексту непринуждённый характер.", "tag": "RAZG.doc 94c26c5b7", "type": "А.лекс", "subtype": "конт", "comment": "", "correction": ""}, {"id": 27, "group": "error", "startSelection": 2026, "endSelection": 2036, "explanation": "Повторение одного и того же слова в разных формах.", "tag": "", "type": "Р.повтор", "subtype": "", "comment": "", "correction": ""}, {"id": 28, "group": "error", "startSelection": 2137, "endSelection": 2147, "explanation": "Повторение одного и того же слова в разных формах.", "tag": "", "type": "Р.повтор", "subtype": "", "comment": "", "correction": ""}, {"id": 29, "group": "error", "startSelection": 2203, "endSelection": 2212, "explanation": "Разговорное выражение, придающее тексту непринуждённый характер.", "tag": "RAZG.doc 94c26c5b7", "type": "А.лекс", "subtype": "конт", "comment": "", "correction": ""}, {"id": 30, "group": "error", "startSelection": 2256, "endSelection": 2265, "explanation": "Повторение одного и того же слова в разных формах.", "tag": "", "type": "Р.повтор", "subtype": "", "comment": "", "correction": ""}, {"id": 31, "group": "error", "startSelection": 2403, "endSelection": 2418, "explanation": "Повторение однокоренных слов.", "tag": "", "type": "Р.тавт", "subtype": "", "comment": "", "correction": ""}, {"id": 32, "group": "error", "startSelection": 2429, "endSelection": 2439, "explanation": "Повторение однокоренных слов.", "tag": "", "type": "Р.тавт", "subtype": "", "comment": "", "correction": ""}, {"id": 34, "group": "meaning", "startSelection": 0, "endSelection": 121, "type": "ПРОБЛЕМА", "subtype": "", "explanation": "", "correction": "", "tag": "", "comment": ""}, {"id": 35, "group": "meaning", "startSelection": 392, "endSelection": 471, "type": "ПОЗИЦИЯ", "subtype": "", "explanation": "", "correction": "", "tag": "", "comment": ""}, {"id": 36, "group": "meaning", "startSelection": 472, "endSelection": 539, "type": "ПРИМЕР", "subtype": "", "explanation": "", "correction": "", "tag": "", "comment": ""}, {"id": 37, "group": "meaning", "startSelection": 540, "endSelection": 1051, "type": "ПОЯСНЕНИЕ", "subtype": "", "explanation": "", "correction": "", "tag": "", "comment": ""}, {"id": 38, "group": "meaning", "startSelection": 1052, "endSelection": 1516, "type": "ПОЗИЦИЯ", "subtype": "", "explanation": "", "correction": "", "tag": "", "comment": ""}, {"id": 39, "group": "meaning", "startSelection": 1925, "endSelection": 2419, "type": "ПРИМЕР", "subtype": "", "explanation": "", "correction": "", "tag": "", "comment": ""}]}