{"meta": {"uuid": "e7defc26-d6e1-4d4b-b169-00b26912918f", "id": "0001406", "name": "0001406_ru_rus_problema_otorvannosti_sovremennogo_cheloveka_ot_realnoy_jizni_noexp.txt", "subject": "rus", "test": "егэ тренировка", "category": "", "year": 2017, "class": "11", "theme": "Проблема оторванности современного человека от реальной жизни (по тексту В. Кутырева)", "taskText": "(1) Почему люди все время недовольны телевидением, этим величайшим даром цивилизации? (2) Потому что это дар данайцев. (3) В нас бунтует подавленная, не находящая реализации часть нашего живого существа. (4) Даже в новогоднюю ночь, как невольники на галерах, мы прикованы к телеэкранам и видеомагнитофонам, неспособные сами ни петь, ни плясать, ни кричать, ни смеяться, ни играть, ни разыгрывать друг друга, - фактически не общаемся, а только смотрим, смотрим, в промежутках немного пьем и жуем, жуем, жуем...\n(5) Телевидение – символ всей современной аудиовизуальной культуры. (6) Гибельная суть этой новой «культуры» в том, что она лишает человека его собственного предметного мира, унося туда, где он существует только как фантом. (7) И есть уже телевидеоманы, «электронные почтальоны», которые забыли о естественных потребностях живого активного существа, чувствуя себя вполне хорошо без них. (8) Умерли – и довольны. (9) Впереди – компьютерная наркомания, которую навязывают пока «пребыванием в виртуальной реальности».\n(10) В подсознание – основную творческую лабораторию человека – попадает только то, что прошло через чувства. (11) Через чувства проходит прежде всего живое, непосредственное воздействие другого человека. природы, мира, а информационное воздействие затрагивает только мышление, «кору». (12) От хоккея по телевизору остается легкий поверхностный след, который, как след самолета, быстро рассеивается с новыми впечатлениями, смешивается с ними. (13) Хоккей на стадионе, даже наблюдение, а тем более собственную игру, помнит все тело, весь человек. (14) И так любые события. (15) По телевидению мы были везде, на всей планете, и слышали обо всем. (16) Но что это дает? (17) Общее впечатление без переживания. (18) «Мы многое из книжек узнаем, но истины передают изустно» - пел В. Высоцкий. (19) Многие удовлетворяются жизнью без истины – живут как наблюдатели. (20) Некоторые уже и не нуждаются в переживании.\n"}, "text": "Основной проблемой, поднятой в тексте В. Кутырева, является оторванность современного человека от реальной жизни, замена настоящего мира на мир виртуальный.\nРассуждая над данным вопросом, автор выражает свое двойственное отношение к новым технологиям. С помощью средств выразительности В. Кутырев показывает, насколько губительным является для человечества такой дар как телевидение, например, используя фразеологизм \"дары данайцев\". Казалось бы, телевидение и интернет будут продвигать людей вперед, заставлять совершать новые открытия: \"По телевидению мы были везде, на всей планете, и слышали обо всем.\" Но в то же время, понимая, насколько в этой цифровой информации не хватает чувств, без которых человеку никак не прожить, писатель задается вопросом: \"Но что это дает?\". И, к сожалению, Кутырев приходит к выводу, что виртуальный мир, несмотря на все свои безграничные возможности, приводит человека лишь к бедам.\nПозиция автора заключается в том, что, несмотря на то, что телевидение и интернет - великие дары цивилизации, они же являются убийцами человечества. Люди больше времени проводят за телевизором и в интернете, меньше внимания уделяют чувствам, подавляют в себе часть своего живого существа.\nЯ согласна с мнением писателя и считаю, что в наше время, чтобы быть в курсе всех событий невозможно обойтись без телевидения и интернета, однако они должны быть просто помощниками в получении информации, а не заменой реальной жизни.\nСо временем человек все больше и больше становится зависим от интернета и телевидения, и находятся лишь только редкие люди, способные сами побороть эту зависимость. Например, в повести Р. Брэдбери \"451 градус по Фаренгейту\" главный герой, Монтэг, бросает вызов не только запрету на чтение книг, но и зависимости, \"зомбированию\" людей телевидением, неживой музыкой, роботами. Он видит, как человечество морально и духовно умирает. Живое общение с людьми в семье девушки Клариссы (одной из тех редких особ, не попавших под влияние техники) вызывает у него особое удивление, ведь к тому времени люди уже совсем перестали общаться.\nИногда такая зависимость доходит до абсурда и что самое страшное - это происходит не только на страницах книг, но и в реальной жизни. Например, в сентябре 2014 года в г. Уокешо в штате Висконсин две американские школьницы пытались принести в жертву Слендермену (персонажу известных компьютерных игр) свою одноклассницу, заманив ее в лес и нанеся огромное количество ножевых ранений, после которых двенадцатилетняя Пейтон Лойтнер чудом осталась жива.\nТаким образом, телевидение и интернет, которые могли бы стать основными двигателями прогресса, скорее, тормозят его, забирая у человека живое общение и все настоящие чувства.", "fileName": "0001406.json", "selections": [{"id": 0, "group": "error", "startSelection": 132, "endSelection": 136, "explanation": "Повторение одного и того же слова в разных формах.", "tag": "", "type": "Р.повтор", "subtype": "", "comment": "", "correction": ""}, {"id": 1, "group": "error", "startSelection": 140, "endSelection": 143, "explanation": "Повторение одного и того же слова в разных формах.", "tag": "", "type": "Р.повтор", "subtype": "", "comment": "", "correction": ""}, {"id": 2, "group": "error", "startSelection": 157, "endSelection": 186, "explanation": "Рассуждать можно «о чём-то», но не «над чем-то».", "tag": "", "type": "УПР", "subtype": "упр", "comment": "", "correction": ""}, {"id": 3, "group": "error", "startSelection": 194, "endSelection": 202, "explanation": "Повторение однокоренных слов.", "tag": "", "type": "Р.тавт", "subtype": "", "comment": "", "correction": ""}, {"id": 4, "group": "error", "startSelection": 270, "endSelection": 285, "explanation": "Повторение однокоренных слов.", "tag": "", "type": "Р.тавт", "subtype": "", "comment": "", "correction": ""}, {"id": 5, "group": "error", "startSelection": 371, "endSelection": 382, "explanation": "Повторение одного и того же слова в разных формах.", "tag": "", "type": "Р.повтор", "subtype": "", "comment": "", "correction": ""}, {"id": 6, "group": "error", "startSelection": 604, "endSelection": 606, "explanation": "Перед закрывающей кавычкой не ставится точка, за исключением случая с сокращением. Точку, обозначающую конец предложения, ставят после закрывающей кавычки.", "tag": "message.txt: 4:0", "type": "А.лекс", "subtype": "конт", "comment": "", "correction": ""}, {"id": 7, "group": "error", "startSelection": 447, "endSelection": 458, "explanation": "Повторение одного и того же слова в разных формах.", "tag": "", "type": "Р.повтор", "subtype": "", "comment": "", "correction": ""}, {"id": 8, "group": "error", "startSelection": 542, "endSelection": 553, "explanation": "Повторение одного и того же слова в разных формах.", "tag": "", "type": "Р.повтор", "subtype": "", "comment": "", "correction": ""}, {"id": 9, "group": "error", "startSelection": 801, "endSelection": 823, "explanation": "В формальном тексте может быть предпочтителен более книжный вариант: «прийти к выводу о том, что...».", "tag": "", "type": "Г.СЛОЖН", "subtype": null, "comment": "", "correction": ""}, {"id": 10, "group": "error", "startSelection": 812, "endSelection": 818, "explanation": "Повторение однокоренных слов.", "tag": "", "type": "Р.тавт", "subtype": "", "comment": "", "correction": ""}, {"id": 11, "group": "error", "startSelection": 841, "endSelection": 849, "explanation": "Повторение одного и того же слова.", "tag": "", "type": "Р.повтор", "subtype": "", "comment": "", "correction": ""}, {"id": 12, "group": "error", "startSelection": 888, "endSelection": 896, "explanation": "Повторение однокоренных слов.", "tag": "", "type": "Р.тавт", "subtype": "", "comment": "", "correction": ""}, {"id": 13, "group": "error", "startSelection": 959, "endSelection": 967, "explanation": "Повторение одного и того же слова.", "tag": "", "type": "Р.повтор", "subtype": "", "comment": "", "correction": ""}, {"id": 14, "group": "error", "startSelection": 993, "endSelection": 1001, "explanation": "Повторение одного и того же слова в разных формах.", "tag": "", "type": "Р.повтор", "subtype": "", "comment": "", "correction": ""}, {"id": 15, "group": "error", "startSelection": 1089, "endSelection": 1097, "explanation": "Повторение однокоренных слов.", "tag": "", "type": "Р.тавт", "subtype": "", "comment": "", "correction": ""}, {"id": 16, "group": "error", "startSelection": 1117, "endSelection": 1126, "explanation": "Повторение одного и того же слова в разных формах.", "tag": "", "type": "Р.повтор", "subtype": "", "comment": "", "correction": ""}, {"id": 17, "group": "error", "startSelection": 1494, "endSelection": 1501, "explanation": "Повторение одинаковых и однокоренных слов.", "tag": "", "type": "Р.тавт", "subtype": "", "comment": "", "correction": ""}, {"id": 18, "group": "error", "startSelection": 1595, "endSelection": 1606, "explanation": "Повторение одинаковых и однокоренных слов.", "tag": "", "type": "Р.тавт", "subtype": "", "comment": "", "correction": ""}, {"id": 19, "group": "error", "startSelection": 1743, "endSelection": 1754, "explanation": "Повторение одинаковых и однокоренных слов.", "tag": "", "type": "Р.тавт", "subtype": "", "comment": "", "correction": ""}, {"id": 20, "group": "error", "startSelection": 1777, "endSelection": 1789, "explanation": "Повторение однокоренных слов.", "tag": "", "type": "Р.тавт", "subtype": "", "comment": "", "correction": ""}, {"id": 21, "group": "error", "startSelection": 1821, "endSelection": 1826, "explanation": "Повторение однокоренных слов.", "tag": "", "type": "Р.тавт", "subtype": "", "comment": "", "correction": ""}, {"id": 22, "group": "error", "startSelection": 1942, "endSelection": 1946, "explanation": "Повторение однокоренных слов.", "tag": "", "type": "Р.тавт", "subtype": "", "comment": "", "correction": ""}, {"id": 23, "group": "error", "startSelection": 1997, "endSelection": 2003, "explanation": "Повторение однокоренных слов.", "tag": "", "type": "Р.тавт", "subtype": "", "comment": "", "correction": ""}, {"id": 24, "group": "error", "startSelection": 2096, "endSelection": 2103, "explanation": "Повторение однокоренных слов.", "tag": "", "type": "Р.тавт", "subtype": "", "comment": "", "correction": ""}, {"id": 25, "group": "error", "startSelection": 2142, "endSelection": 2152, "explanation": "Повторение однокоренных слов.", "tag": "", "type": "Р.тавт", "subtype": "", "comment": "", "correction": ""}, {"id": 26, "group": "error", "startSelection": 2302, "endSelection": 2310, "explanation": "Повторение однокоренных слов.", "tag": "", "type": "Р.тавт", "subtype": "", "comment": "", "correction": ""}, {"id": 27, "group": "error", "startSelection": 2410, "endSelection": 2416, "explanation": "Повторение однокоренных слов.", "tag": "", "type": "Р.тавт", "subtype": "", "comment": "", "correction": ""}, {"id": 28, "group": "error", "startSelection": 2515, "endSelection": 2519, "explanation": "Повторение одного и того же слова в разных формах.", "tag": "", "type": "Р.повтор", "subtype": "", "comment": "", "correction": ""}, {"id": 29, "group": "error", "startSelection": 2657, "endSelection": 2662, "explanation": "Повторение одного и того же слова в разных формах.", "tag": "", "type": "Р.повтор", "subtype": "", "comment": "", "correction": ""}, {"id": 31, "group": "meaning", "startSelection": 0, "endSelection": 156, "type": "ПРОБЛЕМА", "subtype": "", "explanation": "", "correction": "", "tag": "", "comment": ""}, {"id": 32, "group": "meaning", "startSelection": 157, "endSelection": 919, "type": "ПРИМЕР", "subtype": "", "explanation": "", "correction": "", "tag": "", "comment": ""}, {"id": 33, "group": "meaning", "startSelection": 920, "endSelection": 1208, "type": "ПОЗИЦИЯ", "subtype": "", "explanation": "", "correction": "", "tag": "", "comment": ""}, {"id": 34, "group": "meaning", "startSelection": 1209, "endSelection": 2520, "type": "ОТНОШЕНИЕ", "subtype": "", "explanation": "", "correction": "", "tag": "", "comment": ""}]}