{"meta": {"uuid": "1135ca65-3048-4f04-85ac-7148967c9a83", "id": "0002373", "name": "0002373_ru_rus_problema_snijeniya_interesa_k_chteniyu_noexp.txt", "subject": "rus", "test": "егэ тренировка", "category": "", "year": 2017, "class": "11", "theme": "Проблема снижения интереса к чтению (По тексту Н. Лебедева)", "taskText": "(1)Владимир Солоухин в одном из стихотворений высказывает мысль, что того, кто несёт в руках цветы, можно не опасаться, ибо человек с цветами в руках зла совершить не может.\n(2)Думается, то же можно сказать и о человеке, несущем в руках томик Пушкина или Чехова. (3)Ибо человек, читающий такие книги, есть человек разумный, человек нравственный.\n(4)Известны слова Горького: «Любите книгу - источник знания». (5)К этому следовало бы добавить, что хорошая книга - это и средство воспитания чувств, духовного возвышения личности, это мир человеческих переживаний. (6)А кроме того, книга приобщает к красоте родной речи.\n(7)В России литературно-просветительские традиции всегда были сильны. (8)Иван Сытин, крестьянский сын, который основал во второй половине XIX века издательство в Москве, многие книги продавал по очень низкой цене, может быть, себе в убыток, чтобы они были доступны народу. (9)А благодаря издателю Павленкову в начале XX века появилось две тысячи бесплатных деревенских библиотек.\n(10)В целом мы были и, хочется надеяться, остаёмся более начитанным народом, чем многие другие. (11)И всё-таки всё чаще задаёшь себе вопрос: «А будут ли наши дети читать Пушкина?» (12)Хотя книжный прилавок стал неизмеримо богаче и разнообразнее, круг нашего чтения, как показывают социологические исследования, заметно изменился. (13)Пользуются спросом специальная литература и книги, содержащие разного рода практические советы. (14)Что же касается «художественной» литературы, то развлекательное чтиво: детективы, приключения, «семейные» романы — явно потеснило всё прочее. (15)«Спрос определяет предложение», - разводят руками издатели.\n(16)Да, современному человеку, озабоченному материальными и прочими проблемами, не до серьёзного чтения. (17)Читает он преимущественно в транспорте, по дороге на работу и с работы. (18)А что можно читать в автобусной сутолоке? (19)Желание отвлечься, снять нервное напряжение заставляет предпочесть лёгкое чтение, не требующее размышлений и глубокого проникновения в текст.\n(20)Мощными конкурентами книги стали кино и телевидение. (21)Кинорежиссёр Ролан Быков вспоминал о встрече с кинозрителями, на которой одна женщина хвалила кинематограф за выпуск фильма «Война и мир». (22)Она расценила это как великую заботу о наших детях, которым просто не прочитать четыре толстенных тома. (23)А теперь они пойдут в кино и всё увидят. (24)«В зале смеялись, - говорил Быков, - но это было давно».\n(25)Чем опасна замена книги фильмом? (26)Дело не только в том, что литературные шедевры не всегда превращаются в шедевры кинематографические. (27)В отличие от других видов искусства, литература требует не чувственного, а интеллектуального постижения. (28)Читатель создаёт образы героев, проникает в подтекст произведения работой мысли. (29)Превращение телевидения в основной канал информации, как утверждают психологи, свидетельствует о том, что мы переходим на образно-подсознательное восприятие в ущерб рациональному. (30)Ещё в XVIII веке французский философ Дидро говорил: «Кто мало читает, тот перестаёт мыслить».\n(З1)Вопрос «Будут ли наши дети читать Пушкина?» символичен: в нём звучит беспокойство о нашем будущем. (32)Ведь оно зависит от нравственного облика, духовного мира тех, кто сегодня сидит за школьной партой или в университетской аудитории. (33)Им определять судьбу нашей цивилизации в XXI веке.\n(34)Так сделаем же всё, чтобы наши дети читали Пушкина!\n"}, "text": "Какую роль книги играют в нашей жизни? Почему происходит снижение интереса к чтению? Правда ли, что книгу вытесняют телевидение и интернет? Чем грозит это нам? Все эти вопросы возникают после прочтения текста Н.Лебедева.\nАвтор поднимает проблему снижения интереса к чтению, которое неизбежно ведёт к духовному обнищанию человека. В начале текста он рассуждает о том, что человек, несущий в руках «томик Пушкина» или цветы не может совершить зла. «…Ибо человек, читающий такие книги, есть человек разумный, человек нравственный. Н.Лебедев рассказывает об издателях- просветителях: Иване Сытине, который издавал книги по низкой цене, чтобы они были доступны народу, Павленкове, благодаря которому были открыты «две тысячи бесплатных деревенских библиотек». Автор замечает, что сегодня круг чтения изменился. Нам «не до серьёзного чтения», чтобы отвлечься от тяжёлой жизни, мы предпочитаем «лёгкое чтение». К тому же «мощными конкурентами книги стали кино и телевидение». Сценарист с огромной тревогой ставит вопрос «Чем опасна замена книги фильмом?» и отвечает на него словами французского философа Дидро: «Кто мало читает, тот перестаёт мыслить». Не читающие сегодня, не умеющие мыслить ученики совсем скоро будут определять судьбу нашей цивилизации. Это вызывает у автора беспокойство. «Так сделаем же всё, чтобы наши дети читали Пушкина!» - призывает режиссёр.\nПозиция автора ясна и понятна: нельзя допустить снижение интереса к чтению, потому что это грозит духовным обнищанием человека, общества. С тревогой он наблюдает процесс вытеснения серьёзной литературы, подмену её фильмами. Но мы видим, что автор настроен позитивно, он считает, что ещё возможно вернуть интерес к книге.\nЯ согласен с позицией автора, мы действительно стали читать меньше. Уже не только телевидение, но и интернет оттесняют книгу. Многих устраивает краткое содержание художественного произведения для урока. А тратить своё время на большие серьёзные книги они считают неразумным. Снижение интереса к книгам ведёт к неумению «мыслить рационально», к отсутствию своей точки зрения по многим вопросам, к неспособности свободно её излагать. А самое главное, книга – нравственный учитель. А если не читать? Всё это, конечно, не может не беспокоить.\nВо все времена к книге относились по-разному. Те, кто против книг, образования, по мнению писателей, либо сами глупы и ограничены либо преследуют свои определённые цели. Приведу примеры из художественной литературы. В бессмертной комедии А.С.Грибоедова «Горе от ума» Фамусов, представитель московского консервативного общества, считает:\nУченье - вот чума, ученость - вот причина…\nЧто нынче пуще, чем когда,\nБезумных развелось людей, и дел, и мнений.\nНет! Уж коли зло пресечь:\nЗабрать все книги бы да сжечь!\nФамусова всё устраивает, поэтому он легко подхватывает слух, который распустила его дочь Софья, что Чацкий – сумасшедший. Ему трудно представить, что кто-то может критиковать существующие устои и порядки. Для него такой человек, конечно, сумасшедший. А виноваты в этом книги. Но мы знаем, что образованные люди меняют жизнь к лучшему, потому что видят и знают больше, чем остальные.\nА теперь перенесёмся в совершенно другой мир, где несгораемые дома, ракетные автомобили и огромные телевизионные гостиные. Мир из романа-антиутопии Рэя Брэдбери «451 градус по Фаренгейту», который казался совсем недавно читателю фантастикой, а сегодня стремительно надвигающимся будущим и совсем уже близким. Мир, в котором есть всё. А человек несчастен, вспомним Милдред и Гая Монтэг. Пожарные вместо того, чтобы тушить огонь, наоборот, разжигают его. Горят уцелевшие книги и их владельцы. Почему? Чем страшна книга? Главный герой мучительно ищет ответ на этот вопрос. И находит. Книга не даёт готовых решений, но она заставляет думать. А ещё она хранит нашу историю, память о своих корнях. Из людей думающих, образованных трудно сделать рабов, одинаковых и послушных. Именно поэтому государство, власть кормит людей дозированной информацией, развлечениями, лишает их книг, и даже когда над городом каждую ночь воют бомбардировщики, нигде ничего не говорят о войне. И город погибает. Кто же лишил его жителей книг? Они сами, когда перестали читать.\nДумаю, мне удалось доказать, что книги играют огромную роль в нашей жизни. Книга - и учитель, и воспитатель, и друг. Она заставляет думать, сравнивать, делать выводы. Она дарит нам самое главное – способность мыслить. К огромному сожалению, вытеснение книг продолжается. Каждый из нас сам должен сделать выбор. Мой выбор в пользу серьёзной книги. Мы должны читать! Мы должны сделать всё возможное, чтобы «…наши дети читали Пушкина»!", "fileName": "0002373.json", "selections": [{"id": 0, "group": "error", "startSelection": 192, "endSelection": 201, "explanation": "Повторение однокоренных слов.", "tag": "", "type": "Р.тавт", "subtype": "", "comment": "", "correction": ""}, {"id": 1, "group": "error", "startSelection": 227, "endSelection": 245, "explanation": "Проблему можно «поставить», «выдвинуть», «обозначить» или «рассмотреть», но лучше ее не «поднимать».", "tag": "", "type": "Р.СОЧЕТ", "subtype": null, "comment": "", "correction": ""}, {"id": 2, "group": "error", "startSelection": 266, "endSelection": 272, "explanation": "Повторение однокоренных слов.", "tag": "", "type": "Р.тавт", "subtype": "", "comment": "", "correction": ""}, {"id": 3, "group": "error", "startSelection": 320, "endSelection": 328, "explanation": "Повторение одного и того же слова в разных формах.", "tag": "", "type": "Р.повтор", "subtype": "", "comment": "", "correction": ""}, {"id": 4, "group": "error", "startSelection": 371, "endSelection": 378, "explanation": "Повторение одного и того же слова в разных формах.", "tag": "", "type": "Р.повтор", "subtype": "", "comment": "", "correction": ""}, {"id": 5, "group": "error", "startSelection": 452, "endSelection": 459, "explanation": "Повторение одного и того же слова в разных формах.", "tag": "", "type": "Р.повтор", "subtype": "", "comment": "", "correction": ""}, {"id": 6, "group": "error", "startSelection": 461, "endSelection": 469, "explanation": "Повторение однокоренных слов.", "tag": "", "type": "Р.тавт", "subtype": "", "comment": "", "correction": ""}, {"id": 7, "group": "error", "startSelection": 562, "endSelection": 564, "explanation": "Не хватает пробела.", "tag": "message.txt: 4:0", "type": "А.лекс", "subtype": "конт", "comment": "", "correction": "х -"}, {"id": 8, "group": "error", "startSelection": 580, "endSelection": 585, "explanation": "Нет предлога перед существительным {\"Иване\"}, находящимся в предложном падеже. Возможно, потерян предлог или имеется ошибка в окончании.", "tag": "message.txt: 2:5", "type": "А.лекс", "subtype": "конт", "comment": "", "correction": ""}, {"id": 9, "group": "error", "startSelection": 2117, "endSelection": 2130, "explanation": "Превосходную степень «главнейший» незачем дополнительно усиливать словом «самый».", "tag": "", "type": "Г.ЛИШН", "subtype": "лишн", "comment": "", "correction": ""}, {"id": 10, "group": "error", "startSelection": 2512, "endSelection": 2539, "explanation": "Поменяйте эти прилагательные местами или выберите менее строгий стиль грамматической  проверки. Обычно качественное прилагательное предшествует относительному.", "tag": "message.txt: 3:13", "type": "А.лекс", "subtype": "конт", "comment": "", "correction": "консервативного московского"}, {"id": 11, "group": "error", "startSelection": 2606, "endSelection": 2611, "explanation": "Разговорное выражение, придающее тексту непринуждённый характер.", "tag": "RAZG.doc -666703727", "type": "А.лекс", "subtype": "конт", "comment": "", "correction": ""}, {"id": 12, "group": "error", "startSelection": 2998, "endSelection": 3003, "explanation": "", "tag": "REPLACE_n-i-f_n-e-f", "type": "А.лекс", "subtype": "конт", "comment": "", "correction": "книге"}, {"id": 13, "group": "error", "startSelection": 4343, "endSelection": 4356, "explanation": "Превосходную степень «главнейший» незачем дополнительно усиливать словом «самый».", "tag": "", "type": "Г.ЛИШН", "subtype": "лишн", "comment": "", "correction": ""}, {"id": 15, "group": "meaning", "startSelection": 221, "endSelection": 329, "type": "ПРОБЛЕМА", "subtype": "", "explanation": "", "correction": "", "tag": "", "comment": ""}, {"id": 16, "group": "meaning", "startSelection": 330, "endSelection": 754, "type": "ПРИМЕР", "subtype": "", "explanation": "", "correction": "", "tag": "", "comment": ""}, {"id": 17, "group": "meaning", "startSelection": 755, "endSelection": 968, "type": "ПОЯСНЕНИЕ", "subtype": "", "explanation": "", "correction": "", "tag": "", "comment": ""}, {"id": 18, "group": "meaning", "startSelection": 969, "endSelection": 1145, "type": "ПРИМЕР", "subtype": "", "explanation": "", "correction": "", "tag": "", "comment": ""}, {"id": 19, "group": "meaning", "startSelection": 1146, "endSelection": 1285, "type": "ПОЯСНЕНИЕ", "subtype": "", "explanation": "", "correction": "", "tag": "", "comment": ""}, {"id": 20, "group": "meaning", "startSelection": 1286, "endSelection": 1360, "type": "ПРИМЕР", "subtype": "", "explanation": "", "correction": "", "tag": "", "comment": ""}, {"id": 21, "group": "meaning", "startSelection": 1362, "endSelection": 1682, "type": "ПОЗИЦИЯ", "subtype": "", "explanation": "", "correction": "", "tag": "", "comment": ""}, {"id": 22, "group": "meaning", "startSelection": 1683, "endSelection": 4594, "type": "ОТНОШЕНИЕ", "subtype": "", "explanation": "", "correction": "", "tag": "", "comment": ""}]}