{"meta": {"uuid": "c98cd7c1-eadf-4572-b9b9-e40fed449503", "id": "0002755", "name": "0002755_ru_rus_problema_vybora_istinnyh_i_lojnyh_cennostey_noexp.txt", "subject": "rus", "test": "егэ тренировка", "category": "", "year": 2019, "class": "11", "theme": "Проблема выбора истинных и ложных ценностей (по тексту А.С.Грина)", "taskText": "(1)Когда Скоков пришёл к полному, тысячу раз проверенному убеждению, что такому заурядному, как он, такому незначительному, тихому человеку суждено до конца дней служить в канцелярии на семидесяти пяти рублях жалованья, он наметил для себя в будущем некий торжественный и блестящий скачок.\n(2)«Скачок» этот заключался в следующем: Скоков решил ровно десять лет быть скупым, жить впроголодь, спать в собачьем углу, но зато, скопив ровно десять тысяч рублей, истратить их до последней копейки в 24 часа на\nроскошь, еду, напитки, развлечения – с такой же лёгкостью и сознанием силы денег, какие присущи миллионерам. (3)Вознаградив себя таким образом за все лишения и будущего, и прошлого, Скоков рассчитывал ещё получать с этого «капитального» дня проценты: воспоминания. (4)Один сказочный день наслаждений он ставил центром, целью и смыслом жизни. (5)У него не было ничего, он же хотел всего.\n(6)Несчастье Скокова заключалось в том, что он был наделён огромным пассивным упорством в противовес упорству активному, он мог лишь придержать то, что есть, а бороться было не в его характере.\n(7)…Итак, 8-го ноября 19… года Скоков положил в банк своё первое накопление: 65 рублей 17 копеек.\n(8)С небольшими отступлениями от названной цифры сумма эта вносилась каждый месяц в течение десяти лет, и к финальному дню вклад Скокова равнялся девяти тысячам восьмистам двум рублям.\n(9)Скоков взял пятидневный отпуск.\n(10)В этот же день он вынул из банка все деньги и запер их в своём крошечном сундуке. (11)А следующий день – канун – Скоков намеревался употребить для приготовлений: оповестить и пригласить сослуживцев, снять ресторанный зал с кабинетами, потревожить портных, цветочные магазины – выполнить всё необходимое кутящему миллионеру.\n(12)Однако, пока он продумывал всё это, в голове зашевелилась одна мысль. (13)Как примет организм после десятилетнего истинно аскетического образа жизни всё это обилие чувственных восприятий: вкус тонких, жирных, вкусных, преимущественно рыбных и мясных, яств? (14)Напряжённое волнение музыки? (15)Запах и блеск цветов?\n(16)Скоков сидел на сундуке с деньгами и думал, и понемногу настоящий страх охватил его: то, к чему он привык за десять лет нищеты: чёрный хлеб, тьма и уныние, – могли встать между ним и вожделенными наслаждениями, как спазм.\n(17)Скоков испугался возможного разочарования. (18)Душа его встрепенулась. (19)Наконец, после долгого колебания, Скоков решил произвести репетицию: коснуться той радужной области наслаждений, которые подготовлял так терпеливо и долго.\n(20)Взяв из сундука десять рублей, он по привычке бережно сложил бумажку вчетверо, глубоко засунул её в карман, оделся и вышел.\n(21)От одной мысли, что теперь он свободно и просто может зайти в любой ресторан, как умеющий и любящий пожить человек, сердце его забилось так сильно, как у других бьётся перед свиданием.\n(22)У освещённых дверей ресторана Скоков остановился, дрожа.\n(23)Волнуясь, вошёл. (24)Разделся. (25)И, чувствуя себя немного пьяным от света, звуков оркестриона и белизны столового белья, уселся. (26)Подумав, он заказал три блюда: мясное, рыбу и сладкое. (27)Он сознавал, что\nдействует, как во сне. (28)Контраст с прежним образом жизни был колоссален.\n(29)В течение двух часов он пережил сложный аромат горячего мяса, который был им совершенно забыт, вкус этого мяса, совершенно необыкновенный, поразительный и волшебный; запах и вкус рыбы, тонкая поджаренная корочка которой вызвала слёзы на его глазах, и обаяние десерта… (30)Как оказалось, даже этого было довольно, чтобы после десяти мрачных лет голодания, холода и мечтаний всё это показалось действительно венцом наслаждений. (31)Заснул Скоков счастливым как никогда.\n(32)…Утром он вспомнил всё, что было вчера, вспомнил, как собирался прожить сутки миллионером, и горько заплакал. (33)Ему жаль было этих десяти лет, ведь в них он мог получить то несложное счастье, о котором думал так много и представлял его земным раем.\n"}, "text": "В своем тексте А.С.Грин тавит проблему выбора истинных и ложных ценностей.\nДля комментирования данной пролемы я проанализирую фрагмент, в котором автор показывает такого героя, как Скоков, который определил для себя самую главную цель в жизни - накопить \"ровно десять тысяч рублей\". Для героя эта цель стала настоящем смыслом существования, ведь в его понимании один день богатой и праздной жизни есть истинное счастье, поэтому ради такого дня можно и постараться - десять лет ограничивать себя абсолютно во всём, но всё-таки заработать на \"один сказочный день\". Автор, описывая то, каким путём герой хочет идти к своей цели говорит о том, почему же Скоков заблуждался, выбирая свою цель и методы её достижения: будь у героя хоть немного силы духа, то и его ценности были бы иные.\nДалее А.С.Грин намекает на то, что герой выбрал для себя ложную, не нужную ему ценность, поэтому даже у Скокова появляются сомнения. Он начинает переживать, что ожидания от долгожданного дня не оправдаются и его организм будет не готов. Испугавшись, он решил устроить \"пробный выход\", взяв с собой десять рублей. Тут автор подчеркивает, что от привычек экономить герою уже не избавиться, несмотря на то, что главная цель жизни, казалось бы, достигнута: Скоков сложил бумажку вчетверо и спрятал её. В самом конце мы видим, что переживания героя оказались не напрасными. Он вдруг осознал, что потратил целы десять лет своей жизни, стремясь к тому, что по сути было ему не нужно. Теперь ему стало понятно, что истинные ценности заключаются совсем в другом, и это расстроило его, ведь он мог быть по-настоящему счастливым на протяжении такого долгого времени, нужно было просто не ошибиться в выборе ценностей.\nИсходя из рассуждений автора о проблеме выбора ценностей, можно сказать, что позиция Грина заключается в том, что от верного выбора приоритетов зависит, действительно, очень многое. Он искренне жалеет тех людей, что когда-то ошиблись в определении собственных ценностей, и теперь вынуждены тосковать о том времени, что они потеряли в погоне за ложным счастьем.\nЯ не могу не согласиться с мнением автора по данной проблеме. Безусловно, выбор жизненных ценностей не самый простой, но тем не менее, один из самых важных. Выбирая свои цели и приоритеты, нужно руководствоваться исключительно своими мыслями, а не тем, что считается важным в обществе, иначе есть риск разочароваться.\nДанная точка зрения раскрыта в рассказе Бунина \"Господин из Сан-Франциско\". Герой рассказа очень долго планировал свое будущее путешествие, старался заработать на него. Однако, выбирая места для посещения, Господин обращал внимание только на те места, о которых говорили в обществе. В итоге, герой не насладился своим недолгим путешествием, а лишь делал вид, что всё идет так, как он и мечтал.\nТаким образом, проблема выбора ценностей, а так же способность человека отличать истинные приоритеты от ложных - это по-настоящему очень важно, потому что это в значительной степени влияет на судьбу человека.", "fileName": "0002755.json", "selections": [{"id": 0, "group": "error", "startSelection": 0, "endSelection": 14, "explanation": "Слово «свой» в контекстах вроде «писатель в своём тексте рассказывает...» избыточно.", "tag": "", "type": "Р.ЛИШН", "subtype": "лишн", "comment": "", "correction": ""}, {"id": 1, "group": "error", "startSelection": 74, "endSelection": 281, "explanation": "Возможно, предложение не согласовано.", "tag": "message.txt: 2:3", "type": "А.лекс", "subtype": "конт", "comment": "", "correction": ""}, {"id": 2, "group": "error", "startSelection": 216, "endSelection": 229, "explanation": "Превосходную степень «главнейший» незачем дополнительно усиливать словом «самый».", "tag": "", "type": "Г.ЛИШН", "subtype": "лишн", "comment": "", "correction": ""}, {"id": 3, "group": "error", "startSelection": 230, "endSelection": 234, "explanation": "Повторение одного и того же слова.", "tag": "", "type": "Р.повтор", "subtype": "", "comment": "", "correction": ""}, {"id": 4, "group": "error", "startSelection": 282, "endSelection": 561, "explanation": "Слишком сложное предложение для согласования. Вероятно, оно также трудно для чтения. Попробуйте упростить предложение или разбить его на несколько более коротких.", "tag": "message.txt: 2:3", "type": "А.лекс", "subtype": "конт", "comment": "", "correction": ""}, {"id": 5, "group": "error", "startSelection": 308, "endSelection": 317, "explanation": "", "tag": "REPLACE_adj-em_adj-im", "type": "А.лекс", "subtype": "конт", "comment": "", "correction": "настоящим"}, {"id": 6, "group": "error", "startSelection": 297, "endSelection": 301, "explanation": "Повторение одного и того же слова.", "tag": "", "type": "Р.повтор", "subtype": "", "comment": "", "correction": ""}, {"id": 7, "group": "error", "startSelection": 614, "endSelection": 619, "explanation": "Повторение одного и того же слова в разных формах.", "tag": "", "type": "Р.повтор", "subtype": "", "comment": "", "correction": ""}, {"id": 8, "group": "error", "startSelection": 678, "endSelection": 682, "explanation": "Повторение одного и того же слова в разных формах.", "tag": "", "type": "Р.повтор", "subtype": "", "comment": "", "correction": ""}, {"id": 9, "group": "error", "startSelection": 1397, "endSelection": 1408, "explanation": "Слово «свой» применительно к жизни часто избыточно, поскольку жизнь у человека всегда «своя».", "tag": "", "type": "Р.ЛИШН", "subtype": "лишн", "comment": "", "correction": ""}, {"id": 10, "group": "error", "startSelection": 1497, "endSelection": 1505, "explanation": "Повторение одного и того же слова в разных формах.", "tag": "", "type": "Р.повтор", "subtype": "", "comment": "", "correction": ""}, {"id": 11, "group": "error", "startSelection": 1670, "endSelection": 1676, "explanation": "Повторение одного и того же слова в разных формах.", "tag": "", "type": "Р.повтор", "subtype": "", "comment": "", "correction": ""}, {"id": 12, "group": "error", "startSelection": 1677, "endSelection": 1686, "explanation": "Повторение одного и того же слова в разных формах.", "tag": "", "type": "Р.повтор", "subtype": "", "comment": "", "correction": ""}, {"id": 13, "group": "error", "startSelection": 1805, "endSelection": 1812, "explanation": "", "tag": "REPLACE_верный_правильный", "type": "А.лекс", "subtype": "конт", "comment": "", "correction": "правильного"}, {"id": 14, "group": "error", "startSelection": 1728, "endSelection": 1734, "explanation": "Повторение одного и того же слова в разных формах.", "tag": "", "type": "Р.повтор", "subtype": "", "comment": "", "correction": ""}, {"id": 15, "group": "error", "startSelection": 1735, "endSelection": 1744, "explanation": "Повторение одного и того же слова в разных формах.", "tag": "", "type": "Р.повтор", "subtype": "", "comment": "", "correction": ""}, {"id": 16, "group": "error", "startSelection": 1813, "endSelection": 1819, "explanation": "Повторение одного и того же слова в разных формах.", "tag": "", "type": "Р.повтор", "subtype": "", "comment": "", "correction": ""}, {"id": 17, "group": "error", "startSelection": 1948, "endSelection": 1957, "explanation": "Повторение одного и того же слова в разных формах.", "tag": "", "type": "Р.повтор", "subtype": "", "comment": "", "correction": ""}, {"id": 18, "group": "error", "startSelection": 2192, "endSelection": 2204, "explanation": "Превосходную степень «важнейший» незачем дополнительно усиливать словом «самый».", "tag": "", "type": "Г.ЛИШН", "subtype": "лишн", "comment": "", "correction": ""}, {"id": 19, "group": "error", "startSelection": 2123, "endSelection": 2128, "explanation": "Повторение однокоренных слов.", "tag": "", "type": "Р.тавт", "subtype": "", "comment": "", "correction": ""}, {"id": 20, "group": "error", "startSelection": 2139, "endSelection": 2148, "explanation": "Повторение одного и того же слова в разных формах.", "tag": "", "type": "Р.повтор", "subtype": "", "comment": "", "correction": ""}, {"id": 21, "group": "error", "startSelection": 2170, "endSelection": 2173, "explanation": "Повторение одного и того же слова.", "tag": "", "type": "Р.повтор", "subtype": "", "comment": "", "correction": ""}, {"id": 22, "group": "error", "startSelection": 2198, "endSelection": 2204, "explanation": "Повторение одного и того же слова в разных формах.", "tag": "", "type": "Р.повтор", "subtype": "", "comment": "", "correction": ""}, {"id": 23, "group": "error", "startSelection": 2206, "endSelection": 2213, "explanation": "Повторение однокоренных слов.", "tag": "", "type": "Р.тавт", "subtype": "", "comment": "", "correction": ""}, {"id": 24, "group": "error", "startSelection": 2214, "endSelection": 2218, "explanation": "Повторение одного и того же слова в разных формах.", "tag": "", "type": "Р.повтор", "subtype": "", "comment": "", "correction": ""}, {"id": 25, "group": "error", "startSelection": 2276, "endSelection": 2282, "explanation": "Повторение одного и того же слова в разных формах.", "tag": "", "type": "Р.повтор", "subtype": "", "comment": "", "correction": ""}, {"id": 26, "group": "error", "startSelection": 2297, "endSelection": 2300, "explanation": "Повторение одного и того же слова.", "tag": "", "type": "Р.повтор", "subtype": "", "comment": "", "correction": ""}, {"id": 27, "group": "error", "startSelection": 2316, "endSelection": 2322, "explanation": "Повторение одного и того же слова в разных формах.", "tag": "", "type": "Р.повтор", "subtype": "", "comment": "", "correction": ""}, {"id": 28, "group": "error", "startSelection": 2398, "endSelection": 2406, "explanation": "Повторение одного и того же слова в разных формах.", "tag": "", "type": "Р.повтор", "subtype": "", "comment": "", "correction": ""}, {"id": 29, "group": "error", "startSelection": 2449, "endSelection": 2457, "explanation": "Повторение одного и того же слова в разных формах.", "tag": "", "type": "Р.повтор", "subtype": "", "comment": "", "correction": ""}, {"id": 30, "group": "error", "startSelection": 2481, "endSelection": 2485, "explanation": "Повторение одного и того же слова в разных формах.", "tag": "", "type": "Р.повтор", "subtype": "", "comment": "", "correction": ""}, {"id": 31, "group": "error", "startSelection": 2494, "endSelection": 2505, "explanation": "Повторение одинаковых и однокоренных слов.", "tag": "", "type": "Р.тавт", "subtype": "", "comment": "", "correction": ""}, {"id": 32, "group": "error", "startSelection": 2552, "endSelection": 2557, "explanation": "Повторение одного и того же слова.", "tag": "", "type": "Р.повтор", "subtype": "", "comment": "", "correction": ""}, {"id": 33, "group": "error", "startSelection": 2612, "endSelection": 2617, "explanation": "Повторение одного и того же слова.", "tag": "", "type": "Р.повтор", "subtype": "", "comment": "", "correction": ""}, {"id": 34, "group": "error", "startSelection": 2679, "endSelection": 2684, "explanation": "Повторение одного и того же слова в разных формах.", "tag": "", "type": "Р.повтор", "subtype": "", "comment": "", "correction": ""}, {"id": 35, "group": "error", "startSelection": 2694, "endSelection": 2706, "explanation": "Повторение одинаковых и однокоренных слов.", "tag": "", "type": "Р.тавт", "subtype": "", "comment": "", "correction": ""}, {"id": 36, "group": "error", "startSelection": 2734, "endSelection": 2738, "explanation": "Повторение одинаковых и однокоренных слов.", "tag": "", "type": "Р.тавт", "subtype": "", "comment": "", "correction": ""}, {"id": 37, "group": "error", "startSelection": 2739, "endSelection": 2742, "explanation": "Повторение одного и того же слова.", "tag": "", "type": "Р.повтор", "subtype": "", "comment": "", "correction": ""}, {"id": 38, "group": "error", "startSelection": 2760, "endSelection": 2969, "explanation": "Возможно, предложение не согласовано.", "tag": "message.txt: 2:3", "type": "А.лекс", "subtype": "конт", "comment": "", "correction": ""}, {"id": 39, "group": "error", "startSelection": 2805, "endSelection": 2811, "explanation": "", "tag": "REPLACE_то+же_тоже", "type": "А.лекс", "subtype": "конт", "comment": "", "correction": "также"}, {"id": 40, "group": "error", "startSelection": 2805, "endSelection": 2808, "explanation": "Повторение одного и того же слова.", "tag": "", "type": "Р.повтор", "subtype": "", "comment": "", "correction": ""}, {"id": 41, "group": "error", "startSelection": 2824, "endSelection": 2832, "explanation": "Повторение одного и того же слова.", "tag": "", "type": "Р.повтор", "subtype": "", "comment": "", "correction": ""}, {"id": 42, "group": "error", "startSelection": 2874, "endSelection": 2877, "explanation": "Повторение одного и того же слова.", "tag": "", "type": "Р.повтор", "subtype": "", "comment": "", "correction": ""}, {"id": 43, "group": "error", "startSelection": 2916, "endSelection": 2919, "explanation": "Повторение одного и того же слова.", "tag": "", "type": "Р.повтор", "subtype": "", "comment": "", "correction": ""}, {"id": 44, "group": "error", "startSelection": 2960, "endSelection": 2968, "explanation": "Повторение одного и того же слова.", "tag": "", "type": "Р.повтор", "subtype": "", "comment": "", "correction": ""}, {"id": 46, "group": "meaning", "startSelection": 0, "endSelection": 74, "type": "ПРОБЛЕМА", "subtype": "", "explanation": "", "correction": "", "tag": "", "comment": ""}, {"id": 47, "group": "meaning", "startSelection": 75, "endSelection": 282, "type": "ПРИМЕР", "subtype": "", "explanation": "", "correction": "", "tag": "", "comment": ""}, {"id": 48, "group": "meaning", "startSelection": 283, "endSelection": 562, "type": "ПРИМЕР", "subtype": "", "explanation": "", "correction": "", "tag": "", "comment": ""}, {"id": 49, "group": "meaning", "startSelection": 563, "endSelection": 780, "type": "ПОЗИЦИЯ", "subtype": "", "explanation": "", "correction": "", "tag": "", "comment": ""}, {"id": 50, "group": "meaning", "startSelection": 781, "endSelection": 1687, "type": "ПОЗИЦИЯ", "subtype": "", "explanation": "", "correction": "", "tag": "", "comment": ""}, {"id": 51, "group": "meaning", "startSelection": 1688, "endSelection": 2048, "type": "ПОЗИЦИЯ", "subtype": "", "explanation": "", "correction": "", "tag": "", "comment": ""}, {"id": 52, "group": "meaning", "startSelection": 2049, "endSelection": 2760, "type": "ОТНОШЕНИЕ", "subtype": "", "explanation": "", "correction": "", "tag": "", "comment": ""}]}