{"meta": {"uuid": "bafde20a-2843-4841-93b5-0eef8df61094", "id": "0002384", "name": "0002384_ru_rus_problema_vliyaniya_nauchno_tehnicheskogo_progressa_na_jizn_lyudey_noexp.txt", "subject": "rus", "test": "егэ тренировка", "category": "", "year": 2017, "class": "11", "theme": "Проблема влияния научно-технического прогресса на жизнь людей (По тексту В. Солоухина)", "taskText": "(1)В редакции мне сказали: поскольку вы всё равно едете в деревню и будете там некоторое время жить, поинтересуйтесь, пожалуйста, телевизором. (2)Я обещал.\n(3)Было у меня, конечно, и некоторое своё отношение к телевизору. (4)Я тотчас вспомнил свой разговор с одним английским фермером, гостеприимством которого я однажды воспользовался. (5)Он назвал тогда телевизор бедствием, в особенности для молодых его дочерей.\n— (6)Телевизор вырабатывает пассивность! — горячился фермер. — (7)Вы только подумайте, мои дочери, вместо того чтобы упражняться на скрипке или фортепиано, вместо того чтобы читать и развивать своё воображение, вместо того чтобы коллекционировать бабочек или лекарственные травы, вместо того чтобы вышивать, сидят целыми вечерами, уставившись в это серое пятно. (8)Время проходит, всем кажется, что все заняты делом или, по крайней мере, умело используют досуг. (9)Но потом серое пятно гаснет и — всё. (10)Пустота. (11)Ничего не осталось, ничего не прибавилось: ни умения играть на скрипке, ни умения кататься верхом...\n(12)Считая, что в формировании грядущих поколений телевизоры играют не первую роль, я всё же однажды написал статью «Творец или зритель?» в том смысле, что если раньше в деревне пели сами, то теперь только слушают, как поют, если раньше плясали сами, то теперь только смотрят, как пляшут, и так далее, то есть вырабатывается постепенно потребительское отношение к искусству вместо активного, живого, творческого.\n(13)Теперь же предстояло поинтересоваться, как потребляют, что потребляют и каковы пожелания в области потребления.\n(14)С такими-то данными и с вопросником в кармане я оглянулся вокруг, встав посреди нашей деревни. (15)В ней сейчас тридцать три дома. (16)Над одиннадцатью крышами поднимаются антенны. (17)Первый телевизор куплен в 1959 году, последний — неделю назад.\n(18)Оказалось, что по степени интереса на первом месте стоит кино. (19)3атем постановки, то есть спектакли. (20)На третьем месте — футбол, «Клуб путешественников», пение, концерты, «Огонёк».\n(21)Интересно, что, так сказать, наименьшее количество очков, а именно по круглому нулю, получили, с одной стороны, симфоническая и всякая оркестровая музыка и даже опера, а с другой стороны, беседы по агротехнике и вообще специальные сельскохозяйственные передачи. (22)Над этим стоит задуматься. (23)Представьте себе передачу об основах стихосложения. (24)Думаете, её стали бы слушать и смотреть поэты? (25)Отнюдь. (26)Она была бы интереснее всем непоэтам, желающим коснуться тайны чуждой профессии. (27)Так и рассказ об уборке чая или культивации почвы интереснее городскому человеку.\n"}, "text": "Телевидение. Как изменило оно нашу жизнь? Почему сегодня мы часами проводим у телевизора, предпочитая его живому общению, увлечениям? Эти и другие вопросы возникли у меня после прочтения текста В.Солоухина.\nВ своём тексте автор поднимает проблему влияния научно-технического прогресса на жизнь людей. Он рассказывает о своей командировке в деревню. «В ней сейчас тридцать три дома. Над одиннадцатью крышами поднимаются антенны». Журналист поставил цель узнать, что предпочитают смотреть жители деревни. У него уже был опыт изучения этой темы. Разговор с английским фермером, который назвал «телевизор бедствием, в особенности для молодых его дочерей». Однажды он даже написал статью «Творец или зритель?», имея в виду, что раньше пели сами, теперь смотрят, как поют, раньше плясали сами, теперь смотрят, как пляшут. Вывод был неутешителен: «вырабатывается постепенно потребительское отношение к искусству вместо активного, живого, творческого». Вот и в этот раз опрос показал, что люди предпочитают смотреть и слушать о тайнах «чуждой им профессии», чем беседы, например, по агротехнике. А оперу, симфоническую музыку полностью вытесняют другие музыкальные жанры. Проблема, которую поднимает автор, заставила меня задуматься о влиянии технического прогресса на нашу жизнь.\nПозиция автора понятна: технический прогресс таит угрозы для человечества. С одной стороны, телевизор – это возможность узнать что-то новое, разнообразить свою жизнь. С другой, время, которое мы проводим у «ящика», мы отнимаем у реальной жизни. Меньше общаясь, занимаясь физическим и творческим трудом.\nЯ разделяю позицию автора. Сегодня уже точно можно сказать, что автор был прав. Теперь в каждой семье несколько телевизоров, компьютеры, айфоны. Они заполнили нашу жизнь, мы сегодня уже с трудом представляем, как могли жить наши предки без мобильников, интернета. А ведь могли! И жили настоящей жизнью, а не виртуальной. Если у взрослых есть иммунитет, то дети часто с головой уходят в виртуальную жизнь, сутками сидя за компьютером. И это, конечно, вызывает огромную тревогу.\nВ романе-антиутопии Рэя Бредбери «451 градус по Фаренгейту» мы видим, как далеко зашёл технический прогресс. Ракетные автомобили, несгораемые дома. Телевизионные антенны во все стены, с которых за определённую плату с вами общаются многочисленные родственники, обращаясь именно к вам. И не осталось места для живого общения, исчезли книги, стихи. Люди уже не смотрят на звёзды и не замечают красоту природы. Счастливы ли они? Конечно, нет. Гай Монтег понимает это. А Милдред убеждает себя в обратном, время от времени совершая попытки самоубийства. Технические новинки делают жизнь комфортнее, разнообразнее, но вряд ли могут принести человеку счастье.\nМы не можем остановить технический прогресс. Процесс запущен. Но учёные бьют тревогу. Нужно понимать, что модные технические штуки должны служить нам, общение с ними должно быть ограничено. А сегодня ощущение, что это мы становимся рабами технического прогресса и стремительно несёмся в… бездну.", "fileName": "0002384.json", "selections": [{"id": 0, "group": "error", "startSelection": 90, "endSelection": 101, "explanation": "Повторение однокоренных слов.", "tag": "", "type": "Р.тавт", "subtype": "", "comment": "", "correction": ""}, {"id": 1, "group": "error", "startSelection": 177, "endSelection": 186, "explanation": "Повторение однокоренных слов.", "tag": "", "type": "Р.тавт", "subtype": "", "comment": "", "correction": ""}, {"id": 2, "group": "error", "startSelection": 207, "endSelection": 221, "explanation": "Слово «свой» в контекстах вроде «писатель в своём тексте рассказывает...» избыточно.", "tag": "", "type": "Р.ЛИШН", "subtype": "лишн", "comment": "", "correction": ""}, {"id": 3, "group": "error", "startSelection": 228, "endSelection": 246, "explanation": "Проблему можно «поставить», «выдвинуть», «обозначить» или «рассмотреть», но лучше ее не «поднимать».", "tag": "", "type": "Р.СОЧЕТ", "subtype": null, "comment": "", "correction": ""}, {"id": 4, "group": "error", "startSelection": 209, "endSelection": 214, "explanation": "Повторение одного и того же слова в разных формах.", "tag": "", "type": "Р.повтор", "subtype": "", "comment": "", "correction": ""}, {"id": 5, "group": "error", "startSelection": 319, "endSelection": 324, "explanation": "Повторение одного и того же слова в разных формах.", "tag": "", "type": "Р.повтор", "subtype": "", "comment": "", "correction": ""}, {"id": 6, "group": "error", "startSelection": 651, "endSelection": 815, "explanation": "Предложение сложно для восприятия, так как перегружено глаголами. Попробуйте разбить его на несколько более коротких.", "tag": "message.txt: 3:2", "type": "А.лекс", "subtype": "конт", "comment": "", "correction": ""}, {"id": 7, "group": "error", "startSelection": 730, "endSelection": 734, "explanation": "Повторение одного и того же слова в разных формах.", "tag": "", "type": "Р.повтор", "subtype": "", "comment": "", "correction": ""}, {"id": 8, "group": "error", "startSelection": 761, "endSelection": 765, "explanation": "Повторение одного и того же слова в разных формах.", "tag": "", "type": "Р.повтор", "subtype": "", "comment": "", "correction": ""}, {"id": 9, "group": "error", "startSelection": 774, "endSelection": 781, "explanation": "Повторение одного и того же слова в разных формах.", "tag": "", "type": "Р.повтор", "subtype": "", "comment": "", "correction": ""}, {"id": 10, "group": "error", "startSelection": 808, "endSelection": 814, "explanation": "Повторение одного и того же слова в разных формах.", "tag": "", "type": "Р.повтор", "subtype": "", "comment": "", "correction": ""}, {"id": 11, "group": "error", "startSelection": 1088, "endSelection": 1089, "explanation": "", "tag": "REPLACE_а_в", "type": "А.лекс", "subtype": "конт", "comment": "", "correction": "В"}, {"id": 12, "group": "error", "startSelection": 1111, "endSelection": 1117, "explanation": "Повторение однокоренных слов.", "tag": "", "type": "Р.тавт", "subtype": "", "comment": "", "correction": ""}, {"id": 13, "group": "error", "startSelection": 1145, "endSelection": 1156, "explanation": "Повторение однокоренных слов.", "tag": "", "type": "Р.тавт", "subtype": "", "comment": "", "correction": ""}, {"id": 14, "group": "error", "startSelection": 1235, "endSelection": 1247, "explanation": "Повторение одного и того же слова в разных формах.", "tag": "", "type": "Р.повтор", "subtype": "", "comment": "", "correction": ""}, {"id": 15, "group": "error", "startSelection": 1248, "endSelection": 1257, "explanation": "Повторение одного и того же слова в разных формах.", "tag": "", "type": "Р.повтор", "subtype": "", "comment": "", "correction": ""}, {"id": 16, "group": "error", "startSelection": 1297, "endSelection": 1308, "explanation": "Повторение одного и того же слова в разных формах.", "tag": "", "type": "Р.повтор", "subtype": "", "comment": "", "correction": ""}, {"id": 17, "group": "error", "startSelection": 1309, "endSelection": 1317, "explanation": "Повторение одного и того же слова в разных формах.", "tag": "", "type": "Р.повтор", "subtype": "", "comment": "", "correction": ""}, {"id": 18, "group": "error", "startSelection": 1428, "endSelection": 1438, "explanation": "Слово «свой» применительно к жизни часто избыточно, поскольку жизнь у человека всегда «своя».", "tag": "", "type": "Р.ЛИШН", "subtype": "лишн", "comment": "", "correction": ""}, {"id": 19, "group": "error", "startSelection": 1735, "endSelection": 1739, "explanation": "Повторение одного и того же слова в разных формах.", "tag": "", "type": "Р.повтор", "subtype": "", "comment": "", "correction": ""}, {"id": 20, "group": "error", "startSelection": 1789, "endSelection": 1794, "explanation": "Повторение одного и того же слова.", "tag": "", "type": "Р.повтор", "subtype": "", "comment": "", "correction": ""}, {"id": 21, "group": "error", "startSelection": 1795, "endSelection": 1799, "explanation": "Повторение одинаковых и однокоренных слов.", "tag": "", "type": "Р.тавт", "subtype": "", "comment": "", "correction": ""}, {"id": 22, "group": "error", "startSelection": 1800, "endSelection": 1804, "explanation": "Повторение одного и того же слова в разных формах.", "tag": "", "type": "Р.повтор", "subtype": "", "comment": "", "correction": ""}, {"id": 23, "group": "error", "startSelection": 1847, "endSelection": 1852, "explanation": "Повторение одного и того же слова.", "tag": "", "type": "Р.повтор", "subtype": "", "comment": "", "correction": ""}, {"id": 24, "group": "error", "startSelection": 1856, "endSelection": 1860, "explanation": "Повторение одинаковых и однокоренных слов.", "tag": "", "type": "Р.тавт", "subtype": "", "comment": "", "correction": ""}, {"id": 25, "group": "error", "startSelection": 1871, "endSelection": 1877, "explanation": "Повторение одинаковых и однокоренных слов.", "tag": "", "type": "Р.повтор", "subtype": "", "comment": "", "correction": ""}, {"id": 26, "group": "error", "startSelection": 1884, "endSelection": 1895, "explanation": "Повторение одного и того же слова в разных формах.", "tag": "", "type": "Р.повтор", "subtype": "", "comment": "", "correction": ""}, {"id": 27, "group": "error", "startSelection": 1962, "endSelection": 1973, "explanation": "Повторение одного и того же слова в разных формах.", "tag": "", "type": "Р.повтор", "subtype": "", "comment": "", "correction": ""}, {"id": 28, "group": "error", "startSelection": 1974, "endSelection": 1979, "explanation": "Повторение одинаковых и однокоренных слов.", "tag": "", "type": "Р.повтор", "subtype": "", "comment": "", "correction": ""}, {"id": 29, "group": "error", "startSelection": 2271, "endSelection": 2275, "explanation": "Повторение одного и того же слова в разных формах.", "tag": "", "type": "Р.повтор", "subtype": "", "comment": "", "correction": ""}, {"id": 30, "group": "error", "startSelection": 2276, "endSelection": 2284, "explanation": "Повторение однокоренных слов.", "tag": "", "type": "Р.тавт", "subtype": "", "comment": "", "correction": ""}, {"id": 31, "group": "error", "startSelection": 2333, "endSelection": 2336, "explanation": "Повторение одного и того же слова в разных формах.", "tag": "", "type": "Р.повтор", "subtype": "", "comment": "", "correction": ""}, {"id": 32, "group": "error", "startSelection": 2343, "endSelection": 2357, "explanation": "Не согласованы сказуемое  {\"осталось\"} с подлежащим  {\"места\"}.", "tag": "Podlezh_i_skaz_a.doc 995591286", "type": "А.лекс", "subtype": "конт", "comment": "", "correction": ""}, {"id": 33, "group": "error", "startSelection": 2343, "endSelection": 2351, "explanation": "Не согласованы сказуемое  {\"осталось\"} с подлежащим  {\"места\"}.", "tag": "Podlezh_i_skaz_a.doc 995591286", "type": "А.лекс", "subtype": "конт", "comment": "", "correction": ""}, {"id": 34, "group": "error", "startSelection": 2352, "endSelection": 2357, "explanation": "Не согласованы сказуемое  {\"осталось\"} с подлежащим  {\"места\"}.", "tag": "Podlezh_i_skaz_a.doc 995591286", "type": "А.лекс", "subtype": "конт", "comment": "", "correction": ""}, {"id": 35, "group": "error", "startSelection": 2369, "endSelection": 2376, "explanation": "Повторение однокоренных слов.", "tag": "", "type": "Р.тавт", "subtype": "", "comment": "", "correction": ""}, {"id": 36, "group": "error", "startSelection": 2554, "endSelection": 2559, "explanation": "Повторение одного и того же слова в разных формах.", "tag": "", "type": "Р.повтор", "subtype": "", "comment": "", "correction": ""}, {"id": 37, "group": "error", "startSelection": 2563, "endSelection": 2570, "explanation": "Повторение одного и того же слова в разных формах.", "tag": "", "type": "Р.повтор", "subtype": "", "comment": "", "correction": ""}, {"id": 38, "group": "error", "startSelection": 2602, "endSelection": 2613, "explanation": "Повторение одного и того же слова в разных формах.", "tag": "", "type": "Р.повтор", "subtype": "", "comment": "", "correction": ""}, {"id": 39, "group": "error", "startSelection": 2673, "endSelection": 2678, "explanation": "Повторение одного и того же слова в разных формах.", "tag": "", "type": "Р.повтор", "subtype": "", "comment": "", "correction": ""}, {"id": 40, "group": "error", "startSelection": 2712, "endSelection": 2717, "explanation": "Повторение одного и того же слова в разных формах.", "tag": "", "type": "Р.повтор", "subtype": "", "comment": "", "correction": ""}, {"id": 41, "group": "error", "startSelection": 2729, "endSelection": 2740, "explanation": "Повторение одного и того же слова в разных формах.", "tag": "", "type": "Р.повтор", "subtype": "", "comment": "", "correction": ""}, {"id": 42, "group": "error", "startSelection": 2819, "endSelection": 2830, "explanation": "Повторение одного и того же слова в разных формах.", "tag": "", "type": "Р.повтор", "subtype": "", "comment": "", "correction": ""}, {"id": 43, "group": "error", "startSelection": 2837, "endSelection": 2843, "explanation": "Повторение одного и того же слова в разных формах.", "tag": "", "type": "Р.повтор", "subtype": "", "comment": "", "correction": ""}, {"id": 44, "group": "error", "startSelection": 2872, "endSelection": 2878, "explanation": "Повторение одного и того же слова в разных формах.", "tag": "", "type": "Р.повтор", "subtype": "", "comment": "", "correction": ""}, {"id": 45, "group": "error", "startSelection": 2945, "endSelection": 2957, "explanation": "Повторение одного и того же слова в разных формах.", "tag": "", "type": "Р.повтор", "subtype": "", "comment": "", "correction": ""}, {"id": 47, "group": "meaning", "startSelection": 207, "endSelection": 300, "type": "ПРОБЛЕМА", "subtype": "", "explanation": "", "correction": "", "tag": "", "comment": ""}, {"id": 48, "group": "meaning", "startSelection": 301, "endSelection": 428, "type": "ПРИМЕР", "subtype": "", "explanation": "", "correction": "", "tag": "", "comment": ""}, {"id": 49, "group": "meaning", "startSelection": 429, "endSelection": 542, "type": "ПОЯСНЕНИЕ", "subtype": "", "explanation": "", "correction": "", "tag": "", "comment": ""}, {"id": 50, "group": "meaning", "startSelection": 543, "endSelection": 651, "type": "ПРИМЕР", "subtype": "", "explanation": "", "correction": "", "tag": "", "comment": ""}, {"id": 51, "group": "meaning", "startSelection": 652, "endSelection": 815, "type": "ПОЯСНЕНИЕ", "subtype": "", "explanation": "", "correction": "", "tag": "", "comment": ""}, {"id": 52, "group": "meaning", "startSelection": 816, "endSelection": 944, "type": "ПРИМЕР", "subtype": "", "explanation": "", "correction": "", "tag": "", "comment": ""}, {"id": 53, "group": "meaning", "startSelection": 945, "endSelection": 1163, "type": "ПОЯСНЕНИЕ", "subtype": "", "explanation": "", "correction": "", "tag": "", "comment": ""}, {"id": 54, "group": "meaning", "startSelection": 1164, "endSelection": 1272, "type": "ПРОБЛЕМА", "subtype": "", "explanation": "", "correction": "", "tag": "", "comment": ""}, {"id": 55, "group": "meaning", "startSelection": 1273, "endSelection": 1575, "type": "ПОЗИЦИЯ", "subtype": "", "explanation": "", "correction": "", "tag": "", "comment": ""}, {"id": 56, "group": "meaning", "startSelection": 1576, "endSelection": 3001, "type": "ОТНОШЕНИЕ", "subtype": "", "explanation": "", "correction": "", "tag": "", "comment": ""}]}