{"meta": {"uuid": "b33d2a7d-10c8-4418-9878-db80a939a275", "id": "0002892", "name": "0002892_ru_rus_problema_vybora_jiznennogo_puti_noexp.txt", "subject": "rus", "test": "егэ тренировка", "category": "", "year": 2019, "class": "11", "theme": "Проблема выбора жизненного пути (По тексту Л.Ф. Воронковой)", "taskText": "1)Второй час ожидания подходил к концу, когда Женя наконец вошла в кабинет отца, где Савелий Петрович, озабоченный и нахмуренный, читал какое-то заявление.\n– (2)Что надо? – резко спросил он, не поднимая глаз.\n(3)Женя, удивлённая его тоном, не сразу ответила.\n– (4)Это я, папа! – с достоинством сказала Женя. – (5)Я должна поговорить с тобой. (6)Вчера, на празднике, ты говорил, что молодёжь не должна уезжать из совхоза, что мы главная сила, без которой трудно будет строить новое, развивать то, что уже сделано. (7)Я тоже, как все наши ребята, решила остаться, а в вуз поступать можно и на заочный. (8)Вот пришла посоветоваться: если я останусь в совхозе, то как, по-твоему, за какую работу мне взяться? (9)Может, вместе с Руфой на утиную ферму?\n(10)Савелий Петрович выпил воды.\n– (11)Хорошо, поговорим спокойно. (12)Ты запомнила мою речь – и напрасно: я не для тебя произносил мою речь, не для тебя! (13)А для них, пойми ты это, ты же взрослая и должна понимать. (14)Мне – директору, хозяину – нужно, чтобы молодёжь осталась в совхозе, ведь это – сила нашего хозяйства, его молодая кровь, молодая мысль, это – его будущее. (15)Я обязан думать о будущем моего хозяйства, если даже меня самого здесь не будет.\n– (16)Так почему же я…\n– (17)Потому. (18)Садись и слушай. (19)И не вскакивай, когда с тобой разговаривают.\n(20)Женя послушно села, не сводя с отца широко открытых, почти испуганных глаз.\n– (21)Слушай, Женя, – мягко и задушевно сказал Савелий Петрович, и голос его стал бархатным, – поверь мне, я знаю, что такое труд в сельском хозяйстве, почём фунт лиха. (22)Я знаю, что такое холод, промокшие ноги, непогода – когда надо убирать хлеб, засуха – когда нужен дождь. (23)Знаю, что такое нехватка рабочей силы, когда на огороды наступают полчища сорняков или вредителей, когда хлеб и лён остаются неубранными в поле. (24)Сельское хозяйство подвержено всяким капризам и неожиданностям природы, стихиям, с которыми мы пока ещё не умеем справляться. (25)Вот посеял ты хлеб, выходил колос тяжёлый, чуть не до земли клонится… (26)Думаешь – урожай будь здоров! (27)И вдруг туча, град – и за десять минут всё, что взлелеял, пропало: одна изломанная, вбитая в грязь солома…\n– (28)Так если все решили остаться…\n– (29)По-до-жди! – Савелий Петрович хлопнул по столу рукой. – (30)Возьмём другие отрасли. (31)Ферма, утки, романтика! (32)На словах. (33)На бумаге. (34)А на деле – вечно в грязи, вечно с мокрыми, красными руками, вечно в сапогах с налипшей глиной. (35)И так всю жизнь! (36)Вот и вся романтика! (37)Зачем тебе эти утки? (38)Ты поступишь в институт, получишь настоящее образование, будешь учительницей, а потом директором школы… (39)Подумай ещё!\n(40)Женя сидела бледная, с неподвижным, словно застывшим взглядом, а Савелий Петрович схватил портфель и стремительно вышел из кабинета. (41)Женя не успела шагнуть на крыльцо, как его машина фыркнула газом и рывком сорвалась с места.\n(42)Женя вышла на улицу, ошеломлённая тем, что услышала. (43)Зелёный мир совхозной улицы, цветущих палисадников, мохнатой ромашки у кромки жёлтой от зачерствевшей глины дороги принял её в свою тишину. (44)Но Женя шла и не видела ничего: ни алых костров мальвы, ни цветущих лип над крышами, ни подёрнутых синевой дальних лесистых косогоров… (45)Чувство неслыханного разочарования оглушило её, как удар. (46)И это разговаривал с ней отец, которого она так безгранично уважала. (47)Он разговаривал с ней сейчас, как самый последний мещанин! (48)Пускай всё делают они: Руфа, Ваня, Юрка, Вера Грамова – все, кто угодно, но не она, потому что она директорская дочка Женя Каштанова!\n(49)Женя не заметила, как взбежала на бугор, как спустилась к озеру. (50)И здесь, у тихой, стеклянно-голубой воды, легла в высокую траву. (51)За все её восемнадцать лет была ли когда-нибудь минута, чтобы она в чём-нибудь не поверила отцу?\n(52)И здесь, у тихой воды, она вдруг поняла, что отец сказал ей правду, что он, как отец, действительно хочет для неё лучшей доли, чем совхозная жизнь утятницы! (53)Но он дал право выбора именно ей, не запретил, не настоял на своей воле, а сказал думать ещё! (54)И это осознание принесло ей облегчение, а решение остаться всё крепло в её сознании…\n"}, "text": "В предложенном для анализа тексте советская писательница Л.Ф.Воронкова поднимает проблему самостоятельного выбора жизненного пути молодым поколением.\nАвтор раскрывает ее на примере истории из жизни юной девушки. Писательница обращает наше внимание на тот факт, что Женя, после вдохновляющей речи ее отца о том, что хозяйству нужны свежие силы для развития, приняла решение остаться в совхозе и найти профессию, связанную с уходом за птицей. Главная героиня самостоятельно выбрала свой будущий путь. Однако автор также говорит нам о том, что отец Жени был против подобного решения. Он хотел для дочери только счастья, поэтому рассказал ей о всех трудностях, которые ждут её в совхозе. Он выразил свое мнение по этому вопросу, но не настоял на изменении решения. Таким образом, Воронкова, проводя параллель между этими двумя ситуациями, хочет обратить наше внимание на то, что отец, несмотря на недовольство, дал дочери сделать самостоятельный выбор.\nАвтор напрямую не высказывает своего отношения к происходящему, однако мы, читатели, понимаем, что писательница хотела донести до нас мысль о том, что молодой человек должен сам выбрать свой жизненный путь, а взрослые могут лишь давать ему советы.\nЯ полностью разделяю точку зрения автора и считаю, что молодежи необходимо прислушиваться к мнению старших, так как они обладают большим жизненным опытом, но принять решение она должна полностью самостоятельно.\nЯрким примером, доказывающим мою позицию является история жизни М. Ломоносова. Молодой человек увлекался наукой, однако в те времена занятия ей не сулили ни богатства, ни славы, поэтому отец с мачехой не поддерживали желание сына учиться. Они хотели поскорее его женить, надеясь, что семейные хлопоты заставят его забыть о книгах. Но Ломоносова такая перспектива не радовала, поэтому однажды ночью, когда вся семья спала, юноша сбежал из родительского дома. Если бы молодой человек поддался влиянию отца и отказался от своей мечты, то Россия потеряла бы одного из самых величайших ученых.Таким образом, родители любят своих детей и ради их счастья нередко навязывают им свое представление о жизни и идеалах, но каждый человек индивидуален и должен сам выбирать свой путь.\nВ заключение я хочу сказать, что выбор будущего пути – самый важный момент в жизни каждого и нужно принимать взвешенное решение, чтобы не испытать потом горького разочарования в будущем. Очень полезно слушать советы старших, ведь они стараются помочь молодым людям. Однако им стоит помнить, что это их жизнь, а значит все зависит от их решения.", "fileName": "0002892.json", "selections": [{"id": 0, "group": "error", "startSelection": 71, "endSelection": 89, "explanation": "Проблему можно «поставить», «выдвинуть», «обозначить» или «рассмотреть», но лучше ее не «поднимать».", "tag": "", "type": "Р.СОЧЕТ", "subtype": null, "comment": "", "correction": ""}, {"id": 1, "group": "error", "startSelection": 114, "endSelection": 124, "explanation": "Повторение однокоренных слов.", "tag": "", "type": "Р.тавт", "subtype": "", "comment": "", "correction": ""}, {"id": 2, "group": "error", "startSelection": 198, "endSelection": 210, "explanation": "В значение слова «девушка» уже входит идея молодости, так что слово «юная» здесь избыточно (плеоназм).", "tag": "", "type": "Р.ЛИШН", "subtype": "плеон", "comment": "", "correction": ""}, {"id": 3, "group": "error", "startSelection": 192, "endSelection": 197, "explanation": "Повторение однокоренных слов.", "tag": "", "type": "Р.тавт", "subtype": "", "comment": "", "correction": ""}, {"id": 4, "group": "error", "startSelection": 638, "endSelection": 639, "explanation": "В данном контексте рекомендуется употребление предлога [\"обо\"].", "tag": "message.txt: 5:0", "type": "А.лекс", "subtype": "конт", "comment": "", "correction": "обо"}, {"id": 5, "group": "error", "startSelection": 638, "endSelection": 639, "explanation": "", "tag": "REPLACE_о_обо", "type": "А.лекс", "subtype": "конт", "comment": "", "correction": "обо"}, {"id": 6, "group": "error", "startSelection": 1334, "endSelection": 1343, "explanation": "Повторение однокоренных слов.", "tag": "", "type": "Р.тавт", "subtype": "", "comment": "", "correction": ""}, {"id": 7, "group": "error", "startSelection": 1466, "endSelection": 1471, "explanation": "Повторение однокоренных слов.", "tag": "", "type": "Р.тавт", "subtype": "", "comment": "", "correction": ""}, {"id": 8, "group": "error", "startSelection": 1667, "endSelection": 1670, "explanation": "Повторение одного и того же слова.", "tag": "", "type": "Р.повтор", "subtype": "", "comment": "", "correction": ""}, {"id": 9, "group": "error", "startSelection": 1718, "endSelection": 1721, "explanation": "Повторение одного и того же слова.", "tag": "", "type": "Р.повтор", "subtype": "", "comment": "", "correction": ""}, {"id": 10, "group": "error", "startSelection": 1865, "endSelection": 2179, "explanation": "Слишком длинное предложение с точки зрения выбранного стиля проверки. Измените настройку, выберите более свободный стиль или разбейте это предложение на несколько более коротких.", "tag": "message.txt: 0:0", "type": "А.лекс", "subtype": "конт", "comment": "", "correction": ""}, {"id": 11, "group": "error", "startSelection": 1995, "endSelection": 1997, "explanation": "Не хватает пробела.", "tag": "message.txt: 4:0", "type": "А.лекс", "subtype": "конт", "comment": "", "correction": ". Т"}, {"id": 12, "group": "error", "startSelection": 1927, "endSelection": 1932, "explanation": "Повторение одного и того же слова в разных формах.", "tag": "", "type": "Р.повтор", "subtype": "", "comment": "", "correction": ""}, {"id": 13, "group": "error", "startSelection": 2026, "endSelection": 2031, "explanation": "Повторение одного и того же слова в разных формах.", "tag": "", "type": "Р.повтор", "subtype": "", "comment": "", "correction": ""}, {"id": 14, "group": "error", "startSelection": 2078, "endSelection": 2082, "explanation": "Повторение одного и того же слова в разных формах.", "tag": "", "type": "Р.повтор", "subtype": "", "comment": "", "correction": ""}, {"id": 15, "group": "error", "startSelection": 2160, "endSelection": 2168, "explanation": "Повторение однокоренных слов.", "tag": "", "type": "Р.тавт", "subtype": "", "comment": "", "correction": ""}, {"id": 16, "group": "error", "startSelection": 2235, "endSelection": 2247, "explanation": "Превосходную степень «важнейший» незачем дополнительно усиливать словом «самый».", "tag": "", "type": "Г.ЛИШН", "subtype": "лишн", "comment": "", "correction": ""}, {"id": 17, "group": "error", "startSelection": 2213, "endSelection": 2218, "explanation": "Повторение однокоренных слов.", "tag": "", "type": "Р.тавт", "subtype": "", "comment": "", "correction": ""}, {"id": 18, "group": "error", "startSelection": 2219, "endSelection": 2227, "explanation": "Повторение одного и того же слова в разных формах.", "tag": "", "type": "Р.повтор", "subtype": "", "comment": "", "correction": ""}, {"id": 19, "group": "error", "startSelection": 2358, "endSelection": 2365, "explanation": "Повторение одного и того же слова в разных формах.", "tag": "", "type": "Р.повтор", "subtype": "", "comment": "", "correction": ""}, {"id": 21, "group": "meaning", "startSelection": 0, "endSelection": 149, "type": "ПРОБЛЕМА", "subtype": "", "explanation": "", "correction": "", "tag": "", "comment": ""}, {"id": 22, "group": "meaning", "startSelection": 150, "endSelection": 211, "type": "ПРИМЕР", "subtype": "", "explanation": "", "correction": "", "tag": "", "comment": ""}, {"id": 23, "group": "meaning", "startSelection": 212, "endSelection": 440, "type": "ПРИМЕР", "subtype": "", "explanation": "", "correction": "", "tag": "", "comment": ""}, {"id": 24, "group": "meaning", "startSelection": 441, "endSelection": 498, "type": "ПОЯСНЕНИЕ", "subtype": "", "explanation": "", "correction": "", "tag": "", "comment": ""}, {"id": 25, "group": "meaning", "startSelection": 499, "endSelection": 948, "type": "ПОЗИЦИЯ", "subtype": "", "explanation": "", "correction": "", "tag": "", "comment": ""}, {"id": 26, "group": "meaning", "startSelection": 949, "endSelection": 1196, "type": "ПОЗИЦИЯ", "subtype": "", "explanation": "", "correction": "", "tag": "", "comment": ""}, {"id": 27, "group": "meaning", "startSelection": 1197, "endSelection": 2179, "type": "ОТНОШЕНИЕ", "subtype": "", "explanation": "", "correction": "", "tag": "", "comment": ""}]}