{"meta": {"uuid": "9e542b11-b488-406f-b8d6-1880e0611054", "id": "0002392", "name": "0002392_ru_rus_problema_licemeriya_noexp.txt", "subject": "rus", "test": "егэ тренировка", "category": "", "year": 2017, "class": "11", "theme": "Проблема лицемерия (По тексту А.П. Чехова)", "taskText": "(1) Небо заволокло злыми тучами, дождь печально колотил в стекла. (2) В задумчивой позе, с расстегнутым жилетом и заложив руки в карманы, стоял у окна и смотрел на хмурую улицу хозяин городского ломбарда Поликарп Семенович Иудин.\n(3) \"Ну что такое наша жизнь? – рассуждал он в унисон с плачущим небом. (4) – Что она такое? (5) Книга какая-то с массой страниц, на которых написано больше страданий и горя, чем радостей... (6) На что она нам дана? (7) Ведь не для печалей же бог, благой и всемогущий, создал мир! (8) А выходит наоборот. (9) Слез больше, чем смеха...»\n(10) Иудин вынул правую руку из кармана и почесал затылок.\n(11) \"Н-да, – продолжал он задумчиво, – в плане у мироздания, очевидно, не было нищеты, продажности и позора, а в жизни они есть. (12) Их создало само человечество. (13) Оно само породило этот бич. (14) А для чего, спрашивается, для чего?\"\n(15) Он вынул левую руку и скорбно провел ею по лицу.\n(16) \"А ведь как легко можно было бы помочь людскому горю: стоило бы только пальцем шевельнуть. (17) Вот, например, идет богатая похоронная процессия. (18) Шестерня лошадей в черных попонах везет пышный гроб, а сзади едет чуть ли не на версту вереница карет. (19) Факельщики важно выступают с фонарями. (20) На лошадях болтаются картонные гербы: хоронят важное лицо, должно быть, сановник умер. (21) А сделал ли он во всю жизнь хоть одно доброе дело? (22) Пригрел ли бедняка? (23) Конечно, нет... мишура!..\"\n(24) – Что вам, Семен Иваныч?\n(25) – Да вот затрудняюсь оценить костюм. (26) По-моему, больше шести рублей под него дать нельзя, а она просит семь. (27) Говорит: детишки больны, лечить надо.\n(28) – И шесть рублей будет многовато. (29) Больше пяти не давайте, иначе мы так прогорим. (30) Только вы уж осмотрите хорошенько, нет ли дыр и не остались ли где пятна... (31) \"Нда-с, так вот она – жизнь, которая заставляет задуматься о природе человека. (32) За богатым катафалком тянется подвода, на которую взвалили сосновый гроб. (33) Сзади нее плетется, шлепая по грязи, только одна старушонка. (34) Эта старушка, быть может, укладывает в могилу сына-кормильца... (35) А спросить-ка, даст ли ей хоть копейку вот та дама, которая сидит в карете? (36) Конечно, не даст, хотя, может, выразит свои соболезнования… (37) Что там еще? \"\n(38) – Шубку старуха принесла... сколько дать?\n(39) – Мех заячий... (40) Ничего, крепка, рублей пять стоит. (41) Дайте три рубля, и проценты, разумеется, вперед... (42) \"Где же, в самом деле, люди, где их сердца? (43) Бедняки гибнут, а богачам и дела нет...\"\n(44) Иудин прижал лоб к холодному стеклу и задумался. (45) На глазах его выступили слезы – крупные, блестящие… крокодиловы слезы.\n"}, "text": "Как часто мы говорим одно, а делаем другое? Почему так происходит? Как мы называем это отвратительное качество человека? Эти и другие вопросы возникают у меня после прочтения текста А.П.Чехова.\nВ художественном тексте автор поднимает проблему лицемерия. Он знакомит нас с героем, носящим говорящую фамилию, Иудин. Идёт дождь, Иудин смотрит с тоской в окно. И размышляет, как несправедливо устроен мир. «Слёз больше, чем смеха». Как много нищих, которым можно было бы помочь, стоит только захотеть. Автор так мастерски передаёт мысли героя, что у нас нет сомнений, что ростовщик помогает бедным людям. Но здесь появляется новое лицо, помощник Иудина. Из их диалога видно, что герой безжалостно обирает бедных и при этом мысленно продолжает их жалеть. «Где же, в самом деле, люди, где их сердца? Бедняки гибнут, а богачам и дела нет…» - рассуждает он. Писатель обращает внимание прежде всего на противоречие между мыслями героя и его делами.\nПозиция автора скрыта, но понятна: лицемерие недопустимо в жизни честного человека. Нельзя думать так, а поступать иначе. Такого человека нельзя назвать добродетельным. От него не знаешь, чего ожидать. Самое страшное, что сам Иудин действительно сочувствует бедным, но при этом грабит их, делая их жизнь ещё хуже. Он вызывает не только насмешку, но и презрение. Так воспринимает его автор, так относимся к нему мы, читатели.\nЯ разделяю точку зрения автора. Лицемерные люди – это люди без принципов. Люди, мнение которых меняется в зависимости от ситуации. У них свои понятия о честности, совести. Рассуждают они часто правильно, а вот поступают, ища выгоду для себя. Поэтому лицемерные люди всегда склонны к предательству и подлости. Примеры лицемерия мы встречаем и в художественной литературе, давайте к ним и обратимся.\nГоворя о лицемерии, я сразу вспомнила Лужина из романа Ф.М.Достоевского «Преступление и наказание». Он образован, предприимчив, говорит правильные речи, старается не отставать от передовых взглядов молодёжи. Но при этом лицемер. Случай с Соней Мармеладовой, когда он обвиняет её в воровстве, сунув ей сто рублей в карман, показывает, насколько лицемерный и подлый человек перед нами. Красивые речи останутся пустыми, если им не соответствуют действия. И Достоевский, и мы, читатели, презираем таких, как Лужин. Ради своих интересов они подставят и предадут любого.\nВ рассказе А.П.Чехова «Хамелеон» мы встречаем яркий пример лицемерия. Собака укусила пьяного за палец. Сбежалась толпа, обиженный просит городового наказать собаку. Главный вопрос: чья собака? Если собака генерала, по предположению из толпы, собака хорошая и она права (пьяный сам полез), если собака бродячая, то убить её надо. Мнение городового меняется на глазах несколько раз. С одной стороны смешно, с другой не очень. Где же справедливость? Можно ли на неё рассчитывать, имея дело с «хамелеонами»?\nИз всего вышесказанного попробую сделать вывод. Лицемерие – отвратительное качество человека, у которого слова всегда расходятся с делом, который ради собственной выгоды может пойти и на подлость, и на преступление. У него нет нравственных принципов. Он лицемер. Держитесь подальше от таких людей. Им нельзя доверять. Старайтесь, чтобы ваши слова не расходились с делами. Не будьте лицемерами.", "fileName": "0002392.json", "selections": [{"id": 0, "group": "error", "startSelection": 175, "endSelection": 181, "explanation": "Повторение одного и того же слова в разных формах.", "tag": "", "type": "Р.повтор", "subtype": "", "comment": "", "correction": ""}, {"id": 1, "group": "error", "startSelection": 224, "endSelection": 242, "explanation": "Проблему можно «поставить», «выдвинуть», «обозначить» или «рассмотреть», но лучше ее не «поднимать».", "tag": "", "type": "Р.СОЧЕТ", "subtype": null, "comment": "", "correction": ""}, {"id": 2, "group": "error", "startSelection": 211, "endSelection": 217, "explanation": "Повторение одного и того же слова в разных формах.", "tag": "", "type": "Р.повтор", "subtype": "", "comment": "", "correction": ""}, {"id": 3, "group": "error", "startSelection": 467, "endSelection": 473, "explanation": "Повторение однокоренных слов.", "tag": "", "type": "Р.тавт", "subtype": "", "comment": "", "correction": ""}, {"id": 4, "group": "error", "startSelection": 578, "endSelection": 586, "explanation": "Повторение однокоренных слов.", "tag": "", "type": "Р.тавт", "subtype": "", "comment": "", "correction": ""}, {"id": 5, "group": "error", "startSelection": 642, "endSelection": 648, "explanation": "Нет существительных, согласующихся с прилагательным {\"Иудина\"}.", "tag": "message.txt: 2:3", "type": "А.лекс", "subtype": "конт", "comment": "", "correction": ""}, {"id": 6, "group": "error", "startSelection": 1024, "endSelection": 1030, "explanation": "Повторение одного и того же слова.", "tag": "", "type": "Р.повтор", "subtype": "", "comment": "", "correction": ""}, {"id": 7, "group": "error", "startSelection": 1078, "endSelection": 1084, "explanation": "Повторение одного и того же слова.", "tag": "", "type": "Р.повтор", "subtype": "", "comment": "", "correction": ""}, {"id": 8, "group": "error", "startSelection": 1142, "endSelection": 1147, "explanation": "Повторение одного и того же слова в разных формах.", "tag": "", "type": "Р.повтор", "subtype": "", "comment": "", "correction": ""}, {"id": 9, "group": "error", "startSelection": 1162, "endSelection": 1165, "explanation": "Повторение одного и того же слова в разных формах.", "tag": "", "type": "Р.повтор", "subtype": "", "comment": "", "correction": ""}, {"id": 10, "group": "error", "startSelection": 1302, "endSelection": 1305, "explanation": "Повторение одного и того же слова.", "tag": "", "type": "Р.повтор", "subtype": "", "comment": "", "correction": ""}, {"id": 11, "group": "error", "startSelection": 1330, "endSelection": 1333, "explanation": "Повторение одного и того же слова.", "tag": "", "type": "Р.повтор", "subtype": "", "comment": "", "correction": ""}, {"id": 12, "group": "error", "startSelection": 1419, "endSelection": 1423, "explanation": "Повторение одного и того же слова.", "tag": "", "type": "Р.повтор", "subtype": "", "comment": "", "correction": ""}, {"id": 13, "group": "error", "startSelection": 1439, "endSelection": 1443, "explanation": "Повторение одного и того же слова.", "tag": "", "type": "Р.повтор", "subtype": "", "comment": "", "correction": ""}, {"id": 14, "group": "error", "startSelection": 1615, "endSelection": 1625, "explanation": "Повторение одинаковых и однокоренных слов.", "tag": "", "type": "Р.тавт", "subtype": "", "comment": "", "correction": ""}, {"id": 15, "group": "error", "startSelection": 1682, "endSelection": 1691, "explanation": "Повторение одинаковых и однокоренных слов.", "tag": "", "type": "Р.повтор", "subtype": "", "comment": "", "correction": ""}, {"id": 16, "group": "error", "startSelection": 1763, "endSelection": 1769, "explanation": "Повторение одного и того же слова в разных формах.", "tag": "", "type": "Р.повтор", "subtype": "", "comment": "", "correction": ""}, {"id": 17, "group": "error", "startSelection": 1772, "endSelection": 1781, "explanation": "Повторение одинаковых и однокоренных слов.", "tag": "", "type": "Р.повтор", "subtype": "", "comment": "", "correction": ""}, {"id": 18, "group": "error", "startSelection": 1891, "endSelection": 1898, "explanation": "Повторение одного и того же слова в разных формах.", "tag": "", "type": "Р.повтор", "subtype": "", "comment": "", "correction": ""}, {"id": 19, "group": "error", "startSelection": 1983, "endSelection": 1990, "explanation": "Повторение одинаковых и однокоренных слов.", "tag": "", "type": "Р.тавт", "subtype": "", "comment": "", "correction": ""}, {"id": 20, "group": "error", "startSelection": 2107, "endSelection": 2117, "explanation": "Повторение одинаковых и однокоренных слов.", "tag": "", "type": "Р.тавт", "subtype": "", "comment": "", "correction": ""}, {"id": 21, "group": "error", "startSelection": 2256, "endSelection": 2261, "explanation": "Нет существительных, согласующихся с прилагательным {\"таких\"}.", "tag": "message.txt: 2:3", "type": "А.лекс", "subtype": "конт", "comment": "", "correction": ""}, {"id": 22, "group": "error", "startSelection": 2398, "endSelection": 2404, "explanation": "Повторение одного и того же слова в разных формах.", "tag": "", "type": "Р.повтор", "subtype": "", "comment": "", "correction": ""}, {"id": 23, "group": "error", "startSelection": 2448, "endSelection": 2457, "explanation": "Нет существительных, согласующихся с прилагательным или причастием {\"обиженный\"}.", "tag": "message.txt: 2:3", "type": "А.лекс", "subtype": "конт", "comment": "", "correction": ""}, {"id": 24, "group": "error", "startSelection": 2485, "endSelection": 2491, "explanation": "Повторение одного и того же слова в разных формах.", "tag": "", "type": "Р.повтор", "subtype": "", "comment": "", "correction": ""}, {"id": 25, "group": "error", "startSelection": 2513, "endSelection": 2519, "explanation": "Повторение одного и того же слова в разных формах.", "tag": "", "type": "Р.повтор", "subtype": "", "comment": "", "correction": ""}, {"id": 26, "group": "error", "startSelection": 2521, "endSelection": 2525, "explanation": "Повторение одного и того же слова.", "tag": "", "type": "Р.повтор", "subtype": "", "comment": "", "correction": ""}, {"id": 27, "group": "error", "startSelection": 2526, "endSelection": 2532, "explanation": "Повторение одного и того же слова в разных формах.", "tag": "", "type": "Р.повтор", "subtype": "", "comment": "", "correction": ""}, {"id": 28, "group": "error", "startSelection": 2570, "endSelection": 2576, "explanation": "Повторение одного и того же слова в разных формах.", "tag": "", "type": "Р.повтор", "subtype": "", "comment": "", "correction": ""}, {"id": 29, "group": "error", "startSelection": 2617, "endSelection": 2621, "explanation": "Повторение одного и того же слова.", "tag": "", "type": "Р.повтор", "subtype": "", "comment": "", "correction": ""}, {"id": 30, "group": "error", "startSelection": 2622, "endSelection": 2628, "explanation": "Повторение одного и того же слова в разных формах.", "tag": "", "type": "Р.повтор", "subtype": "", "comment": "", "correction": ""}, {"id": 31, "group": "error", "startSelection": 2970, "endSelection": 2977, "explanation": "Перед словом {\"который\"} в пределах 2 слов перед запятой нет согласованных с ним существительных. Исправьте окончание или измените настройку данной опции.", "tag": "message.txt: 2:2", "type": "А.лекс", "subtype": "конт", "comment": "", "correction": ""}, {"id": 33, "group": "meaning", "startSelection": 194, "endSelection": 253, "type": "ПРОБЛЕМА", "subtype": "", "explanation": "", "correction": "", "tag": "", "comment": ""}, {"id": 34, "group": "meaning", "startSelection": 750, "endSelection": 849, "type": "ПРИМЕР", "subtype": "", "explanation": "", "correction": "", "tag": "", "comment": ""}, {"id": 35, "group": "meaning", "startSelection": 850, "endSelection": 939, "type": "ПОЯСНЕНИЕ", "subtype": "", "explanation": "", "correction": "", "tag": "", "comment": ""}, {"id": 36, "group": "meaning", "startSelection": 940, "endSelection": 1364, "type": "ПОЗИЦИЯ", "subtype": "", "explanation": "", "correction": "", "tag": "", "comment": ""}, {"id": 37, "group": "meaning", "startSelection": 1365, "endSelection": 3225, "type": "ОТНОШЕНИЕ", "subtype": "", "explanation": "", "correction": "", "tag": "", "comment": ""}]}