{"meta": {"uuid": "a2bc1471-bae9-47d4-94f1-b2c857a30523", "id": "0002797", "name": "0002797_ru_rus_problema_ponimaniya_schastya_noexp.txt", "subject": "rus", "test": "егэ тренировка", "category": "", "year": 2019, "class": "11", "theme": "Проблема понимания счастья (По тексту Л.Е. Балашова)", "taskText": "Быть счастливым – это значит чувствовать себя сильным.\nСчастье – в полноте жизни, в том, чтобы все ее стороны – физическая, нравственная, духовная, эстетическая – были развиты и гармонировали между собой. Деятельным же выражением счастья являются любовь и творчество.\nСуществуют две крайние позиции в понимании счастья. Одни считают, что счастье – целиком подарок судьбы, результат везения, случайный дар. Другие утверждают, что счастье целиком зависит от человека, от его воли и желания.\nВ действительности оно – и результат везения, и результат борьбы-труда.\nОбычно подчеркивают момент зависимости счастья от самого человека, а именно, что человек – кузнец своего счастья. И это справедливо. Хотя умом мы понимаем, что не всё от нас зависит, тем не менее настраиваем себя на то, что должны пройти свою часть пути к счастью несмотря ни на что. Своей деятельностью мы можем компенсировать невезение и даже поспорить с несчастливым жребием.\nПословица утверждает: сытый голодного не разумеет. Это так. Но: голодный вообще не разумеет!\nНекоторые люди, достигнув кое-каких успехов в жизни, считают, что они уже достаточно счастливы и к большему им не нужно стремиться. Такие люди уподобляются муравьям, которые, если бы они были наделены разумом, думали, что они счастливы, если их муравейник в полном порядке. Человек тем и отличается от животного, что он не останавливается на достигнутом.\nНастоящее человеческое счастье противоречиво по своей природе. Оно гармонически соединяет в себе удовлетворенность и неудовлетворенность. Будучи процессом счастье может ощущаться только благодаря постоянной смене удовлетворенности неудовлетворенностью. Если бы жизнь была сплошной цепью удовольствий, абсолютным отсутствием неудовольствий, тогда и само удовольствие не ощущалось бы как удовольствие.\nСледует, однако, отметить, что не всякая неудовлетворенность является моментом счастья и гармонирует с удовлетворенностью. Моментом счастья может быть только творческая неудовлетворенность, неудовлетворенность достигнутым, которая не вызывает душевных страданий и не ощущается как несчастье; в такой неудовлетворенности заложен импульс дальнейшего движения вперед. Если же неудовлетворенность является результатом несбывшихся надежд, то это вызывает страдание и ощущается как несчастье.\nГоворят иногда: несчастье – хорошая школа жизни. Да, это может быть в отдельных случаях. Но: счастье – лучшая школа. И вообще-то, права русская поговорка, счастье ума прибавляет, несчастье – последний отнимает.\nСтремление сделать других людей счастливыми – опасная утопия. Никто не может сделать кого-либо счастливым, а тем более принести счастье многим людям. Счастье – категория сугубо индивидуальная. Это значит, что только сам человек может сделать себя счастливым. Он – субъект счастья или несчастья. Человека можно сделать богатым (например, оставив ему наследство), дать ему пищу, кров и т.п., но сделать его счастливым нельзя! Когда матери думают, что могут сделать своих детей счастливыми, то они глубоко ошибаются. Ошибаются мужчины и женщины, думающие, что они осчастливливают тех, с кем живут. Ошибаются политические и иные деятели, думающие, что они могут принести счастье многим людям.\n"}, "text": "Вокруг нас каждый день происходит множество событий и явлений, которые способны подарить ощущение радости, скрасить унылый день, поднять настроение. Проблема лишь в том, что очень часто мы упорно отказываемся их замечать. Человек находится в постоянном ожидании чего-то грандиозного, живёт от выходных до выходных, от отпуска до отпуска, забывая при этом, что жизнь проходит бесследно. Забывая, что счастье в мелочах. Насколько человек счастлив сейчас, сегодня, и всегда, зависит лишь от его стремления и внутреннего настроя.\nВ своей статье автор говорит именно об этом-о проблеме понимания счастья, о его прямой зависимости от человека, о пути, который мы должны пройти.\nПеред нами публицистический текст, в котором ведётся рассуждение на тему счастья, его природы и противоречий. Лев Евдокимович Балашов подробно раскрывает все стороны этого понятия, рассматривает различные ситуации. Отдельное внимание он уделяет такому аспекту, как понимание счастья. Подтверждение этому мы видим в описании двух «крайних позиций»: «Одни считают, что счастье-целиком подарок судьбы, результат везения, случайный дар. Другие утверждают, что счастье целиком зависит от человека, от его воли и желания». Наверное, правы и те, и другие. Иногда случается, что счастье приходит к нам совершенно неожиданно, в моменты, когда кажется, что ничего хорошего ждать уже не стоит, когда земля уходит из-под ног. В таких ситуациях от нас мало что зависит, мы чаще всего не в силах изменить ход дел. Но случается и другая крайность: человек точно знает, что способно сделать его счастливым, поэтому упорно идёт к цели, проходит «свою часть пути к счастью несмотря ни на что». Кроме того, Балашов обращает внимание на ещё одну позицию в понимании счастья: «Некоторые люди, достигнув кое-каких успехов в жизни, считают, что они уже достаточно счастливы и к большему им не нужно стремиться». Эта фраза относится к людям, которые ограничиваются минимальными успехами, перестают действовать и довольствуются самым малым. Они плывут по течению, не желая барахтаться и самостоятельно вершить свою судьбу. Но это совершенно провальная тактика, ведь «человек тем и отличается от животного, что он не останавливается на достигнутом», а значит должен двигаться вперёд, тянуться к вершинам, даже если на первый взгляд они кажутся недостижимыми.\nПозицию автора в этом вопросе абсолютно точно отражает фраза: «В действительности оно - и результат везения, и результат борьбы-труда». Лев Евдокимович говорит о том, что у счастья есть несколько составляющих, одно из них - удача, воля случая, другое - стремление, старание, упорная работа, благодаря которым человек может «компенсировать невезение и даже поспорить с несчастливым жребием».\nЯ полностью согласна с позицией автора и тоже считаю, что одного везения недостаточно для достижения счастья, необходимо и самому прикладывать усилия. Кажется, главное понять, что ты хочешь получить от жизни, и не отклоняться от нужного курса ни при каких обстоятельствах, тогда тебя ожидает и удача, и везение, и радость, и не покидающее чувство счастья.\nБесспорно, каждый сам выбирает свой путь, выбирает ждать, пока счастье появится из неоткуда, или уверенно идти к нему, бороться и пытаться самостоятельно достичь успеха. У каждого своё понятие счастья, своё восприятие мира, но всё-таки мы должны принять единственно верное решение, ведь наша жизнь в наших руках, и наша цель-наполнить её только положительными эмоциями, яркими впечатлениями, одним словом, прожить её счастливо.", "fileName": "0002797.json", "selections": [{"id": 0, "group": "error", "startSelection": 18, "endSelection": 22, "explanation": "Повторение одного и того же слова.", "tag": "", "type": "Р.повтор", "subtype": "", "comment": "", "correction": ""}, {"id": 1, "group": "error", "startSelection": 23, "endSelection": 33, "explanation": "Повторение одинаковых и однокоренных слов.", "tag": "", "type": "Р.тавт", "subtype": "", "comment": "", "correction": ""}, {"id": 2, "group": "error", "startSelection": 123, "endSelection": 127, "explanation": "Повторение одного и того же слова.", "tag": "", "type": "Р.повтор", "subtype": "", "comment": "", "correction": ""}, {"id": 3, "group": "error", "startSelection": 230, "endSelection": 239, "explanation": "Повторение одинаковых и однокоренных слов.", "tag": "", "type": "Р.тавт", "subtype": "", "comment": "", "correction": ""}, {"id": 4, "group": "error", "startSelection": 284, "endSelection": 289, "explanation": "Повторение однокоренных слов.", "tag": "", "type": "Р.тавт", "subtype": "", "comment": "", "correction": ""}, {"id": 5, "group": "error", "startSelection": 293, "endSelection": 301, "explanation": "Повторение одинаковых и однокоренных слов.", "tag": "", "type": "Р.повтор", "subtype": "", "comment": "", "correction": ""}, {"id": 6, "group": "error", "startSelection": 305, "endSelection": 313, "explanation": "Повторение одинаковых и однокоренных слов.", "tag": "", "type": "Р.повтор", "subtype": "", "comment": "", "correction": ""}, {"id": 7, "group": "error", "startSelection": 318, "endSelection": 325, "explanation": "Повторение одного и того же слова.", "tag": "", "type": "Р.повтор", "subtype": "", "comment": "", "correction": ""}, {"id": 8, "group": "error", "startSelection": 329, "endSelection": 336, "explanation": "Повторение одного и того же слова.", "tag": "", "type": "Р.повтор", "subtype": "", "comment": "", "correction": ""}, {"id": 9, "group": "error", "startSelection": 338, "endSelection": 345, "explanation": "Повторение одного и того же слова.", "tag": "", "type": "Р.повтор", "subtype": "", "comment": "", "correction": ""}, {"id": 10, "group": "error", "startSelection": 360, "endSelection": 365, "explanation": "Повторение однокоренных слов.", "tag": "", "type": "Р.тавт", "subtype": "", "comment": "", "correction": ""}, {"id": 11, "group": "error", "startSelection": 366, "endSelection": 374, "explanation": "Повторение одинаковых и однокоренных слов.", "tag": "", "type": "Р.тавт", "subtype": "", "comment": "", "correction": ""}, {"id": 12, "group": "error", "startSelection": 386, "endSelection": 393, "explanation": "Повторение одного и того же слова.", "tag": "", "type": "Р.повтор", "subtype": "", "comment": "", "correction": ""}, {"id": 13, "group": "error", "startSelection": 399, "endSelection": 406, "explanation": "Повторение одинаковых и однокоренных слов.", "tag": "", "type": "Р.повтор", "subtype": "", "comment": "", "correction": ""}, {"id": 14, "group": "error", "startSelection": 517, "endSelection": 524, "explanation": "Разговорное выражение, придающее тексту непринуждённый характер.", "tag": "RAZG.doc -473667687", "type": "А.лекс", "subtype": "конт", "comment": "", "correction": ""}, {"id": 15, "group": "error", "startSelection": 436, "endSelection": 444, "explanation": "Повторение одинаковых и однокоренных слов.", "tag": "", "type": "Р.тавт", "subtype": "", "comment": "", "correction": ""}, {"id": 16, "group": "error", "startSelection": 488, "endSelection": 491, "explanation": "Повторение одного и того же слова.", "tag": "", "type": "Р.повтор", "subtype": "", "comment": "", "correction": ""}, {"id": 17, "group": "error", "startSelection": 526, "endSelection": 540, "explanation": "Слово «свой» в контекстах вроде «писатель в своём тексте рассказывает...» избыточно.", "tag": "", "type": "Р.ЛИШН", "subtype": "лишн", "comment": "", "correction": ""}, {"id": 18, "group": "error", "startSelection": 565, "endSelection": 571, "explanation": "Части слова с дефисом не согласованы между собой.", "tag": "message.txt: 1:0", "type": "А.лекс", "subtype": "конт", "comment": "", "correction": ""}, {"id": 19, "group": "error", "startSelection": 565, "endSelection": 571, "explanation": "Две части слова с дефисом не согласованы между собой.", "tag": "message.txt: 2:7", "type": "А.лекс", "subtype": "конт", "comment": "", "correction": ""}, {"id": 20, "group": "error", "startSelection": 591, "endSelection": 598, "explanation": "Повторение одинаковых и однокоренных слов.", "tag": "", "type": "Р.повтор", "subtype": "", "comment": "", "correction": ""}, {"id": 21, "group": "error", "startSelection": 602, "endSelection": 605, "explanation": "Повторение одного и того же слова.", "tag": "", "type": "Р.повтор", "subtype": "", "comment": "", "correction": ""}, {"id": 22, "group": "error", "startSelection": 745, "endSelection": 752, "explanation": "Повторение одинаковых и однокоренных слов.", "tag": "", "type": "Р.повтор", "subtype": "", "comment": "", "correction": ""}, {"id": 23, "group": "error", "startSelection": 754, "endSelection": 757, "explanation": "Повторение одного и того же слова.", "tag": "", "type": "Р.повтор", "subtype": "", "comment": "", "correction": ""}, {"id": 24, "group": "error", "startSelection": 844, "endSelection": 851, "explanation": "Повторение однокоренных слов.", "tag": "", "type": "Р.тавт", "subtype": "", "comment": "", "correction": ""}, {"id": 25, "group": "error", "startSelection": 887, "endSelection": 896, "explanation": "Повторение однокоренных слов.", "tag": "", "type": "Р.тавт", "subtype": "", "comment": "", "correction": ""}, {"id": 26, "group": "error", "startSelection": 909, "endSelection": 916, "explanation": "Повторение однокоренных слов.", "tag": "", "type": "Р.тавт", "subtype": "", "comment": "", "correction": ""}, {"id": 27, "group": "error", "startSelection": 937, "endSelection": 946, "explanation": "Повторение однокоренных слов.", "tag": "", "type": "Р.тавт", "subtype": "", "comment": "", "correction": ""}, {"id": 28, "group": "error", "startSelection": 947, "endSelection": 954, "explanation": "Повторение одинаковых и однокоренных слов.", "tag": "", "type": "Р.повтор", "subtype": "", "comment": "", "correction": ""}, {"id": 29, "group": "error", "startSelection": 1039, "endSelection": 1054, "explanation": "Части слова с дефисом не согласованы между собой.", "tag": "message.txt: 1:0", "type": "А.лекс", "subtype": "конт", "comment": "", "correction": ""}, {"id": 30, "group": "error", "startSelection": 1039, "endSelection": 1054, "explanation": "Две части слова с дефисом не согласованы между собой.", "tag": "message.txt: 2:7", "type": "А.лекс", "subtype": "конт", "comment": "", "correction": ""}, {"id": 31, "group": "error", "startSelection": 956, "endSelection": 969, "explanation": "Повторение однокоренных слов.", "tag": "", "type": "Р.тавт", "subtype": "", "comment": "", "correction": ""}, {"id": 32, "group": "error", "startSelection": 1039, "endSelection": 1054, "explanation": "Повторение одинаковых и однокоренных слов.", "tag": "", "type": "Р.повтор", "subtype": "", "comment": "", "correction": ""}, {"id": 33, "group": "error", "startSelection": 1112, "endSelection": 1122, "explanation": "Повторение однокоренных слов.", "tag": "", "type": "Р.тавт", "subtype": "", "comment": "", "correction": ""}, {"id": 34, "group": "error", "startSelection": 1251, "endSelection": 1259, "explanation": "Повторение однокоренных слов.", "tag": "", "type": "Р.тавт", "subtype": "", "comment": "", "correction": ""}, {"id": 35, "group": "error", "startSelection": 1367, "endSelection": 1373, "explanation": "Повторение однокоренных слов.", "tag": "", "type": "Р.тавт", "subtype": "", "comment": "", "correction": ""}, {"id": 36, "group": "error", "startSelection": 1463, "endSelection": 1466, "explanation": "Повторение однокоренных слов.", "tag": "", "type": "Р.тавт", "subtype": "", "comment": "", "correction": ""}, {"id": 37, "group": "error", "startSelection": 1578, "endSelection": 1582, "explanation": "Повторение однокоренных слов.", "tag": "", "type": "Р.тавт", "subtype": "", "comment": "", "correction": ""}, {"id": 38, "group": "error", "startSelection": 1591, "endSelection": 1599, "explanation": "Повторение однокоренных слов.", "tag": "", "type": "Р.тавт", "subtype": "", "comment": "", "correction": ""}, {"id": 39, "group": "error", "startSelection": 1619, "endSelection": 1626, "explanation": "Повторение однокоренных слов.", "tag": "", "type": "Р.повтор", "subtype": "", "comment": "", "correction": ""}, {"id": 40, "group": "error", "startSelection": 1718, "endSelection": 1725, "explanation": "Повторение однокоренных слов.", "tag": "", "type": "Р.повтор", "subtype": "", "comment": "", "correction": ""}, {"id": 41, "group": "error", "startSelection": 1813, "endSelection": 1822, "explanation": "Повторение однокоренных слов.", "tag": "", "type": "Р.тавт", "subtype": "", "comment": "", "correction": ""}, {"id": 42, "group": "error", "startSelection": 1936, "endSelection": 1945, "explanation": "Повторение однокоренных слов.", "tag": "", "type": "Р.тавт", "subtype": "", "comment": "", "correction": ""}, {"id": 43, "group": "error", "startSelection": 2020, "endSelection": 2031, "explanation": "Разговорное выражение, придающее тексту непринуждённый характер.", "tag": "RAZG.doc 713155360", "type": "А.лекс", "subtype": "конт", "comment": "", "correction": ""}, {"id": 44, "group": "error", "startSelection": 2034, "endSelection": 2048, "explanation": "Повторение однокоренных слов.", "tag": "", "type": "Р.тавт", "subtype": "", "comment": "", "correction": ""}, {"id": 45, "group": "error", "startSelection": 2182, "endSelection": 2193, "explanation": "Нет существительных, согласующихся с причастием {\"достигнутом\"}.", "tag": "message.txt: 2:3", "type": "А.лекс", "subtype": "конт", "comment": "", "correction": ""}, {"id": 46, "group": "error", "startSelection": 2182, "endSelection": 2193, "explanation": "Повторение однокоренных слов.", "tag": "", "type": "Р.тавт", "subtype": "", "comment": "", "correction": ""}, {"id": 47, "group": "error", "startSelection": 2290, "endSelection": 2303, "explanation": "Повторение однокоренных слов.", "tag": "", "type": "Р.тавт", "subtype": "", "comment": "", "correction": ""}, {"id": 48, "group": "error", "startSelection": 2478, "endSelection": 2485, "explanation": "Повторение однокоренных слов.", "tag": "", "type": "Р.тавт", "subtype": "", "comment": "", "correction": ""}, {"id": 49, "group": "error", "startSelection": 2673, "endSelection": 2685, "explanation": "Повторение однокоренных слов.", "tag": "", "type": "Р.тавт", "subtype": "", "comment": "", "correction": ""}, {"id": 50, "group": "error", "startSelection": 2797, "endSelection": 2804, "explanation": "Повторение однокоренных слов.", "tag": "", "type": "Р.тавт", "subtype": "", "comment": "", "correction": ""}, {"id": 51, "group": "error", "startSelection": 2925, "endSelection": 2932, "explanation": "", "tag": "REPLACE_нужный_нудный", "type": "А.лекс", "subtype": "конт", "comment": "", "correction": "нудного"}, {"id": 52, "group": "error", "startSelection": 2980, "endSelection": 2987, "explanation": "Повторение однокоренных слов.", "tag": "", "type": "Р.тавт", "subtype": "", "comment": "", "correction": ""}, {"id": 53, "group": "error", "startSelection": 3043, "endSelection": 3050, "explanation": "Повторение одного и того же слова в разных формах.", "tag": "", "type": "Р.повтор", "subtype": "", "comment": "", "correction": ""}, {"id": 54, "group": "error", "startSelection": 3051, "endSelection": 3221, "explanation": "Предложение сложно для восприятия, так как перегружено глаголами. Попробуйте разбить его на несколько более коротких.", "tag": "message.txt: 3:2", "type": "А.лекс", "subtype": "конт", "comment": "", "correction": ""}, {"id": 55, "group": "error", "startSelection": 3135, "endSelection": 3143, "explanation": "", "tag": "REPLACE_некто_никто", "type": "А.лекс", "subtype": "конт", "comment": "", "correction": "ниоткуда"}, {"id": 56, "group": "error", "startSelection": 3074, "endSelection": 3082, "explanation": "Повторение одного и того же слова.", "tag": "", "type": "Р.повтор", "subtype": "", "comment": "", "correction": ""}, {"id": 57, "group": "error", "startSelection": 3083, "endSelection": 3087, "explanation": "Повторение одного и того же слова в разных формах.", "tag": "", "type": "Р.повтор", "subtype": "", "comment": "", "correction": ""}, {"id": 58, "group": "error", "startSelection": 3094, "endSelection": 3102, "explanation": "Повторение одного и того же слова.", "tag": "", "type": "Р.повтор", "subtype": "", "comment": "", "correction": ""}, {"id": 59, "group": "error", "startSelection": 3103, "endSelection": 3108, "explanation": "Повторение однокоренных слов.", "tag": "", "type": "Р.тавт", "subtype": "", "comment": "", "correction": ""}, {"id": 60, "group": "error", "startSelection": 3115, "endSelection": 3122, "explanation": "Повторение одного и того же слова в разных формах.", "tag": "", "type": "Р.повтор", "subtype": "", "comment": "", "correction": ""}, {"id": 61, "group": "error", "startSelection": 3372, "endSelection": 3386, "explanation": "Части слова с дефисом не согласованы между собой.", "tag": "message.txt: 1:0", "type": "А.лекс", "subtype": "конт", "comment": "", "correction": ""}, {"id": 62, "group": "error", "startSelection": 3372, "endSelection": 3386, "explanation": "Две части слова с дефисом не согласованы между собой.", "tag": "message.txt: 2:7", "type": "А.лекс", "subtype": "конт", "comment": "", "correction": ""}, {"id": 63, "group": "error", "startSelection": 3444, "endSelection": 3465, "explanation": "Разговорное выражение, придающее тексту непринужденный характер.", "tag": "RAZGVYR2.doc -1109848324", "type": "А.лекс", "subtype": "конт", "comment": "", "correction": ""}, {"id": 64, "group": "error", "startSelection": 3232, "endSelection": 3236, "explanation": "Повторение одного и того же слова в разных формах.", "tag": "", "type": "Р.повтор", "subtype": "", "comment": "", "correction": ""}, {"id": 65, "group": "error", "startSelection": 3245, "endSelection": 3252, "explanation": "Повторение одного и того же слова в разных формах.", "tag": "", "type": "Р.повтор", "subtype": "", "comment": "", "correction": ""}, {"id": 66, "group": "error", "startSelection": 3254, "endSelection": 3258, "explanation": "Повторение одного и того же слова в разных формах.", "tag": "", "type": "Р.повтор", "subtype": "", "comment": "", "correction": ""}, {"id": 67, "group": "error", "startSelection": 3339, "endSelection": 3343, "explanation": "Повторение одного и того же слова в разных формах.", "tag": "", "type": "Р.повтор", "subtype": "", "comment": "", "correction": ""}, {"id": 68, "group": "error", "startSelection": 3352, "endSelection": 3357, "explanation": "Повторение одного и того же слова в разных формах.", "tag": "", "type": "Р.повтор", "subtype": "", "comment": "", "correction": ""}, {"id": 69, "group": "error", "startSelection": 3367, "endSelection": 3371, "explanation": "Повторение одного и того же слова в разных формах.", "tag": "", "type": "Р.повтор", "subtype": "", "comment": "", "correction": ""}, {"id": 71, "group": "meaning", "startSelection": 149, "endSelection": 221, "type": "ПРОБЛЕМА", "subtype": "", "explanation": "", "correction": "", "tag": "", "comment": ""}, {"id": 72, "group": "meaning", "startSelection": 526, "endSelection": 671, "type": "ПРИМЕР", "subtype": "", "explanation": "", "correction": "", "tag": "", "comment": ""}, {"id": 73, "group": "meaning", "startSelection": 956, "endSelection": 1188, "type": "ПРИМЕР", "subtype": "", "explanation": "", "correction": "", "tag": "", "comment": ""}, {"id": 74, "group": "meaning", "startSelection": 1472, "endSelection": 1647, "type": "ПРИМЕР", "subtype": "", "explanation": "", "correction": "", "tag": "", "comment": ""}, {"id": 75, "group": "meaning", "startSelection": 1648, "endSelection": 1860, "type": "ПРИМЕР", "subtype": "", "explanation": "", "correction": "", "tag": "", "comment": ""}, {"id": 76, "group": "meaning", "startSelection": 2070, "endSelection": 2304, "type": "ПРИМЕР", "subtype": "", "explanation": "", "correction": "", "tag": "", "comment": ""}, {"id": 77, "group": "meaning", "startSelection": 2305, "endSelection": 2440, "type": "ПОЗИЦИЯ", "subtype": "", "explanation": "", "correction": "", "tag": "", "comment": ""}, {"id": 78, "group": "meaning", "startSelection": 2441, "endSelection": 2695, "type": "ПРИМЕР", "subtype": "", "explanation": "", "correction": "", "tag": "", "comment": ""}, {"id": 79, "group": "meaning", "startSelection": 2696, "endSelection": 3479, "type": "ОТНОШЕНИЕ", "subtype": "", "explanation": "", "correction": "", "tag": "", "comment": ""}]}