{"meta": {"uuid": "5457d42f-ce5b-424e-b740-438ef667a276", "id": "0002790", "name": "0002790_ru_rus_problema_sochuvstvennogo_otnosheniya_lyudey_k_sobakam_noexp.txt", "subject": "rus", "test": "егэ тренировка", "category": "", "year": 2019, "class": "11", "theme": "Проблема сочувственного отношения людей к собакам (по тексту С.Ф. Стариковича)", "taskText": "(1)Сколько бы ни упрекали меня в антропоморфизме (очеловечивании животных), всё же расскажу об одном случае. (2)Не так давно моя семья переехала в новый дом на окраине Москвы. (3)Вокруг стояли неказистые хибары с садиками. (4)Дни их были сочтены — район быстро застраивался. (5)И вот владельцам одной из хибарок предложили благоустроенную квартиру. (6)Владельцы затеяли гнусный спор: брать ли с собой овчарку, долго и верно сторожившую их сад и имущество? (7)Спор длился не один день. (8)И закончился плохо — собака умерла. (9)Могут сказать, что она умерла от старости или от голода. (10)Но почему овчарка отказалась от еды? (11)Почему она тоскливо глядела на хозяев, а те стыдливо отворачивались от укоряющих собачьих глаз? (12)По-моему, пёс понял, что происходит, и не смог пережить предательства.\n(13)И как тут не вспомнить волшебные слова Акселя Мунте: «Собака — святая. (14)Она… с радостью признаёт превосходство своего хозяина, он для неё — незыблемый авторитет, но, вопреки мнению многих любителей собак, в её преданности нет ничего рабского. (15)Её подчинение добровольно, и она ждёт, что её скромные права будут уважаться. (16)Она видит в своём хозяине царя, почти бога, и понимает, что бог может быть строгим, но знает, что он должен быть справедливым…»\n(17)Среди собак есть подлые твари, но предательство собаки — дело неслыханное. (18)Наоборот, ради обожествлённого хозяина они готовы на всё. (19)Борис Рябинин в книге «О любви к живому» рассказывает про величественнейший, благороднейший поступок собаки, хозяев которой фашисты бросили в концлагерь. (20)Сеттер Сильва каким-то немыслимым образом разыскала лагерь, куда заточили её хозяев. (21)Она прорыла ход под колючей проволокой, и по ночам (днём застрелит охрана!) приносила вконец изголодавшимся людям то косточку с остатками мяса, то сырую морковку. (22)Сама Сильва была худющей как скелет.\n(23)А вот поступки другого кормильца — спаниеля, жившего в Париже в начале века. (24)Спаниель добывал клиентов мальчику — чистильщику обуви. (25)Пёс пачкал в луже мохнатые лапы и как бы нечаянно наступал на башмаки прохожих. (26)Если же клиентов было вдоволь, спаниель мирно лежал возле своего маленького хозяина.\n(27)Ещё в древние времена воспевали собачью преданность. (28)Например, Плутарх славил Меламфита — пса, который уплыл в море вслед за своим господином, не взявшим его на корабль. (29)А единственному оставшемуся в живых боевому псу, спасшему Коринф от внезапной атаки врагов, из казны выдали дорогую награду — массивный серебряный ошейник с надписью: «Защитник и спаситель Коринфа».\n(30)Какой же тогда ошейник (золотой, бриллиантовый?) нужно было надеть на Дика? (31)Эта овчарка в трудные годы Великой Отечественной войны по запаху взрывчатки нашла 12 тысяч немецких мин и огромную бомбу с часовым механизмом, спрятанную фашистами в фундаменте Павловского дворца под Ленинградом. (32)Не менее знаменит ратный труд небольшой серенькой Дины. (33)Она вместе с ефрейтором В. Ненашевым обезвреживала мины, доставляла донесения, уходила в немецкий тыл и подорвала фашистский эшелон… (34)После войны Дину прикомандировали к музею боевой славы. (35)Здесь она дожила до глубокой старости.\n"}, "text": "Сочувствие - это умение прочувствовать боль,печаль,страдания других, прожить огорчение,которое переживали другие люди. Говоря и сочувствии и милосердии мы применяет эти чувства к людям - родственникам, знакомым, друзьям. Мы говорим о том, что надо сочувствовать людям, понимать их лучше,сделать что-то хорошее,чтобы их муки прекратились. Подобные чувства следует относить ко всем живым существам.\nВ данном тексте автор коснулся проблемы сочувственного отношения людей к собакам.\nЯ думаю, что у собаки имеется свой богатый внутренний мир. Без всякого сомнения, лохматые существа имеют множество эмоций: радость, печаль, волнение, гнев и другое. Собаки чувствуют все на своем уровне, но ведь они действительно чувствуют и способны проявлять сочувствие. Сочувствие к животным – очень важное качество. Относясь к животным с добротой и состраданием мы учимся уважать тех, кто слабее. Я считаю, что сочувствие к животным настолько связано с душой человека, что можно определенно сказать: тот, кто жесток в отношении животных, не способен быть добрым и с людьми. Собаки, братья наши меньшие,беззащитны. Проявляя к ним сочувствие,мы протягиваем им руку помощи.\nВ тексте автор рассказывает нам о жизни собак, о их судьбах, сложившихся не всегда хорошо. О собачьей верности, которая безгранична, о людях, которым стоит быть более чуткими и внимательными к четвероногим друзьям. В доказательство приведу примеры. «Среди собак есть подлые твари, но предательство собаки дело неслыханное». Собака- лучший друг человека, преданный до самопожертвования, умный и смелый. В тексте рассказывается об овчарке,которую предали хозяева, поступили не по совести, безнравственно. Овчарка была безгранично предана им. «Почему она тоскливо глядела на хозяев, а те стыдливо отворачивались от укоряющих собачьих глаз?». Предать собаку - очень низко, недостойно, в какой-то мере подло. Собаки отвечают нам всегда добром,тогда почему нельзя хоть немножко подарить эти хорошие чувства ей?\nАвтор заставляет людей задуматься над последствиями своих поступков, учит их человечности, сочувствию и милосердному отношению к собакам.\nЯ согласна с мнением автора и считаю, что дружба между человеком и собакой нужно беречь. Нужно задуматься о важности доброго отношения людей к четвероногим друзьям.\nВ заключение хочу добавить, что собака- это не прост милое создание, а существо,преисполненное любви и преданности. Нужно проявлять сочувствие к собачкам, оберегать их и ценить их преданность, ведь тепло и любовь подаренная ими - бесценна.", "fileName": "0002790.json", "selections": [{"id": 0, "group": "error", "startSelection": 0, "endSelection": 10, "explanation": "Повторение одинаковых и однокоренных слов.", "tag": "", "type": "Р.повтор", "subtype": "", "comment": "", "correction": ""}, {"id": 1, "group": "error", "startSelection": 24, "endSelection": 38, "explanation": "Повторение одинаковых и однокоренных слов.", "tag": "", "type": "Р.тавт", "subtype": "", "comment": "", "correction": ""}, {"id": 2, "group": "error", "startSelection": 43, "endSelection": 45, "explanation": "Не хватает пробела.", "tag": "message.txt: 4:0", "type": "А.лекс", "subtype": "конт", "comment": "", "correction": ", п"}, {"id": 3, "group": "error", "startSelection": 50, "endSelection": 52, "explanation": "Не хватает пробела.", "tag": "message.txt: 4:0", "type": "А.лекс", "subtype": "конт", "comment": "", "correction": ", с"}, {"id": 4, "group": "error", "startSelection": 86, "endSelection": 88, "explanation": "Не хватает пробела.", "tag": "message.txt: 4:0", "type": "А.лекс", "subtype": "конт", "comment": "", "correction": ", к"}, {"id": 5, "group": "error", "startSelection": 113, "endSelection": 117, "explanation": "Повторение одного и того же слова в разных формах.", "tag": "", "type": "Р.повтор", "subtype": "", "comment": "", "correction": ""}, {"id": 6, "group": "error", "startSelection": 128, "endSelection": 138, "explanation": "Нет предлога перед существительным {\"сочувствии\"}, находящимся в предложном падеже. Возможно, потерян предлог или имеется ошибка в окончании.", "tag": "message.txt: 2:5", "type": "А.лекс", "subtype": "конт", "comment": "", "correction": ""}, {"id": 7, "group": "error", "startSelection": 119, "endSelection": 125, "explanation": "Повторение одного и того же слова в разных формах.", "tag": "", "type": "Р.повтор", "subtype": "", "comment": "", "correction": ""}, {"id": 8, "group": "error", "startSelection": 128, "endSelection": 138, "explanation": "Повторение одинаковых и однокоренных слов.", "tag": "", "type": "Р.повтор", "subtype": "", "comment": "", "correction": ""}, {"id": 9, "group": "error", "startSelection": 169, "endSelection": 176, "explanation": "Повторение одинаковых и однокоренных слов.", "tag": "", "type": "Р.тавт", "subtype": "", "comment": "", "correction": ""}, {"id": 10, "group": "error", "startSelection": 179, "endSelection": 184, "explanation": "Повторение одного и того же слова в разных формах.", "tag": "", "type": "Р.повтор", "subtype": "", "comment": "", "correction": ""}, {"id": 11, "group": "error", "startSelection": 286, "endSelection": 288, "explanation": "Не хватает пробела.", "tag": "message.txt: 4:0", "type": "А.лекс", "subtype": "конт", "comment": "", "correction": ", с"}, {"id": 12, "group": "error", "startSelection": 309, "endSelection": 311, "explanation": "Не хватает пробела.", "tag": "message.txt: 4:0", "type": "А.лекс", "subtype": "конт", "comment": "", "correction": ", ч"}, {"id": 13, "group": "error", "startSelection": 224, "endSelection": 231, "explanation": "Повторение одного и того же слова в разных формах.", "tag": "", "type": "Р.повтор", "subtype": "", "comment": "", "correction": ""}, {"id": 14, "group": "error", "startSelection": 248, "endSelection": 261, "explanation": "Повторение одинаковых и однокоренных слов.", "tag": "", "type": "Р.тавт", "subtype": "", "comment": "", "correction": ""}, {"id": 15, "group": "error", "startSelection": 262, "endSelection": 267, "explanation": "Повторение одного и того же слова в разных формах.", "tag": "", "type": "Р.повтор", "subtype": "", "comment": "", "correction": ""}, {"id": 16, "group": "error", "startSelection": 338, "endSelection": 362, "explanation": "Не согласованы подлежащее со сказуемым, или дополнение стоит не в том падеже. Проверьте окончания слов  {\"Подобные чувства\"},  {\"следует\"}.", "tag": "Podlezh_i_skaz_a.doc -9199043461", "type": "А.лекс", "subtype": "конт", "comment": "", "correction": ""}, {"id": 17, "group": "error", "startSelection": 338, "endSelection": 354, "explanation": "Не согласованы подлежащее со сказуемым, или дополнение стоит не в том падеже. Проверьте окончания слов  {\"Подобные чувства\"},  {\"следует\"}.", "tag": "Podlezh_i_skaz_a.doc -9199043461", "type": "А.лекс", "subtype": "конт", "comment": "", "correction": ""}, {"id": 18, "group": "error", "startSelection": 355, "endSelection": 362, "explanation": "Не согласованы подлежащее со сказуемым, или дополнение стоит не в том падеже. Проверьте окончания слов  {\"Подобные чувства\"},  {\"следует\"}.", "tag": "Podlezh_i_skaz_a.doc -9199043461", "type": "А.лекс", "subtype": "конт", "comment": "", "correction": ""}, {"id": 19, "group": "error", "startSelection": 347, "endSelection": 354, "explanation": "Повторение одинаковых и однокоренных слов.", "tag": "", "type": "Р.тавт", "subtype": "", "comment": "", "correction": ""}, {"id": 20, "group": "error", "startSelection": 363, "endSelection": 371, "explanation": "Повторение однокоренных слов.", "tag": "", "type": "Р.тавт", "subtype": "", "comment": "", "correction": ""}, {"id": 21, "group": "error", "startSelection": 437, "endSelection": 451, "explanation": "Повторение одинаковых и однокоренных слов.", "tag": "", "type": "Р.тавт", "subtype": "", "comment": "", "correction": ""}, {"id": 22, "group": "error", "startSelection": 452, "endSelection": 461, "explanation": "Повторение однокоренных слов.", "tag": "", "type": "Р.тавт", "subtype": "", "comment": "", "correction": ""}, {"id": 23, "group": "error", "startSelection": 462, "endSelection": 467, "explanation": "Повторение одного и того же слова в разных формах.", "tag": "", "type": "Р.повтор", "subtype": "", "comment": "", "correction": ""}, {"id": 24, "group": "error", "startSelection": 470, "endSelection": 477, "explanation": "Повторение одного и того же слова в разных формах.", "tag": "", "type": "Р.повтор", "subtype": "", "comment": "", "correction": ""}, {"id": 25, "group": "error", "startSelection": 494, "endSelection": 500, "explanation": "Повторение одного и того же слова в разных формах.", "tag": "", "type": "Р.повтор", "subtype": "", "comment": "", "correction": ""}, {"id": 26, "group": "error", "startSelection": 501, "endSelection": 508, "explanation": "Повторение однокоренных слов.", "tag": "", "type": "Р.тавт", "subtype": "", "comment": "", "correction": ""}, {"id": 27, "group": "error", "startSelection": 560, "endSelection": 568, "explanation": "Разговорное выражение, придающее тексту непринуждённый характер.", "tag": "RAZG.doc 151591e6c", "type": "А.лекс", "subtype": "конт", "comment": "", "correction": ""}, {"id": 28, "group": "error", "startSelection": 578, "endSelection": 583, "explanation": "Повторение однокоренных слов.", "tag": "", "type": "Р.тавт", "subtype": "", "comment": "", "correction": ""}, {"id": 29, "group": "error", "startSelection": 644, "endSelection": 650, "explanation": "Повторение одного и того же слова в разных формах.", "tag": "", "type": "Р.повтор", "subtype": "", "comment": "", "correction": ""}, {"id": 30, "group": "error", "startSelection": 708, "endSelection": 717, "explanation": "Повторение одинаковых и однокоренных слов.", "tag": "", "type": "Р.тавт", "subtype": "", "comment": "", "correction": ""}, {"id": 31, "group": "error", "startSelection": 739, "endSelection": 749, "explanation": "Повторение одинаковых и однокоренных слов.", "tag": "", "type": "Р.повтор", "subtype": "", "comment": "", "correction": ""}, {"id": 32, "group": "error", "startSelection": 751, "endSelection": 761, "explanation": "Повторение одинаковых и однокоренных слов.", "tag": "", "type": "Р.повтор", "subtype": "", "comment": "", "correction": ""}, {"id": 33, "group": "error", "startSelection": 764, "endSelection": 772, "explanation": "Повторение одного и того же слова в разных формах.", "tag": "", "type": "Р.повтор", "subtype": "", "comment": "", "correction": ""}, {"id": 34, "group": "error", "startSelection": 831, "endSelection": 843, "explanation": "", "tag": "REPLACE_n-so-pref_n-so-prep", "type": "А.лекс", "subtype": "конт", "comment": "", "correction": "со страданием"}, {"id": 35, "group": "error", "startSelection": 809, "endSelection": 817, "explanation": "Повторение одного и того же слова в разных формах.", "tag": "", "type": "Р.повтор", "subtype": "", "comment": "", "correction": ""}, {"id": 36, "group": "error", "startSelection": 893, "endSelection": 903, "explanation": "Повторение одинаковых и однокоренных слов.", "tag": "", "type": "Р.повтор", "subtype": "", "comment": "", "correction": ""}, {"id": 37, "group": "error", "startSelection": 906, "endSelection": 914, "explanation": "Повторение одного и того же слова в разных формах.", "tag": "", "type": "Р.повтор", "subtype": "", "comment": "", "correction": ""}, {"id": 38, "group": "error", "startSelection": 1010, "endSelection": 1018, "explanation": "Повторение одного и того же слова в разных формах.", "tag": "", "type": "Р.повтор", "subtype": "", "comment": "", "correction": ""}, {"id": 39, "group": "error", "startSelection": 1083, "endSelection": 1085, "explanation": "Не хватает пробела.", "tag": "message.txt: 4:0", "type": "А.лекс", "subtype": "конт", "comment": "", "correction": ", б"}, {"id": 40, "group": "error", "startSelection": 1056, "endSelection": 1062, "explanation": "Повторение одинаковых и однокоренных слов.", "tag": "", "type": "Р.тавт", "subtype": "", "comment": "", "correction": ""}, {"id": 41, "group": "error", "startSelection": 1121, "endSelection": 1123, "explanation": "Не хватает пробела.", "tag": "message.txt: 4:0", "type": "А.лекс", "subtype": "конт", "comment": "", "correction": ", м"}, {"id": 42, "group": "error", "startSelection": 1200, "endSelection": 1204, "explanation": "Сочетание «о их» не возможно ни с личным, ни с притяжательным местоимением: «расскать о них», «рассказать об их делах».", "tag": "", "type": "Г.СЛОВ", "subtype": null, "comment": "", "correction": ""}, {"id": 43, "group": "error", "startSelection": 1200, "endSelection": 1201, "explanation": "В данном контексте рекомендуется употребление предлога [\"об\"].", "tag": "message.txt: 5:0", "type": "А.лекс", "subtype": "конт", "comment": "", "correction": "об"}, {"id": 44, "group": "error", "startSelection": 1200, "endSelection": 1201, "explanation": "", "tag": "REPLACE_о_об", "type": "А.лекс", "subtype": "конт", "comment": "", "correction": "об"}, {"id": 45, "group": "error", "startSelection": 1193, "endSelection": 1198, "explanation": "Повторение одинаковых и однокоренных слов.", "tag": "", "type": "Р.тавт", "subtype": "", "comment": "", "correction": ""}, {"id": 46, "group": "error", "startSelection": 1246, "endSelection": 1254, "explanation": "Повторение одинаковых и однокоренных слов.", "tag": "", "type": "Р.тавт", "subtype": "", "comment": "", "correction": ""}, {"id": 47, "group": "error", "startSelection": 1409, "endSelection": 1414, "explanation": "Повторение одинаковых и однокоренных слов.", "tag": "", "type": "Р.тавт", "subtype": "", "comment": "", "correction": ""}, {"id": 48, "group": "error", "startSelection": 1451, "endSelection": 1457, "explanation": "Повторение одного и того же слова в разных формах.", "tag": "", "type": "Р.повтор", "subtype": "", "comment": "", "correction": ""}, {"id": 49, "group": "error", "startSelection": 1482, "endSelection": 1484, "explanation": "Не хватает пробела.", "tag": "message.txt: 4:0", "type": "А.лекс", "subtype": "конт", "comment": "", "correction": "а -"}, {"id": 50, "group": "error", "startSelection": 1477, "endSelection": 1484, "explanation": "Повторение одного и того же слова в разных формах.", "tag": "", "type": "Р.повтор", "subtype": "", "comment": "", "correction": ""}, {"id": 51, "group": "error", "startSelection": 1507, "endSelection": 1516, "explanation": "Повторение одного и того же слова в разных формах.", "tag": "", "type": "Р.повтор", "subtype": "", "comment": "", "correction": ""}, {"id": 52, "group": "error", "startSelection": 1589, "endSelection": 1591, "explanation": "Не хватает пробела.", "tag": "message.txt: 4:0", "type": "А.лекс", "subtype": "конт", "comment": "", "correction": ", к"}, {"id": 53, "group": "error", "startSelection": 1582, "endSelection": 1589, "explanation": "Повторение одного и того же слова в разных формах.", "tag": "", "type": "Р.повтор", "subtype": "", "comment": "", "correction": ""}, {"id": 54, "group": "error", "startSelection": 1598, "endSelection": 1605, "explanation": "Повторение одного и того же слова в разных формах.", "tag": "", "type": "Р.повтор", "subtype": "", "comment": "", "correction": ""}, {"id": 55, "group": "error", "startSelection": 1606, "endSelection": 1613, "explanation": "Повторение одного и того же слова в разных формах.", "tag": "", "type": "Р.повтор", "subtype": "", "comment": "", "correction": ""}, {"id": 56, "group": "error", "startSelection": 1656, "endSelection": 1663, "explanation": "Повторение одного и того же слова в разных формах.", "tag": "", "type": "Р.повтор", "subtype": "", "comment": "", "correction": ""}, {"id": 57, "group": "error", "startSelection": 1681, "endSelection": 1688, "explanation": "Повторение одного и того же слова в разных формах.", "tag": "", "type": "Р.повтор", "subtype": "", "comment": "", "correction": ""}, {"id": 58, "group": "error", "startSelection": 1725, "endSelection": 1731, "explanation": "Повторение одного и того же слова в разных формах.", "tag": "", "type": "Р.повтор", "subtype": "", "comment": "", "correction": ""}, {"id": 59, "group": "error", "startSelection": 1775, "endSelection": 1783, "explanation": "Повторение одинаковых и однокоренных слов.", "tag": "", "type": "Р.тавт", "subtype": "", "comment": "", "correction": ""}, {"id": 60, "group": "error", "startSelection": 1792, "endSelection": 1799, "explanation": "Повторение одного и того же слова в разных формах.", "tag": "", "type": "Р.повтор", "subtype": "", "comment": "", "correction": ""}, {"id": 61, "group": "error", "startSelection": 1800, "endSelection": 1806, "explanation": "Повторение одинаковых и однокоренных слов.", "tag": "", "type": "Р.повтор", "subtype": "", "comment": "", "correction": ""}, {"id": 62, "group": "error", "startSelection": 1890, "endSelection": 1892, "explanation": "Не хватает пробела.", "tag": "message.txt: 4:0", "type": "А.лекс", "subtype": "конт", "comment": "", "correction": ", т"}, {"id": 63, "group": "error", "startSelection": 1916, "endSelection": 1924, "explanation": "Разговорное выражение, придающее тексту непринуждённый характер.", "tag": "RAZG.doc -1273501560", "type": "А.лекс", "subtype": "конт", "comment": "", "correction": ""}, {"id": 64, "group": "error", "startSelection": 1857, "endSelection": 1863, "explanation": "Повторение одинаковых и однокоренных слов.", "tag": "", "type": "Р.повтор", "subtype": "", "comment": "", "correction": ""}, {"id": 65, "group": "error", "startSelection": 1946, "endSelection": 1953, "explanation": "Повторение однокоренных слов.", "tag": "", "type": "Р.тавт", "subtype": "", "comment": "", "correction": ""}, {"id": 66, "group": "error", "startSelection": 2049, "endSelection": 2059, "explanation": "Повторение однокоренных слов.", "tag": "", "type": "Р.тавт", "subtype": "", "comment": "", "correction": ""}, {"id": 67, "group": "error", "startSelection": 2087, "endSelection": 2094, "explanation": "Повторение однокоренных слов.", "tag": "", "type": "Р.повтор", "subtype": "", "comment": "", "correction": ""}, {"id": 68, "group": "error", "startSelection": 2163, "endSelection": 2170, "explanation": "Повторение однокоренных слов.", "tag": "", "type": "Р.повтор", "subtype": "", "comment": "", "correction": ""}, {"id": 69, "group": "error", "startSelection": 2171, "endSelection": 2176, "explanation": "Повторение одного и того же слова.", "tag": "", "type": "Р.повтор", "subtype": "", "comment": "", "correction": ""}, {"id": 70, "group": "error", "startSelection": 2185, "endSelection": 2190, "explanation": "Повторение одного и того же слова.", "tag": "", "type": "Р.повтор", "subtype": "", "comment": "", "correction": ""}, {"id": 71, "group": "error", "startSelection": 2298, "endSelection": 2300, "explanation": "Не хватает пробела.", "tag": "message.txt: 4:0", "type": "А.лекс", "subtype": "конт", "comment": "", "correction": "а -"}, {"id": 72, "group": "error", "startSelection": 2308, "endSelection": 2313, "explanation": "Нет существительных, согласующихся с прилагательным {\"прост\"}.", "tag": "message.txt: 2:3", "type": "А.лекс", "subtype": "конт", "comment": "", "correction": ""}, {"id": 73, "group": "error", "startSelection": 2340, "endSelection": 2342, "explanation": "Не хватает пробела.", "tag": "message.txt: 4:0", "type": "А.лекс", "subtype": "конт", "comment": "", "correction": ", п"}, {"id": 74, "group": "error", "startSelection": 2293, "endSelection": 2300, "explanation": "Повторение однокоренных слов.", "tag": "", "type": "Р.повтор", "subtype": "", "comment": "", "correction": ""}, {"id": 75, "group": "error", "startSelection": 2377, "endSelection": 2382, "explanation": "Повторение одного и того же слова.", "tag": "", "type": "Р.повтор", "subtype": "", "comment": "", "correction": ""}, {"id": 76, "group": "error", "startSelection": 2406, "endSelection": 2414, "explanation": "Повторение однокоренных слов.", "tag": "", "type": "Р.тавт", "subtype": "", "comment": "", "correction": ""}, {"id": 77, "group": "error", "startSelection": 2431, "endSelection": 2437, "explanation": "Повторение однокоренных слов.", "tag": "", "type": "Р.тавт", "subtype": "", "comment": "", "correction": ""}, {"id": 78, "group": "error", "startSelection": 2491, "endSelection": 2499, "explanation": "Повторение однокоренных слов.", "tag": "", "type": "Р.тавт", "subtype": "", "comment": "", "correction": ""}, {"id": 80, "group": "meaning", "startSelection": 0, "endSelection": 118, "type": "ПРОБЛЕМА", "subtype": "", "explanation": "", "correction": "", "tag": "", "comment": ""}, {"id": 81, "group": "meaning", "startSelection": 1153, "endSelection": 1243, "type": "ПРИМЕР", "subtype": "", "explanation": "", "correction": "", "tag": "", "comment": ""}, {"id": 82, "group": "meaning", "startSelection": 1244, "endSelection": 1401, "type": "ПОЯСНЕНИЕ", "subtype": "", "explanation": "", "correction": "", "tag": "", "comment": ""}, {"id": 83, "group": "meaning", "startSelection": 1402, "endSelection": 1476, "type": "ПРИМЕР", "subtype": "", "explanation": "", "correction": "", "tag": "", "comment": ""}, {"id": 84, "group": "meaning", "startSelection": 1477, "endSelection": 1692, "type": "ПОЯСНЕНИЕ", "subtype": "", "explanation": "", "correction": "", "tag": "", "comment": ""}, {"id": 85, "group": "meaning", "startSelection": 1693, "endSelection": 1856, "type": "ПРИМЕР", "subtype": "", "explanation": "", "correction": "", "tag": "", "comment": ""}, {"id": 86, "group": "meaning", "startSelection": 1857, "endSelection": 1957, "type": "ПОЯСНЕНИЕ", "subtype": "", "explanation": "", "correction": "", "tag": "", "comment": ""}, {"id": 87, "group": "meaning", "startSelection": 1958, "endSelection": 2095, "type": "ПОЗИЦИЯ", "subtype": "", "explanation": "", "correction": "", "tag": "", "comment": ""}, {"id": 88, "group": "meaning", "startSelection": 2096, "endSelection": 2260, "type": "ОТНОШЕНИЕ", "subtype": "", "explanation": "", "correction": "", "tag": "", "comment": ""}]}