{"meta": {"uuid": "58824904-b410-43c2-85ab-10cc8665479d", "id": "0002489", "name": "0002489_ru_rus_problema_zavisimosti_cheloveka_ot_gadjetov_noexp.txt", "subject": "rus", "test": "егэ тренировка", "category": "", "year": 2018, "class": "11", "theme": "Проблема зависимости человека от гаджетов? (По тексту Е.Л. Вартановой)", "taskText": "(1)Мы все носим в себе маленькую частичку «человека медийного»: не можем без телефонов, компьютеров, телевизоров — словом, цифровых гаджетов, и, главное, мы не можем жить без самой информации. (2)\"Человек медийный« — это понятие, которое я впервые использовала лет пять назад, хотя многим оно тогда не понравилось и не все с ним согласились. (3)На самом деле это была своего рода игра с теми определениями, которые уже существовали в медиаисследованиях, в гуманитарной науке. (4)Начало было положено Джоном Локком, его «человеком естественным», и Жаном-Жаком Руссо, его «человеком общественным». (5)В XVIII веке концепция человека активно развивалась, было понятно, что человек не только биологический вид, но и общественное существо, и многие учёные стали это признавать. (6)Джон Локк впервые ввёл понятие «человека естественного», основанное на признании значения практического опыта в формировании человека. (7)Руссо же говорил, что человек не может сформироваться лишь в условиях природы и своего опыта, поскольку он в значительной мере получает опыт в процессе взаимоотношений с социумом.\n(8)В XIX веке политэкономы ввели понятие «человека экономического», которое предполагало, что человек в значительной степени рационально формирует свои потребности, исходя из материальных условий и условий потребления. (9)Уже в XX веке во французской социологии появилось понятие «человека социального». (Ю)Согласно этому подходу, невозможно полностью определять современного человека только через мир вещей, который необходим «человеку экономическому», а нужно учитывать его культурные и духовные запросы, связанные с тем обществом, в котором он живёт. (11)И уже в последние годы учёные всё чаще начали фиксировать возрастающую зависимость мира идей от процессов развития информационно-коммуникационных технологий, от медийной среды.\n(12) Медийная среда сейчас невероятно расширилась. (13) Говоря о «человеке медийном», мы подразумеваем связь человека со всем медиапространством, включающим как традиционные формы СМИ в виде газет, журналов и телевидения, так и новые платформы доступа к новым цифровым средам. (14) В этом отношении смартфон — только одна из возможных платформ распространения информации. (15) Если человека оторвать от смартфона, сможет ли он через два дня ощущать себя нормальным человеком? (16) Но можно поставить вопрос и несколько иначе: сможет ли он потерять за эти два дня свою зависимость от медийной среды? (17) Медийный мир стал всеобъемлющим, и сегодня сложно понять, может ли человек из медийного снова стать естественным.\n(18) Сама идея «человека медийного» — это идея человека, существование которого напрямую формируется процессом получения, потребления и осмысления информации, предоставляемой медийной средой. (19) Все мы, конечно, разные люди, поэтому в каждом конкретном человеке эта идея реализуется по-разному: кто-то более медийный, кто-то менее. (20) Это не только абстрактные философские рассуждения. (21) Мы сталкиваемся с новой реальностью — человек очень много времени уделяет медиа. (22) Но я думаю, что время, потраченное на медиа, не утекает впустую, если человек включает внимание, свою память, если он использует традиционные способы осмысления полученной информации — в этом случае он формирует новые знания. (23) Однако многие исследователи, учёные и политики упрекают медиасреду в том, что в результате скольжения по информации как раз и снижаются мыслительные, критические способности, ухудшается память. (24) Кроме того, часть времени, и она может быть весьма существенной, отдаётся развлекательным занятиям. (25) В результате важно не то, сколько времени человек проводит с медиа, а то, каков смысл проведения этого времени. (26) Ещё одна проблема состоит в том, что у людей формируется зависимость от медиа, они не могут проводить время без гаджетов или без включённости в поток онлайн-коммуникаций. (27) Поэтому, формулируя понятие «человека медийного», нужно обратить внимание на то, что меняется не только наше восприятие мира, но и, возможно, даже когнитивные (познавательные) способности человека. (28) Они могут как усиливаться за счёт того, что сейчас человек перерабатывает огромные объёмы визуальной информации, так и снижаться, ведь от традиционной линейной грамотности мы уходим в сторону грамотности визуальной.\n(29) Фактически идеальный человек медийный — это тот, кто справляется с вызовами технологической революции и в области доставки информации, и в области преодоления информационной избыточности.\n"}, "text": "Зависимость – это ощущаемая человеком навязчивая потребность в какой-либо деятельности, то есть чрезмерное потребление или желание того, что в малом количестве может принести пользу для человека. В 18 веке это были азартные игры, которые нередко приводили к дуэлям, в это же время был всплеск сигаретной зависимости. В наше время самой распространенной является зависимость от гаджетов.\nНо полезна ли зависимость человека от гаджетов? Именно эту проблему поднимает Елена Леонидовна Вартанова. В своем тексте она рассуждает о зависимости от гаджетов и причинах ее возникновения.\nОбъясняя проблему, автор использует такие лексические средства, как заимствованные слова: «гаджет», «смартфон». Чтобы привлечь внимание читателей к тексту, используются вопросительные предложения: «Если человека оторвать от смартфона, сможет ли он через два дня ощущать себя нормальным человеком?».\nЕлена Леонидовна негативно высказывается о вышесказанной проблеме: у многих людей в результате «скольжения по информации» через гаджет, увлечения развлекательными занятиями снижаются мыслительные, критические способности, ухудшается память.\nЯ согласен с позицией Елена Леонидовна и полностью разделяю его точку зрения. В своем сочинении, используя в качестве аргументов примеры из художественной литературы, попробую доказать свое мнение.\nДля этого проведем аналогию и обратимся к роману Федора Михайловича Достоевского «Игрок». В данном произведении, главный герой - Алексей Михайлович. Он 25-летний домашний учитель, живущий с семьей пожилого генерала на немецком курорте. Алексей Михайлович влюблен в Полину. Ради денег, в которых она нуждается, Алексей Иванович кидается в игорный зал. Но погрузившись в мир азарта, любовь для него уходит на второй план, что приводит к расставанию с возлюбленной и в конце концов к тюремному заключению за неуплаченный долг. Алексей Михайлович стал зависим от азартных игр, и такая зависимость нанесла ему серьезный вред.\nВ рассказе Стивена Кинга «Корпорация «Бросайте курить», главный герой, Дик Мориссон, имел серьёзную зависимость от курения. Когда доктор посоветовал бросить курить, Дик ответил, что это все равно что бросить дышать. Он так давно находится под властью никотиновой зависимости, что не может без неё жить, в результате чего получил язву желудка.\nОбобщая все вышесказанное, хотелось бы сказать, что любая зависимость оказывает негативное влияние на человека, будь это зависимость от азартных игр, как у Алексея Михайловича, или никотиновая зависимость, как у Мориссона. Но любой предмет зависимости в малом количестве может быть полезен для человека.", "fileName": "0002489.json", "selections": [{"id": 0, "group": "error", "startSelection": 14, "endSelection": 17, "explanation": "Повторение одного и того же слова.", "tag": "", "type": "Р.повтор", "subtype": "", "comment": "", "correction": ""}, {"id": 1, "group": "error", "startSelection": 49, "endSelection": 60, "explanation": "Повторение однокоренных слов.", "tag": "", "type": "Р.тавт", "subtype": "", "comment": "", "correction": ""}, {"id": 2, "group": "error", "startSelection": 107, "endSelection": 118, "explanation": "Повторение однокоренных слов.", "tag": "", "type": "Р.тавт", "subtype": "", "comment": "", "correction": ""}, {"id": 3, "group": "error", "startSelection": 206, "endSelection": 209, "explanation": "Повторение одного и того же слова.", "tag": "", "type": "Р.повтор", "subtype": "", "comment": "", "correction": ""}, {"id": 4, "group": "error", "startSelection": 268, "endSelection": 271, "explanation": "Повторение одного и того же слова.", "tag": "", "type": "Р.повтор", "subtype": "", "comment": "", "correction": ""}, {"id": 5, "group": "error", "startSelection": 304, "endSelection": 315, "explanation": "Повторение одного и того же слова в разных формах.", "tag": "", "type": "Р.повтор", "subtype": "", "comment": "", "correction": ""}, {"id": 6, "group": "error", "startSelection": 362, "endSelection": 373, "explanation": "Повторение одного и того же слова в разных формах.", "tag": "", "type": "Р.повтор", "subtype": "", "comment": "", "correction": ""}, {"id": 7, "group": "error", "startSelection": 493, "endSelection": 507, "explanation": "Слово «свой» в контекстах вроде «писатель в своём тексте рассказывает...» избыточно.", "tag": "", "type": "Р.ЛИШН", "subtype": "лишн", "comment": "", "correction": ""}, {"id": 8, "group": "error", "startSelection": 603, "endSelection": 613, "explanation": "Повторение однокоренных слов.", "tag": "", "type": "Р.тавт", "subtype": "", "comment": "", "correction": ""}, {"id": 9, "group": "error", "startSelection": 679, "endSelection": 687, "explanation": "Повторение одного и того же слова в разных формах.", "tag": "", "type": "Р.повтор", "subtype": "", "comment": "", "correction": ""}, {"id": 10, "group": "error", "startSelection": 734, "endSelection": 746, "explanation": "Повторение однокоренных слов.", "tag": "", "type": "Р.тавт", "subtype": "", "comment": "", "correction": ""}, {"id": 11, "group": "error", "startSelection": 802, "endSelection": 811, "explanation": "Повторение одного и того же слова в разных формах.", "tag": "", "type": "Р.повтор", "subtype": "", "comment": "", "correction": ""}, {"id": 12, "group": "error", "startSelection": 1013, "endSelection": 1022, "explanation": "", "tag": "REPLACE_n-u-pref_n-u-prep", "type": "А.лекс", "subtype": "конт", "comment": "", "correction": "у влечения"}, {"id": 13, "group": "error", "startSelection": 904, "endSelection": 917, "explanation": "Повторение однокоренных слов.", "tag": "", "type": "Р.тавт", "subtype": "", "comment": "", "correction": ""}, {"id": 14, "group": "error", "startSelection": 920, "endSelection": 933, "explanation": "Повторение однокоренных слов.", "tag": "", "type": "Р.тавт", "subtype": "", "comment": "", "correction": ""}, {"id": 15, "group": "error", "startSelection": 1198, "endSelection": 1203, "explanation": "Повторение одного и того же слова в разных формах.", "tag": "", "type": "Р.повтор", "subtype": "", "comment": "", "correction": ""}, {"id": 16, "group": "error", "startSelection": 1303, "endSelection": 1307, "explanation": "Повторение одного и того же слова в разных формах.", "tag": "", "type": "Р.повтор", "subtype": "", "comment": "", "correction": ""}, {"id": 17, "group": "error", "startSelection": 1468, "endSelection": 1477, "explanation": "Слово содержит русские буквы и цифры вперемешку.", "tag": "message.txt: 1:0", "type": "А.лекс", "subtype": "конт", "comment": "", "correction": ""}, {"id": 18, "group": "error", "startSelection": 1496, "endSelection": 1503, "explanation": "Повторение однокоренных слов.", "tag": "", "type": "Р.тавт", "subtype": "", "comment": "", "correction": ""}, {"id": 19, "group": "error", "startSelection": 1513, "endSelection": 1521, "explanation": "Повторение однокоренных слов.", "tag": "", "type": "Р.тавт", "subtype": "", "comment": "", "correction": ""}, {"id": 20, "group": "error", "startSelection": 1666, "endSelection": 1839, "explanation": "Предложение сложно для восприятия, так как перегружено предлогами. Попробуйте разбить его на несколько более коротких.", "tag": "message.txt: 3:2", "type": "А.лекс", "subtype": "конт", "comment": "", "correction": ""}, {"id": 21, "group": "error", "startSelection": 1864, "endSelection": 1871, "explanation": "Повторение одинаковых и однокоренных слов.", "tag": "", "type": "Р.тавт", "subtype": "", "comment": "", "correction": ""}, {"id": 22, "group": "error", "startSelection": 1897, "endSelection": 1908, "explanation": "Повторение одинаковых и однокоренных слов.", "tag": "", "type": "Р.повтор", "subtype": "", "comment": "", "correction": ""}, {"id": 23, "group": "error", "startSelection": 1921, "endSelection": 1930, "explanation": "Повторение одного и того же слова в разных формах.", "tag": "", "type": "Р.повтор", "subtype": "", "comment": "", "correction": ""}, {"id": 24, "group": "error", "startSelection": 2027, "endSelection": 2036, "explanation": "Повторение одного и того же слова в разных формах.", "tag": "", "type": "Р.повтор", "subtype": "", "comment": "", "correction": ""}, {"id": 25, "group": "error", "startSelection": 2037, "endSelection": 2048, "explanation": "Повторение одинаковых и однокоренных слов.", "tag": "", "type": "Р.повтор", "subtype": "", "comment": "", "correction": ""}, {"id": 27, "group": "meaning", "startSelection": 0, "endSelection": 195, "type": "ПРОБЛЕМА", "subtype": "", "explanation": "", "correction": "", "tag": "", "comment": ""}, {"id": 28, "group": "meaning", "startSelection": 387, "endSelection": 492, "type": "ПОЯСНЕНИЕ", "subtype": "", "explanation": "", "correction": "", "tag": "", "comment": ""}, {"id": 29, "group": "meaning", "startSelection": 493, "endSelection": 577, "type": "ПРИМЕР", "subtype": "", "explanation": "", "correction": "", "tag": "", "comment": ""}, {"id": 30, "group": "meaning", "startSelection": 578, "endSelection": 876, "type": "ПРИМЕР", "subtype": "", "explanation": "", "correction": "", "tag": "", "comment": ""}, {"id": 31, "group": "meaning", "startSelection": 1118, "endSelection": 2583, "type": "ОТНОШЕНИЕ", "subtype": "", "explanation": "", "correction": "", "tag": "", "comment": ""}]}