{"meta": {"uuid": "1222a0e9-f023-440c-a27c-6837c93982f6", "id": "0002503", "name": "0002503_ru_rus_problema_vajnosti_muzyki_noexp.txt", "subject": "rus", "test": "егэ тренировка", "category": "", "year": 2018, "class": "11", "theme": "Проблема важности музыки (По тексту В. Астафьева)", "taskText": "(1)На задворках нашего села стояло на сваях длинное помещение из досок. (2)Я первый раз в жизни здесь услышал музыку — скрипку. (3)На ней играл Вася-поляк. (4)О чём мне рассказывала музыка? (5)О чём-то очень большом. (6)На что же это жаловалась она, на кого гневалась? (7)Тревожно и горько мне. (8)Хочется заплакать, оттого что мне жалко самого себя, жалко тех, что спят непробудным сном на кладбище!\n(9)Вася, не переставая играть, говорил: «(10)Эту музыку написал человек, которого лишили самого дорогого. (11)Если у человека нет матери, нет отца, но есть родина, он ещё не сирота. (12)Всё проходит: любовь, сожаление о ней, горечь утрат, даже боль от ран, — но никогда не проходит и не гаснет тоска по родине. (13)Эту музыку написал мой земляк Огинский. (14)Написал на границе, прощаясь с родиной. (15)Он посылал ей последний привет. (16)Давно уже нет композитора на свете, но боль его, тоска его, любовь к родной земле, которую никто не может отнять, жива до сих пор».\n(17)«Спасибо вам, дяденька», — прошептал я. (18)«За что, мальчик?» — (19)«3а то, что я не сирота». (20)Восторженными слезами благодарил я Васю, этот мир ночной, спящее село, а также спящий за ним лес. (21)В эти минуты не было для меня зла. (22)Мир был добр и одинок так же, как я. (23)Во мне звучала музыка о неистребимой любви к родине! (24)Енисей, не спящий даже ночью, молчаливое село за моей спиной, кузнечик, из последних сил работающий наперекор осени в крапиве, отливающей металлом, — это была моя родина.\n(25)...Прошло много лет. (26)И вот однажды в конце войны я стоял возле пушек в разрушенном польском городе. (27)Кругом пахло гарью, пылью. (28)И вдруг в доме, расположенном через улицу от меня, раздались звуки органа. (29)Эта музыка разбередила воспоминания. (30)Когда-то мне хотелось умереть от непонятной печали и восторга после того, как я послушал полонез Огинского. (31)Но теперь та же музыка, которую я слушал в детстве, преломилась во мне и закаменела, особенно та её часть, от которой я плакал когда-то. (32)Музыка так же, как и в ту далёкую ночь, хватала за горло, но не выжимала слёз, не прорастала жалостью. (33)Она звала куда-то, заставляла что-нибудь делать, чтобы потухли эти пожары, чтобы люди не ютились в горящих развалинах, чтобы небо не подбрасывало взрывами. (34)Музыка властвовала над оцепеневшим от горя городом, та самая музыка, которую, как вздох своей земли, хранил в сердце человек, никогда не видавший родины и всю жизнь тосковавший о ней.\n"}, "text": "На что способно истинные шедевры искусства? Какие чувства и эмоции вызывают такие произведения? Мотивируют ли к действиям настоящие творения людей?\nВ данном тексте В.Астафьев ставит проблему важности музыки.\nРазмышляя над проблемой, автор произведения вспоминает о музыке своего детства и о чувствах, которые она сумела вызвать: «Когда-то мне хотелось умереть от непонятной печали и восторга после того, как я послушал полонез Огинского». Это прекрасное произведение, которое раньше вызывало слезы, оживило воспоминания далеких, давно ушедших детских лет автора.\nВ.Астафьев акцентирует внимание читателя на том, что музыка далекого детства сумела разбередить его воспоминания уже в зрелом возрасте, когда автор был на войне. Это произведение истинного искусства переломилось и закаменело в душе рассказчика. Однако музыка уже не выжимала слез, как в детстве, а « она звала куда-то, заставляла что-нибудь делать, чтобы потухли эти пожары, чтобы люди не ютились в горящих развалинах, чтобы небо не подбрасывало взрывами». Музыка властвовала над разрушенным польским городом и людьми, жившими в нем.\nАвтор произведения убежден, что музыка, как и любое искусство, способна воздействовать на душу человека, она заставляет думать, пробуждает чувства, зовет к действию.\nЯ разделяю точку зрения автора, так как считаю, что музыка очень важна в жизни каждого человека. Она способна вызвать самые бурные эмоции, тронуть за душу и оживить давно забытые воспоминания важных моментов жизни.\nЧтобы подтвердить свою точку зрения, приведу пример из литературы. В произведении Л.Н.Толстого «Война и мир» первый бал для Наташи Ростовой был очень важным событием, выходом в свет. Андрей Болконский первый пригласил девушку на танец. Закружившись под чудесную музыку, умело вальсирую, Наташа вся светилась от счастья. Героиня готова была поделиться своей добротой с целым миром, все люди казались ей прекрасными, и никакие проблемы уже не имели значения в этими минуты. Таким образом, автор произведения хотел показать, что музыка пробудила в девушке бурные эмоции, раскрыла ее психологию, огромный внутренний мир, силу и остроту чувств.\nМоя точка зрения находит подтверждение в произведении А.И.Куприна «Гранатовый браслет». Последним обращением Желткова к Вере Николаевне становится соната Бетховена. Эмоции девушки во время прослушивания этого музыкального произведения были очень сильны. Любимое произведение Георгия Степановича заставило рыдать Веру Николаевну. Эти слезы были вызваны пониманием того, что мимо героини прошла та самая настоящая любовь, что ее больше не вернуть и тем, что она потеряла человека, который так сильно любил её до конца своих дней.\nОбобщая сказанное, можно сделать вывод, что настоящие произведения искусства играет значительную роль в жизни людей, способно пробудить в человеке новые чувства, донести до людей то, что нельзя выразить словами, а также побудить к поступкам, заставит действовать.", "fileName": "0002503.json", "selections": [{"id": 0, "group": "error", "startSelection": 7, "endSelection": 15, "explanation": "", "tag": "REPLACE_adj-o_adj-a", "type": "А.лекс", "subtype": "конт", "comment": "", "correction": "способна"}, {"id": 1, "group": "error", "startSelection": 122, "endSelection": 131, "explanation": "Повторение однокоренных слов.", "tag": "", "type": "Р.тавт", "subtype": "", "comment": "", "correction": ""}, {"id": 2, "group": "error", "startSelection": 175, "endSelection": 181, "explanation": "Повторение однокоренных слов.", "tag": "", "type": "Р.тавт", "subtype": "", "comment": "", "correction": ""}, {"id": 3, "group": "error", "startSelection": 200, "endSelection": 206, "explanation": "Повторение одного и того же слова в разных формах.", "tag": "", "type": "Р.повтор", "subtype": "", "comment": "", "correction": ""}, {"id": 4, "group": "error", "startSelection": 265, "endSelection": 271, "explanation": "Повторение одного и того же слова в разных формах.", "tag": "", "type": "Р.повтор", "subtype": "", "comment": "", "correction": ""}, {"id": 5, "group": "error", "startSelection": 520, "endSelection": 527, "explanation": "Повторение одного и того же слова в разных формах.", "tag": "", "type": "Р.повтор", "subtype": "", "comment": "", "correction": ""}, {"id": 6, "group": "error", "startSelection": 543, "endSelection": 550, "explanation": "Повторение однокоренных слов.", "tag": "", "type": "Р.тавт", "subtype": "", "comment": "", "correction": ""}, {"id": 7, "group": "error", "startSelection": 647, "endSelection": 658, "explanation": "Разговорное выражение, придающее тексту непринуждённый характер.", "tag": "RAZG.doc -845768902", "type": "А.лекс", "subtype": "конт", "comment": "", "correction": ""}, {"id": 8, "group": "error", "startSelection": 623, "endSelection": 631, "explanation": "Повторение одного и того же слова в разных формах.", "tag": "", "type": "Р.повтор", "subtype": "", "comment": "", "correction": ""}, {"id": 9, "group": "error", "startSelection": 632, "endSelection": 639, "explanation": "Повторение однокоренных слов.", "tag": "", "type": "Р.тавт", "subtype": "", "comment": "", "correction": ""}, {"id": 10, "group": "error", "startSelection": 944, "endSelection": 948, "explanation": "Повторение одного и того же слова в разных формах.", "tag": "", "type": "Р.повтор", "subtype": "", "comment": "", "correction": ""}, {"id": 11, "group": "error", "startSelection": 1020, "endSelection": 1026, "explanation": "Повторение одного и того же слова.", "tag": "", "type": "Р.повтор", "subtype": "", "comment": "", "correction": ""}, {"id": 12, "group": "error", "startSelection": 1074, "endSelection": 1080, "explanation": "Повторение одного и того же слова в разных формах.", "tag": "", "type": "Р.повтор", "subtype": "", "comment": "", "correction": ""}, {"id": 13, "group": "error", "startSelection": 1129, "endSelection": 1135, "explanation": "Повторение одного и того же слова.", "tag": "", "type": "Р.повтор", "subtype": "", "comment": "", "correction": ""}, {"id": 14, "group": "error", "startSelection": 1169, "endSelection": 1183, "explanation": "Повторение однокоренных слов.", "tag": "", "type": "Р.тавт", "subtype": "", "comment": "", "correction": ""}, {"id": 15, "group": "error", "startSelection": 1253, "endSelection": 1261, "explanation": "Повторение однокоренных слов.", "tag": "", "type": "Р.тавт", "subtype": "", "comment": "", "correction": ""}, {"id": 16, "group": "error", "startSelection": 1315, "endSelection": 1321, "explanation": "Повторение одного и того же слова.", "tag": "", "type": "Р.повтор", "subtype": "", "comment": "", "correction": ""}, {"id": 17, "group": "error", "startSelection": 1328, "endSelection": 1333, "explanation": "Повторение одного и того же слова в разных формах.", "tag": "", "type": "Р.повтор", "subtype": "", "comment": "", "correction": ""}, {"id": 18, "group": "error", "startSelection": 1336, "endSelection": 1341, "explanation": "Повторение одного и того же слова.", "tag": "", "type": "Р.повтор", "subtype": "", "comment": "", "correction": ""}, {"id": 19, "group": "error", "startSelection": 1455, "endSelection": 1461, "explanation": "Повторение одного и того же слова в разных формах.", "tag": "", "type": "Р.повтор", "subtype": "", "comment": "", "correction": ""}, {"id": 20, "group": "error", "startSelection": 1471, "endSelection": 1476, "explanation": "Повторение одного и того же слова.", "tag": "", "type": "Р.повтор", "subtype": "", "comment": "", "correction": ""}, {"id": 21, "group": "error", "startSelection": 1587, "endSelection": 1593, "explanation": "Повторение одного и того же слова.", "tag": "", "type": "Р.повтор", "subtype": "", "comment": "", "correction": ""}, {"id": 22, "group": "error", "startSelection": 1628, "endSelection": 1634, "explanation": "Повторение одного и того же слова в разных формах.", "tag": "", "type": "Р.повтор", "subtype": "", "comment": "", "correction": ""}, {"id": 23, "group": "error", "startSelection": 1679, "endSelection": 1685, "explanation": "Повторение одного и того же слова.", "tag": "", "type": "Р.повтор", "subtype": "", "comment": "", "correction": ""}, {"id": 24, "group": "error", "startSelection": 1934, "endSelection": 1935, "explanation": "Предлог {\"в\"} не связан со словом {\"этими\"}.", "tag": "message.txt: 2:3", "type": "А.лекс", "subtype": "конт", "comment": "", "correction": ""}, {"id": 25, "group": "error", "startSelection": 1934, "endSelection": 1935, "explanation": "", "tag": "REPLACE_в_с", "type": "А.лекс", "subtype": "конт", "comment": "", "correction": "с"}, {"id": 26, "group": "error", "startSelection": 1936, "endSelection": 1941, "explanation": "Предлог {\"в\"} не связан со словом {\"этими\"}.", "tag": "message.txt: 2:3", "type": "А.лекс", "subtype": "конт", "comment": "", "correction": ""}, {"id": 27, "group": "error", "startSelection": 1971, "endSelection": 1983, "explanation": "Повторение одного и того же слова в разных формах.", "tag": "", "type": "Р.повтор", "subtype": "", "comment": "", "correction": ""}, {"id": 28, "group": "error", "startSelection": 2159, "endSelection": 2171, "explanation": "Повторение одного и того же слова в разных формах.", "tag": "", "type": "Р.повтор", "subtype": "", "comment": "", "correction": ""}, {"id": 29, "group": "error", "startSelection": 2340, "endSelection": 2352, "explanation": "Повторение одного и того же слова в разных формах.", "tag": "", "type": "Р.повтор", "subtype": "", "comment": "", "correction": ""}, {"id": 30, "group": "error", "startSelection": 2380, "endSelection": 2392, "explanation": "Повторение одного и того же слова в разных формах.", "tag": "", "type": "Р.повтор", "subtype": "", "comment": "", "correction": ""}, {"id": 31, "group": "error", "startSelection": 2645, "endSelection": 2909, "explanation": "Предложение сложно для восприятия, так как перегружено глаголами. Попробуйте разбить его на несколько более коротких.", "tag": "message.txt: 3:2", "type": "А.лекс", "subtype": "конт", "comment": "", "correction": ""}, {"id": 32, "group": "error", "startSelection": 2888, "endSelection": 2896, "explanation": "", "tag": "REPLACE_v-3_v-inf", "type": "А.лекс", "subtype": "конт", "comment": "", "correction": "заставить"}, {"id": 33, "group": "error", "startSelection": 2756, "endSelection": 2761, "explanation": "Повторение одного и того же слова.", "tag": "", "type": "Р.повтор", "subtype": "", "comment": "", "correction": ""}, {"id": 34, "group": "error", "startSelection": 2772, "endSelection": 2781, "explanation": "Повторение однокоренных слов.", "tag": "", "type": "Р.тавт", "subtype": "", "comment": "", "correction": ""}, {"id": 35, "group": "error", "startSelection": 2819, "endSelection": 2824, "explanation": "Повторение одного и того же слова.", "tag": "", "type": "Р.повтор", "subtype": "", "comment": "", "correction": ""}, {"id": 36, "group": "error", "startSelection": 2866, "endSelection": 2874, "explanation": "Повторение однокоренных слов.", "tag": "", "type": "Р.тавт", "subtype": "", "comment": "", "correction": ""}, {"id": 38, "group": "meaning", "startSelection": 148, "endSelection": 207, "type": "ПРОБЛЕМА", "subtype": "", "explanation": "", "correction": "", "tag": "", "comment": ""}, {"id": 39, "group": "meaning", "startSelection": 208, "endSelection": 438, "type": "ПРИМЕР", "subtype": "", "explanation": "", "correction": "", "tag": "", "comment": ""}, {"id": 40, "group": "meaning", "startSelection": 439, "endSelection": 562, "type": "ПОЯСНЕНИЕ", "subtype": "", "explanation": "", "correction": "", "tag": "", "comment": ""}, {"id": 41, "group": "meaning", "startSelection": 563, "endSelection": 724, "type": "ПРИМЕР", "subtype": "", "explanation": "", "correction": "", "tag": "", "comment": ""}, {"id": 42, "group": "meaning", "startSelection": 725, "endSelection": 807, "type": "ПОЯСНЕНИЕ", "subtype": "", "explanation": "", "correction": "", "tag": "", "comment": ""}, {"id": 43, "group": "meaning", "startSelection": 808, "endSelection": 1019, "type": "ПРИМЕР", "subtype": "", "explanation": "", "correction": "", "tag": "", "comment": ""}, {"id": 44, "group": "meaning", "startSelection": 1020, "endSelection": 1096, "type": "ПОЯСНЕНИЕ", "subtype": "", "explanation": "", "correction": "", "tag": "", "comment": ""}, {"id": 45, "group": "meaning", "startSelection": 1097, "endSelection": 1262, "type": "ПОЗИЦИЯ", "subtype": "", "explanation": "", "correction": "", "tag": "", "comment": ""}, {"id": 46, "group": "meaning", "startSelection": 1263, "endSelection": 2645, "type": "ОТНОШЕНИЕ", "subtype": "", "explanation": "", "correction": "", "tag": "", "comment": ""}]}