{"meta": {"uuid": "468fd1fc-73f9-49d3-889d-de91bd2d5440", "id": "0002634", "name": "0002634_ru_rus_problema_nravstvennogo_vybora_noexp.txt", "subject": "rus", "test": "егэ тренировка", "category": "", "year": 2018, "class": "11", "theme": "Проблема нравственного выбора (По тексту А. Авдеева)", "taskText": "(1)Во время Второй мировой войны фашисты схватили одного из активных деятелей французского Сопротивления. (2)Вначале ему предложили вступить в сговор с тайной полицией.\n(3)Но схваченный подпольщик с негодованием отверг эту сделку. (4)Тогда от уговоров палачи перешли к пыткам. (5)Невозможно даже вообразить, через что пришлось пройти этому мужественному человеку. (6)Но ни адская боль, ни разрывающий душу страх перед неизбежностью, ни щедрые посулы – ничто не смогло сломить его волю. (7)Пытки стали еще более жестокими, еще более изощренными, палачам уже хотелось не столько вырвать информацию, сколько победить узника.(8) Мужество подпольщика они воспринимали как бессмысленное упрямство человека, бросившего вызов их не знающему пределов могуществу.(9) Они были твердо уверены в том, что сломать можно любого, просто одни терпят день, другие неделю, но рано или поздно перед судьбой даже герои встают на колени.\n(10)Как же бесил их этот безумный фанатик! (11)Уже казалось, что ничем поколебать его твердой, как гранит, решимости. (12)Но однажды его пригласили в кабинет, предложили переодеться в хороший костюм, велели принять душ, привести себя в порядок.(13) Потом посадили и повезли по цветущему Парижу.(14) Завели в кофейню, угостили горячим шоколадом. (15)Рядом сидели беспечно смеющиеся люди, о чем-то загадочно шепталась молодая парочка, бабушка кормила внука пирожными, на улице ласково шелестели листвой деревья...\n(16)Жизнь шла своим чередом. (17)От стриженых газонов пахло свежей травой, и этот удивительный запах уносил измученного пытками человека в даль минувшего, в ту сказочную долину детства, где, словно хрустальные замки в клубах синеватого тумана, слабо дрожат очертания полузабытых детских снов.(18) Его никто ни о чем не спрашивал. (19)И он задавал себе один и тот же вопрос: зачем я умираю? (20)Ну вот я умру, умру в страшных мучениях ради этих людей, которые даже не знают о моем существовании, ради этого перепачканного кремом ребенка, ради этой темноволосой девушки, которая не сводит глаз со своего парня... (21) Какое им дело до меня, до моих переломанных костей, до моих страданий, до моей жизни? (22)Так неужели я обязан мучиться ради тех, кому моя жертва не нужна?\n(23)В камеру его нарочно везли по самым красивым улицам, жизнь стучала в стекла машины, звала его остаться... (24)И тогда он произнес: «Ладно». (25)Сказал тихо. (26)Но его услышали. (27)Сказал только одно слово. (28) Но его поняли...\n(29)Через месяц его выпустили...(30) Раньше было нельзя, чтобы не вызвать подозрений у соратников по подполью.(31) Он пришел в то же самое кафе... (32)Но там не было ни бабушки с внуком, ни той влюбленной парочки... (33) И почему-то на улице не шелестели деревья и не пахло травой. (34)Было тихо, было неестественно тихо, и это была даже не тишина притомившейся жизни, а неподвижное безмолвие могилы. (35)Он сыпал в кофе сахар, одну ложку, вторую, третью... (36) Но кофе все равно был горький, как будто его сварили из полыни.\n"}, "text": "Стоит ли жертвовать своей жизнью ради благополучия других людей? Можно ли сделать выбор в пользу своих интересов, не задумываясь о последствиях? Такие вопросы ставит А. Авдеев, поднимая проблему нравственного выбора.\nАвтор раскрывает тему на примере поступков члена французского сопротивления. А. Авдеев восхищается искренним стремлением героя помочь своей стране, спасти соотечественников. Писатель подчёркивает, что «мужественный человек» верил в необходимость своей жертвы, не сомневался в правильности своих действий. Однако поездка по родному городу, размеренная жизнь его населения сломили уверенность героя, заставили пересмотреть свои взгляды.\nАвтор подробно описывает мысли главного героя, стараясь указать на причины перемен, заставившие «безумного фанатика» пойти навстречу фашистам. А. Авдеев уверен, что любой тяжелый выбор не проходит без последствий. Именно поэтому в конце текста трудно не заметить страдания, муки героя, вызванные осознанием содеянного.\nХотя позиция автора не выражена явно, логика текста убеждает в том, что выбор, сделанный не в пользу норм морали и нравственности, неизбежно приводит к душевным терзаниям, мукам совести. Даже несмотря на то, что получилось достигнуть желаемого.\nБесспорно, автор текста прав, я полностью с ним согласен. Мне кажется, что каждый человек, делая нравственный выбор, в первую очередь должен руководствоваться общественным благом. Действия, совершаемые исключительно в соответствии со своими интересами, в то время как другие люди будут обречены на страдания или смерть, приносят лишь разочарование в жизни и в самом себе. Попробую доказать свою мысль.\nВ повести «Сотников» В. Быков противопоставляет двух героев, каждый из которых сделал свой выбор. Два партизана отправляются в разведку и попадают в плен фашистам. Физически сильный Рыбак не выдерживает напряжения и соглашается сотрудничать с немцами. Болезненный и слабый Сотников мужественно переносит страшные пытки, не выдает расположения партизанского отряда. Полицаи обещают сохранить жизнь Рыбаку, если тот примет их условия. Он решается на страшный поступок: принимает участие в казни товарища. Сделанный выбор вынуждает героя осознать всю тяжесть содеянного. Так, ему не остается ничего, кроме как раскаяться и искать смерти.\nВыбирать пришлось и двум советским лётчикам, Юрию Янову и Борису Капустину. Они приняли отважное и ответственное решение, ценой собственной жизни спасли десятки людей. Лётчикам дали простое для профессионалов задание: перегнать самолёты, прибывшие в воинскую часть, на другой аэродром. Однако над Берлином воздушное судно, которое пилотировали Яков и Капустин, начало терять высоту. Лётчики поняли – отказали оба двигателя. Мгновенно оценив обстановку, товарищи стали уводить самолёт загород, хотя имели возможность катапультироваться. «Пускай мы погибнем, но город спасём.» – твёрдо решили летчики, совершив самый трудный в своей жизни выбор за считанные секунды.\nВ заключение всего вышесказанного хотелось бы ещё раз отметить, что сделанный выбор может оказать значительное влияние на всю дальнейшую жизнь человека. Именно поэтому так важно суметь принять правильное решение в нужный момент.", "fileName": "0002634.json", "selections": [{"id": 0, "group": "error", "startSelection": 20, "endSelection": 32, "explanation": "Слово «свой» применительно к жизни часто избыточно, поскольку жизнь у человека всегда «своя».", "tag": "", "type": "Р.ЛИШН", "subtype": "лишн", "comment": "", "correction": ""}, {"id": 1, "group": "error", "startSelection": 20, "endSelection": 25, "explanation": "Повторение одного и того же слова в разных формах.", "tag": "", "type": "Р.повтор", "subtype": "", "comment": "", "correction": ""}, {"id": 2, "group": "error", "startSelection": 82, "endSelection": 87, "explanation": "Повторение одного и того же слова в разных формах.", "tag": "", "type": "Р.повтор", "subtype": "", "comment": "", "correction": ""}, {"id": 3, "group": "error", "startSelection": 97, "endSelection": 102, "explanation": "Повторение одного и того же слова в разных формах.", "tag": "", "type": "Р.повтор", "subtype": "", "comment": "", "correction": ""}, {"id": 4, "group": "error", "startSelection": 177, "endSelection": 194, "explanation": "Проблему можно «поставить», «выдвинуть», «обозначить» или «рассмотреть», но лучше ее не «поднимать».", "tag": "", "type": "Р.СОЧЕТ", "subtype": null, "comment": "", "correction": ""}, {"id": 5, "group": "error", "startSelection": 209, "endSelection": 215, "explanation": "Повторение одного и того же слова в разных формах.", "tag": "", "type": "Р.повтор", "subtype": "", "comment": "", "correction": ""}, {"id": 6, "group": "error", "startSelection": 351, "endSelection": 356, "explanation": "Повторение одного и того же слова в разных формах.", "tag": "", "type": "Р.повтор", "subtype": "", "comment": "", "correction": ""}, {"id": 7, "group": "error", "startSelection": 463, "endSelection": 468, "explanation": "Повторение одного и того же слова в разных формах.", "tag": "", "type": "Р.повтор", "subtype": "", "comment": "", "correction": ""}, {"id": 8, "group": "error", "startSelection": 506, "endSelection": 511, "explanation": "Повторение одного и того же слова в разных формах.", "tag": "", "type": "Р.повтор", "subtype": "", "comment": "", "correction": ""}, {"id": 9, "group": "error", "startSelection": 615, "endSelection": 624, "explanation": "Повторение одного и того же слова в разных формах.", "tag": "", "type": "Р.повтор", "subtype": "", "comment": "", "correction": ""}, {"id": 10, "group": "error", "startSelection": 736, "endSelection": 747, "explanation": "Повторение одного и того же слова в разных формах.", "tag": "", "type": "Р.повтор", "subtype": "", "comment": "", "correction": ""}, {"id": 11, "group": "error", "startSelection": 889, "endSelection": 895, "explanation": "Повторение одного и того же слова.", "tag": "", "type": "Р.повтор", "subtype": "", "comment": "", "correction": ""}, {"id": 12, "group": "error", "startSelection": 959, "endSelection": 969, "explanation": "Повторение однокоренных слов.", "tag": "", "type": "Р.тавт", "subtype": "", "comment": "", "correction": ""}, {"id": 13, "group": "error", "startSelection": 1016, "endSelection": 1022, "explanation": "Повторение одного и того же слова.", "tag": "", "type": "Р.повтор", "subtype": "", "comment": "", "correction": ""}, {"id": 14, "group": "error", "startSelection": 1050, "endSelection": 1059, "explanation": "Повторение однокоренных слов.", "tag": "", "type": "Р.тавт", "subtype": "", "comment": "", "correction": ""}, {"id": 15, "group": "error", "startSelection": 1450, "endSelection": 1456, "explanation": "Повторение одного и того же слова в разных формах.", "tag": "", "type": "Р.повтор", "subtype": "", "comment": "", "correction": ""}, {"id": 16, "group": "error", "startSelection": 1606, "endSelection": 1610, "explanation": "Повторение одного и того же слова в разных формах.", "tag": "", "type": "Р.повтор", "subtype": "", "comment": "", "correction": ""}, {"id": 17, "group": "error", "startSelection": 1620, "endSelection": 1627, "explanation": "Повторение однокоренных слов.", "tag": "", "type": "Р.тавт", "subtype": "", "comment": "", "correction": ""}, {"id": 18, "group": "error", "startSelection": 1666, "endSelection": 1670, "explanation": "Повторение одного и того же слова в разных формах.", "tag": "", "type": "Р.повтор", "subtype": "", "comment": "", "correction": ""}, {"id": 19, "group": "error", "startSelection": 1704, "endSelection": 1708, "explanation": "Повторение одного и того же слова в разных формах.", "tag": "", "type": "Р.повтор", "subtype": "", "comment": "", "correction": ""}, {"id": 20, "group": "error", "startSelection": 1716, "endSelection": 1719, "explanation": "Повторение одного и того же слова в разных формах.", "tag": "", "type": "Р.повтор", "subtype": "", "comment": "", "correction": ""}, {"id": 21, "group": "error", "startSelection": 1745, "endSelection": 1753, "explanation": "Повторение однокоренных слов.", "tag": "", "type": "Р.тавт", "subtype": "", "comment": "", "correction": ""}, {"id": 22, "group": "error", "startSelection": 2121, "endSelection": 2130, "explanation": "Повторение однокоренных слов.", "tag": "", "type": "Р.тавт", "subtype": "", "comment": "", "correction": ""}, {"id": 23, "group": "error", "startSelection": 2174, "endSelection": 2184, "explanation": "Повторение однокоренных слов.", "tag": "", "type": "Р.тавт", "subtype": "", "comment": "", "correction": ""}, {"id": 24, "group": "error", "startSelection": 2430, "endSelection": 2434, "explanation": "Повторение однокоренных слов.", "tag": "", "type": "Р.тавт", "subtype": "", "comment": "", "correction": ""}, {"id": 25, "group": "error", "startSelection": 2462, "endSelection": 2469, "explanation": "Повторение однокоренных слов.", "tag": "", "type": "Р.тавт", "subtype": "", "comment": "", "correction": ""}, {"id": 26, "group": "error", "startSelection": 2737, "endSelection": 2744, "explanation": "", "tag": "REPLACE_n-za-pref_n-za-prep", "type": "А.лекс", "subtype": "конт", "comment": "", "correction": "за город"}, {"id": 27, "group": "error", "startSelection": 2825, "endSelection": 2830, "explanation": "Перед закрывающей кавычкой не ставится точка, за исключением случая с сокращением. Точку, обозначающую конец предложения, ставят после закрывающей кавычки.", "tag": "message.txt: 4:0", "type": "А.лекс", "subtype": "конт", "comment": "", "correction": ""}, {"id": 28, "group": "error", "startSelection": 2878, "endSelection": 2889, "explanation": "Слово «свой» применительно к жизни часто избыточно, поскольку жизнь у человека всегда «своя».", "tag": "", "type": "Р.ЛИШН", "subtype": "лишн", "comment": "", "correction": ""}, {"id": 29, "group": "error", "startSelection": 2899, "endSelection": 2908, "explanation": "Отглагольное прилагательное {\"считаные\"} пишется с одним {\"н \"}. Заменить?", "tag": "message.txt: 3:16", "type": "А.лекс", "subtype": "конт", "comment": "", "correction": "считаные"}, {"id": 30, "group": "error", "startSelection": 2899, "endSelection": 2908, "explanation": "", "tag": "REPLACE_нн_считанный_н_считаный", "type": "А.лекс", "subtype": "конт", "comment": "", "correction": "считаные"}, {"id": 31, "group": "error", "startSelection": 2890, "endSelection": 2895, "explanation": "Повторение одного и того же слова.", "tag": "", "type": "Р.повтор", "subtype": "", "comment": "", "correction": ""}, {"id": 32, "group": "error", "startSelection": 2996, "endSelection": 3001, "explanation": "Повторение одного и того же слова.", "tag": "", "type": "Р.повтор", "subtype": "", "comment": "", "correction": ""}, {"id": 34, "group": "meaning", "startSelection": 145, "endSelection": 216, "type": "ПРОБЛЕМА", "subtype": "", "explanation": "", "correction": "", "tag": "", "comment": ""}, {"id": 35, "group": "meaning", "startSelection": 217, "endSelection": 390, "type": "ПРИМЕР", "subtype": "", "explanation": "", "correction": "", "tag": "", "comment": ""}, {"id": 36, "group": "meaning", "startSelection": 391, "endSelection": 651, "type": "ПОЗИЦИЯ", "subtype": "", "explanation": "", "correction": "", "tag": "", "comment": ""}, {"id": 37, "group": "meaning", "startSelection": 652, "endSelection": 970, "type": "ПОЗИЦИЯ", "subtype": "", "explanation": "", "correction": "", "tag": "", "comment": ""}, {"id": 38, "group": "meaning", "startSelection": 971, "endSelection": 1215, "type": "ПОЗИЦИЯ", "subtype": "", "explanation": "", "correction": "", "tag": "", "comment": ""}, {"id": 39, "group": "meaning", "startSelection": 1216, "endSelection": 2916, "type": "ОТНОШЕНИЕ", "subtype": "", "explanation": "", "correction": "", "tag": "", "comment": ""}]}