{"meta": {"uuid": "6fccfd3a-8e79-426b-85b5-27e3650eb38f", "id": "0002653", "name": "0002653_ru_rus_problema_sposobnosti_cheloveka_radovatsya_jizni_noexp.txt", "subject": "rus", "test": "егэ тренировка", "category": "", "year": 2018, "class": "11", "theme": "Проблема способности человека радоваться жизни (По тексту И. Новикова)", "taskText": "(1)Это был один из тех осенних дней, когда изнуряющая тоска давит сердце, когда промозглая сырость проникает в душу и там, как в погребе, становится темно и холодно. (2)Порывисто дул ветер, и неподвижно-тяжёлая вода в лужах начинала покрываться чёрными пупырышками. (3)Белые льдинки, похожие на обглоданные рыбьи кости, тоненько звенели о края асфальта. (4)Провисшее небо цементного цвета, озябшие осины, обмотанные грязно-серыми бинтами утренней изморози, выбеленные ночным холодом скулы зданий... (5)В такие дни кажется, что никогда больше не появится солнце, что навсегда померк свет, что наша жизнь будет безрадостно тлеть среди этого одуряюще-серого, радикулитного сумрака...\n(6)Я ждал автобуса на остановке, возвращаясь из служебной командировки: в маленьком волжском городке я инспектировал безопасность газового оборудования городской котельной. (7)В моём портфеле лежала целая кипа предписаний, и кому-то эта проверка грозила увольнением с работы. (8)Вот почему меня встречали и провожали с обречённо-кислой полуулыбкой, как будто я был бациллой сибирской язвы, от которой никак невозможно спастись. (9)Мне робко пытались вручить пакет с сувениром и приглашали на якобы случайно совпавший с моим приездом семейный праздник, но я категорично отказался. (10)Хотя все свои проверки я проводил в точном соответствии с должностными инструкциями, на душе лежал камень.\n(11)Люди на остановке, будто связанные по рукам и ногам пленники, застыли на месте и апатично смотрели в ту сторону, откуда должен был появиться опаздывающий автобус. (12)Ни раздражительного слова, ни весёлой шутки, ни смеха... (13)Мы все стали неотъемлемой частью тоскливого ненастья.\n(14)Вдруг откуда-то из переулка вышел высокий, полный мужчина, который вёл за руки двух круглолицых девочек. (15)Они кружили подле отца, хлопали одна другую по плечам и самозабвенно смеялись. (16)Отец смеялся вместе с ними, поправляя девочкам капюшоны, то и дело сползающие на глаза. (17)Эта весело гомонящая троица подошла к остановке. (18)Отбиваясь от детей, отец посмотрел на расписание, потом бегло глянул на часы и, видимо поняв, что у него ещё есть время, целиком отдался игре. (19)Они шумно бегали друг за другом, с топотом кружа вокруг сваленных в кучу бетонных плит. (20)Дети смеялись так, что порой останавливались и, согнувшись, хватались за отца, чтобы не упасть. (21)Тот, большой и толстый, с широким мясистым лицом, торопливо, почти взахлёб, говорил им что-то смешное, и они, всплёскивая руками, начинали хохотать ещё сильнее.\n(22)Пожилая женщина, пряча лицо от ветра, искоса глядела на это ликующее семейство и укоризненно качала головой:\n(23) - Ну разве так можно?!\n(24)А я смотрел на них и завидовал. (25)Так завидуешь людям, живущим в уютной и тёплой деревушке, мимо огоньков которой ты мчишься на поезде в морозную зимнюю ночь...\n(26)Подошёл автобус, одна из девочек, прочитав табличку на ветровом стекле, радостно махнула рукой вопросительно кивнувшему отцу:\n(27)-Не наш!(28)Играем!\n(29)Мы угрюмо сели в автобус и поехали, а они остались, с блаженным визгом гоняясь друг за другом по опустевшей остановке.\n"}, "text": "В данном для анализа тексте писатель И.Новиков размышляет над проблемой способности человека радоваться жизни.\nРассказчик описывает унылый, серый, осенний день. “Провисшее небо цементного цвета”, “выбеленные ночным холодом скулы зданий”, “радикулитный сумрак” - все эти элементы описания помогают нам, читателям, почувствовать безрадостную атмосферу. Люди тоже представлены рассказчиком тоскливыми, можно даже сказать, безжизненными. В них нет бодрости, энергии. Все они стали частью ненастья.\nДанный текст построен на контрасте. В такой тоскливый, осенний день вдруг появляется “весело гомонящая троица” - отец с двумя “круглолицыми” дочками. Они самозабвенно смеялись и веселились. Им было безразлично, что о них подумают окружающие. Семья целиком отдалась игре, наслаждаясь каждым моментом. Их радость и веселье как будто подчеркивают угрюмость окружающего мира.\nАвтор считает, что жизнь сама по себе уныла и сера. Ей могут наслаждаться только те люди, которые умеют радоваться мелочам.\nЯ согласна с позицией автора. Действительно, жизнь отчасти тосклива и угрюма, поэтому только способность получать радость от обыденных явлений может сделать ее более яркой, разнообразной. Увы, таким умением обладает не каждый.\nПримером человека, который способен радоваться жизни, может служить Наташа Ростова из произведения Л.Н. Толстого “Война и мир”. Девушка не отличалась особой красотой или умом. Однако она была отзывчивой и искренней. Наташа умела жить, жить, следуя сердцу, не подчиняясь общественному мнению. На балу девушка ведет себя непринужденно, легко и немного по-детски. Наташа не старается кому-то понравиться или угодить, она просто наслаждается вечером. Многие люди из светского общества не понимают ее поведения. Однако, возможно, что втайне они завидуют. Ведь светским людям раскрепощенное поведение несвойственно. Этот пример доказывает, что порой для того, чтобы насладиться жизнью, надо немного отступить от устоявшихся в обществе канонов.\nПримером же человека, у которого жизнь была такой же однотонной и скучной, как и у рассказчика в тексте, я нашла в произведении И.А.Бунина “Господин из Сан-Франциско”. Главный герой постоянно работает, чтобы стать состоятельным и уважаемым человеком. Однако он не испытывает удовольствия от своей деятельности. Каждый день похож на предыдущий, а между тем проходит жизнь. Создается впечатление, что господин из Сан-Франциско не радуется даже собственному доходу. Так, герой не получает удовольствия от круиза. Гуляя по Италии, мужчина думает о том, что ему жмут ботинки, вместо того чтобы любоваться природой.\nЭтот пример доказывает: никакая роскошь не принесет человеку наслаждения, если он не умеет радоваться жизни в целом.\nТаким образом, каждому из нас следует научиться радоваться мелочам, обыденным вещам и явлениям. Ведь только так жизнь перестанет быть унылой и тоскливой.", "fileName": "0002653.json", "selections": [{"id": 0, "group": "error", "startSelection": 28, "endSelection": 36, "explanation": "Повторение однокоренных слов.", "tag": "", "type": "Р.тавт", "subtype": "", "comment": "", "correction": ""}, {"id": 1, "group": "error", "startSelection": 39, "endSelection": 46, "explanation": "Устаревшее слово. В современном тексте оно имеет архаический характер.", "tag": "Ustar.doc 1367283485", "type": "А.лекс", "subtype": "конт", "comment": "", "correction": ""}, {"id": 2, "group": "error", "startSelection": 122, "endSelection": 131, "explanation": "Повторение однокоренных слов.", "tag": "", "type": "Р.тавт", "subtype": "", "comment": "", "correction": ""}, {"id": 3, "group": "error", "startSelection": 279, "endSelection": 287, "explanation": "Повторение однокоренных слов.", "tag": "", "type": "Р.тавт", "subtype": "", "comment": "", "correction": ""}, {"id": 4, "group": "error", "startSelection": 374, "endSelection": 386, "explanation": "Повторение однокоренных слов.", "tag": "", "type": "Р.тавт", "subtype": "", "comment": "", "correction": ""}, {"id": 5, "group": "error", "startSelection": 410, "endSelection": 417, "explanation": "Повторение однокоренных слов.", "tag": "", "type": "Р.тавт", "subtype": "", "comment": "", "correction": ""}, {"id": 6, "group": "error", "startSelection": 587, "endSelection": 596, "explanation": "Разговорное выражение, придающее тексту непринуждённый характер.", "tag": "RAZG.doc -564636747", "type": "А.лекс", "subtype": "конт", "comment": "", "correction": ""}, {"id": 7, "group": "error", "startSelection": 1115, "endSelection": 1124, "explanation": "Устаревшее слово. В современном тексте оно имеет архаический характер.", "tag": "Ustar.doc d07609e01", "type": "А.лекс", "subtype": "конт", "comment": "", "correction": ""}, {"id": 8, "group": "error", "startSelection": 1832, "endSelection": 1838, "explanation": "Повторение одного и того же слова в разных формах.", "tag": "", "type": "Р.повтор", "subtype": "", "comment": "", "correction": ""}, {"id": 9, "group": "error", "startSelection": 1889, "endSelection": 1895, "explanation": "Повторение одного и того же слова в разных формах.", "tag": "", "type": "Р.повтор", "subtype": "", "comment": "", "correction": ""}, {"id": 10, "group": "error", "startSelection": 1955, "endSelection": 1963, "explanation": "Повторение одного и того же слова в разных формах.", "tag": "", "type": "Р.повтор", "subtype": "", "comment": "", "correction": ""}, {"id": 11, "group": "error", "startSelection": 1988, "endSelection": 1993, "explanation": "Повторение одного и того же слова в разных формах.", "tag": "", "type": "Р.повтор", "subtype": "", "comment": "", "correction": ""}, {"id": 12, "group": "error", "startSelection": 2137, "endSelection": 2146, "explanation": "Повторение однокоренных слов.", "tag": "", "type": "Р.тавт", "subtype": "", "comment": "", "correction": ""}, {"id": 13, "group": "error", "startSelection": 2169, "endSelection": 2182, "explanation": "Повторение однокоренных слов.", "tag": "", "type": "Р.тавт", "subtype": "", "comment": "", "correction": ""}, {"id": 14, "group": "error", "startSelection": 2265, "endSelection": 2326, "explanation": "Возможно, предложение не согласовано.", "tag": "message.txt: 2:3", "type": "А.лекс", "subtype": "конт", "comment": "", "correction": ""}, {"id": 15, "group": "error", "startSelection": 2311, "endSelection": 2319, "explanation": "Повторение однокоренных слов.", "tag": "", "type": "Р.тавт", "subtype": "", "comment": "", "correction": ""}, {"id": 16, "group": "error", "startSelection": 2410, "endSelection": 2416, "explanation": "Повторение однокоренных слов.", "tag": "", "type": "Р.тавт", "subtype": "", "comment": "", "correction": ""}, {"id": 17, "group": "error", "startSelection": 2656, "endSelection": 2666, "explanation": "Повторение одного и того же слова.", "tag": "", "type": "Р.повтор", "subtype": "", "comment": "", "correction": ""}, {"id": 18, "group": "error", "startSelection": 2750, "endSelection": 2759, "explanation": "Устаревшее слово. В современном тексте оно имеет архаический характер.", "tag": "Ustar.doc d07609e01", "type": "А.лекс", "subtype": "конт", "comment": "", "correction": ""}, {"id": 19, "group": "error", "startSelection": 2730, "endSelection": 2740, "explanation": "Повторение одного и того же слова.", "tag": "", "type": "Р.повтор", "subtype": "", "comment": "", "correction": ""}, {"id": 21, "group": "meaning", "startSelection": 0, "endSelection": 110, "type": "ПРОБЛЕМА", "subtype": "", "explanation": "", "correction": "", "tag": "", "comment": ""}, {"id": 22, "group": "meaning", "startSelection": 111, "endSelection": 160, "type": "ПРИМЕР", "subtype": "", "explanation": "", "correction": "", "tag": "", "comment": ""}, {"id": 23, "group": "meaning", "startSelection": 161, "endSelection": 493, "type": "ПОЯСНЕНИЕ", "subtype": "", "explanation": "", "correction": "", "tag": "", "comment": ""}, {"id": 24, "group": "meaning", "startSelection": 866, "endSelection": 989, "type": "ПОЗИЦИЯ", "subtype": "", "explanation": "", "correction": "", "tag": "", "comment": ""}, {"id": 25, "group": "meaning", "startSelection": 990, "endSelection": 2681, "type": "ОТНОШЕНИЕ", "subtype": "", "explanation": "", "correction": "", "tag": "", "comment": ""}]}