{"meta": {"uuid": "232b0e1b-50c9-4bff-8d9d-7942fdf4a4b2", "id": "0002887", "name": "0002887_ru_rus_problema_glavnoy_celi_v_jizni_cheloveka_noexp.txt", "subject": "rus", "test": "егэ тренировка", "category": "", "year": 2019, "class": "11", "theme": "Проблема главной цели в жизни человека (По тексту Д. С. Лихачева)", "taskText": "(1)Когда человек выбирает себе в жизни какую-то цель, жизненную задачу, он вместе с тем невольно даёт себе оценку. (2)По тому, ради чего человек живёт, можно судить и о его самооценке, низкой или высокой.\n(3)Если человек рассчитывает приобрести материальные блага, то он и оценивает себя на уровне этих материальных благ: как владельца машины последней марки, как хозяина роскошной дачи, как часть своего мебельного гарнитура...\n(4)Если человек живёт, чтобы приносить людям добро, облегчать их страдания при болезнях, давать людям радость, то он оценивает себя на уровне этой своей человечности. (5)Он ставит себе цель, достойную человека.\n(6)Только жизненно необходимая цель позволяет человеку прожить свою жизнь с достоинством и получить настоящую радость. (7)От ошибок никто не застрахован. (8)Но самая главная ошибка - неправильно выбранная главная задача в жизни: это ошибка роковая. (9)Не повысили в должности -огорчение. (10)Не успел купить марку для своей коллекции - огорчение. (11)У кого-то лучшая мебель или машина - опять огорчение.\n(12)Ставя себе задачей карьеру или приобретательство, человек испытывает гораздо больше огорчений, чем радостей, и рискует потерять всё. (13)А что может потерять человек, который радовался каждому своему доброму делу? (14)Важно только, чтобы добро, которое человек делает, было его внутренней потребностью. (15)Поэтому главная жизненная задача не должна быть замкнута только на собственных удачах. (16)Она должна диктоваться добротой к людям, любовью к семье, к своему городу, к своему народу, стране, ко всей вселенной.\n(17)Означает ли это, что человек должен жить как аскет, не заботясь о себе, ничего не приобретать и не радоваться повышению в должности? (18)Отнюдь нет!\n(19)Человек, который совсем не думает о себе, - явление ненормальное: в этом есть какое-то показное преувеличение своей доброты и бескорыстия.\n(20)Поэтому речь идёт лишь о главной жизненной задаче. (21)А её не надо подчеркивать в глазах остальных людей. (22)И одеваться можно хорошо, но не обязательно лучше других. (23)И библиотеку нужно составлять, но не обязательно большую, чем у соседа. (24)И машину хорошо приобрести. (25)Только не надо второстепенное превращать в первостепенное.\n"}, "text": "Что самое главное в жизни для человека? Почему мы живем? Каков смысл нашего существования? Этими вопросами задавались многие ученые на протяжении всей истории человечества, над ними до сих пор размышляют простые обыватели, но ответ найти так никто и не сумел. Возможно, смысл человеческой жизни – оставить после себя потомство, а может, мы предназначены для чего-то большего. Вот и в своем тексте известный советский филолог Д.С. Лихачев поднимает проблему главной цели в жизни человека.\nРассуждая над поставленной проблемой, автор проводит параллель между двумя возможными выборами человеком своей жизненной цели: материальным достатком и стремлением совершать добрые и бескорыстные поступки. Говоря о материальных благах, Д.С. Лихачев утверждает, что человек, выбравший смыслом жизни финансовый достаток, ничуть не отличается от тех предметов, что являются для него ценностями: машины, дачи, кухонного гарнитура, – и сам себя такой человек тоже оценивает на уровне этих благ. Кроме того, ставя перед собой задачу лишь побольше заработать и приобрести, «человек испытывает гораздо больше огорчений, чем радостей, и рискует потерять все». Такой человек заботится только о себе, его разум ограничен желанием получить от жизни как можно больше финансовых средств, и в этой гонке за материальным достатком человек упускает из виду главное, он оказывается не способен радоваться, ведь зависть к тем, кто богаче, застилает пеленой его глаза. Материальные ценности никогда не должны занимать главенствующее положение в жизни человека: они духовно обедняют их обладателя и не приносят ощущения истинного счастья. В противопоставление выбору финансовых благ в качестве смысла жизни автор говорит также о людях, для которых первостепенным является возможность совершать добрые поступки и помогать людям. Он убеждает читателей в том, что человек, приносящий людям добро и дающий радость, оценивает себя на уровне своей человечности, а не материальных вещей. Цель «помогать людям» достойна настоящего человека. Люди, заботящиеся не только о своем благосостоянии, способны оценивать и получать от жизни истинное счастье: счастье видеть искренние человеческие улыбки и благодарные глаза, счастье облегчения чьей-то нелегкой судьбы.\nД.С. Лихачев уверен: «главная жизненная задача не должна быть замкнута только на собственных удачах, она должна диктоваться добротой к людям, любовью к семье, к своему городу, к своему народу, ко всей вселенной». Только человек, живущий для окружающих и бескорыстно оказывающий помощь, способен сделать свою жизнь счастливой и наполненной истинным смыслом существования.\nЯ полностью согласна с позицией автора. Ценность человека определяется его добрыми делами и способностью жить ради окружающих. Цели должны быть отличными от стремления овладеть материальным богатством. Ведь добрая память о человеке складывается исключительно из его добрых дел. Даже оставленное своим детям и внукам большое наследство не сравнится с помощью нуждающимся людям. Те, кому ты в тяжелую минуту протянул руку помощи, будут помнить твой добрый поступок до конца своих дней, но никто не запомнит купленных тобою машин или дорогих вещей.\nТаким образом, хочется еще раз сказать, что главная жизненная цель каждого человека должна заключаться не в материальном, а в духовном богатстве. Помощь нуждающимся, добрые поступки, жизнь ради окружающих – вот залог истинного человеческого счастья. Никогда не следует второстепенное, заключающееся в финансовых благах, превращать в первостепенное.", "fileName": "0002887.json", "selections": [{"id": 0, "group": "error", "startSelection": 4, "endSelection": 17, "explanation": "Превосходную степень «главнейший» незачем дополнительно усиливать словом «самый».", "tag": "", "type": "Г.ЛИШН", "subtype": "лишн", "comment": "", "correction": ""}, {"id": 1, "group": "error", "startSelection": 20, "endSelection": 25, "explanation": "Повторение однокоренных слов.", "tag": "", "type": "Р.тавт", "subtype": "", "comment": "", "correction": ""}, {"id": 2, "group": "error", "startSelection": 50, "endSelection": 55, "explanation": "Повторение однокоренных слов.", "tag": "", "type": "Р.тавт", "subtype": "", "comment": "", "correction": ""}, {"id": 3, "group": "error", "startSelection": 260, "endSelection": 268, "explanation": "Повторение однокоренных слов.", "tag": "", "type": "Р.тавт", "subtype": "", "comment": "", "correction": ""}, {"id": 4, "group": "error", "startSelection": 330, "endSelection": 335, "explanation": "Повторение однокоренных слов.", "tag": "", "type": "Р.тавт", "subtype": "", "comment": "", "correction": ""}, {"id": 5, "group": "error", "startSelection": 382, "endSelection": 396, "explanation": "Слово «свой» в контекстах вроде «писатель в своём тексте рассказывает...» избыточно.", "tag": "", "type": "Р.ЛИШН", "subtype": "лишн", "comment": "", "correction": ""}, {"id": 6, "group": "error", "startSelection": 438, "endSelection": 456, "explanation": "Проблему можно «поставить», «выдвинуть», «обозначить» или «рассмотреть», но лучше ее не «поднимать».", "tag": "", "type": "Р.СОЧЕТ", "subtype": null, "comment": "", "correction": ""}, {"id": 7, "group": "error", "startSelection": 465, "endSelection": 469, "explanation": "Повторение одного и того же слова.", "tag": "", "type": "Р.повтор", "subtype": "", "comment": "", "correction": ""}, {"id": 8, "group": "error", "startSelection": 478, "endSelection": 486, "explanation": "Повторение одного и того же слова в разных формах.", "tag": "", "type": "Р.повтор", "subtype": "", "comment": "", "correction": ""}, {"id": 9, "group": "error", "startSelection": 488, "endSelection": 524, "explanation": "Рассуждать можно «о чем-то», но не «над чем-то».", "tag": "", "type": "Г.УПР", "subtype": null, "comment": "", "correction": ""}, {"id": 10, "group": "error", "startSelection": 583, "endSelection": 592, "explanation": "Повторение одного и того же слова в разных формах.", "tag": "", "type": "Р.повтор", "subtype": "", "comment": "", "correction": ""}, {"id": 11, "group": "error", "startSelection": 609, "endSelection": 613, "explanation": "Повторение одного и того же слова.", "tag": "", "type": "Р.повтор", "subtype": "", "comment": "", "correction": ""}, {"id": 12, "group": "error", "startSelection": 615, "endSelection": 627, "explanation": "Повторение одного и того же слова в разных формах.", "tag": "", "type": "Р.повтор", "subtype": "", "comment": "", "correction": ""}, {"id": 13, "group": "error", "startSelection": 703, "endSelection": 715, "explanation": "Повторение одного и того же слова в разных формах.", "tag": "", "type": "Р.повтор", "subtype": "", "comment": "", "correction": ""}, {"id": 14, "group": "error", "startSelection": 753, "endSelection": 760, "explanation": "Повторение одного и того же слова в разных формах.", "tag": "", "type": "Р.повтор", "subtype": "", "comment": "", "correction": ""}, {"id": 15, "group": "error", "startSelection": 868, "endSelection": 878, "explanation": "Повторение однокоренных слов.", "tag": "", "type": "Р.тавт", "subtype": "", "comment": "", "correction": ""}, {"id": 16, "group": "error", "startSelection": 923, "endSelection": 927, "explanation": "Повторение одного и того же слова в разных формах.", "tag": "", "type": "Р.повтор", "subtype": "", "comment": "", "correction": ""}, {"id": 17, "group": "error", "startSelection": 934, "endSelection": 941, "explanation": "Повторение одного и того же слова в разных формах.", "tag": "", "type": "Р.повтор", "subtype": "", "comment": "", "correction": ""}, {"id": 18, "group": "error", "startSelection": 947, "endSelection": 956, "explanation": "Повторение однокоренных слов.", "tag": "", "type": "Р.тавт", "subtype": "", "comment": "", "correction": ""}, {"id": 19, "group": "error", "startSelection": 1020, "endSelection": 1028, "explanation": "В предложении использована разговорная форма {\"побольше\"}.", "tag": "message.txt: 3:12", "type": "А.лекс", "subtype": "конт", "comment": "", "correction": ""}, {"id": 20, "group": "error", "startSelection": 1002, "endSelection": 1007, "explanation": "Повторение одного и того же слова в разных формах.", "tag": "", "type": "Р.повтор", "subtype": "", "comment": "", "correction": ""}, {"id": 21, "group": "error", "startSelection": 1055, "endSelection": 1062, "explanation": "Повторение одного и того же слова в разных формах.", "tag": "", "type": "Р.повтор", "subtype": "", "comment": "", "correction": ""}, {"id": 22, "group": "error", "startSelection": 1145, "endSelection": 1152, "explanation": "Повторение одного и того же слова в разных формах.", "tag": "", "type": "Р.повтор", "subtype": "", "comment": "", "correction": ""}, {"id": 23, "group": "error", "startSelection": 1172, "endSelection": 1176, "explanation": "Повторение одного и того же слова в разных формах.", "tag": "", "type": "Р.повтор", "subtype": "", "comment": "", "correction": ""}, {"id": 24, "group": "error", "startSelection": 1696, "endSelection": 1701, "explanation": "Повторение одного и того же слова в разных формах.", "tag": "", "type": "Р.повтор", "subtype": "", "comment": "", "correction": ""}, {"id": 25, "group": "error", "startSelection": 1739, "endSelection": 1750, "explanation": "Повторение однокоренных слов.", "tag": "", "type": "Р.тавт", "subtype": "", "comment": "", "correction": ""}, {"id": 26, "group": "error", "startSelection": 1761, "endSelection": 1767, "explanation": "Повторение одного и того же слова в разных формах.", "tag": "", "type": "Р.повтор", "subtype": "", "comment": "", "correction": ""}, {"id": 27, "group": "error", "startSelection": 1779, "endSelection": 1787, "explanation": "Повторение однокоренных слов.", "tag": "", "type": "Р.тавт", "subtype": "", "comment": "", "correction": ""}, {"id": 28, "group": "error", "startSelection": 1788, "endSelection": 1793, "explanation": "Повторение одного и того же слова в разных формах.", "tag": "", "type": "Р.повтор", "subtype": "", "comment": "", "correction": ""}, {"id": 29, "group": "error", "startSelection": 1848, "endSelection": 1853, "explanation": "Повторение одного и того же слова в разных формах.", "tag": "", "type": "Р.повтор", "subtype": "", "comment": "", "correction": ""}, {"id": 30, "group": "error", "startSelection": 1854, "endSelection": 1859, "explanation": "Повторение одного и того же слова в разных формах.", "tag": "", "type": "Р.повтор", "subtype": "", "comment": "", "correction": ""}, {"id": 31, "group": "error", "startSelection": 2100, "endSelection": 2107, "explanation": "Повторение одного и того же слова.", "tag": "", "type": "Р.повтор", "subtype": "", "comment": "", "correction": ""}, {"id": 32, "group": "error", "startSelection": 2109, "endSelection": 2116, "explanation": "Повторение одного и того же слова.", "tag": "", "type": "Р.повтор", "subtype": "", "comment": "", "correction": ""}, {"id": 33, "group": "error", "startSelection": 2175, "endSelection": 2182, "explanation": "Повторение одного и того же слова.", "tag": "", "type": "Р.повтор", "subtype": "", "comment": "", "correction": ""}, {"id": 34, "group": "error", "startSelection": 2183, "endSelection": 2193, "explanation": "Повторение однокоренных слов.", "tag": "", "type": "Р.тавт", "subtype": "", "comment": "", "correction": ""}, {"id": 35, "group": "error", "startSelection": 2202, "endSelection": 2210, "explanation": "Повторение однокоренных слов.", "tag": "", "type": "Р.тавт", "subtype": "", "comment": "", "correction": ""}, {"id": 36, "group": "error", "startSelection": 2300, "endSelection": 2311, "explanation": "Нет существительных, согласующихся с прилагательным {\"собственных\"}.", "tag": "message.txt: 2:3", "type": "А.лекс", "subtype": "конт", "comment": "", "correction": ""}, {"id": 37, "group": "error", "startSelection": 2397, "endSelection": 2403, "explanation": "Повторение одного и того же слова в разных формах.", "tag": "", "type": "Р.повтор", "subtype": "", "comment": "", "correction": ""}, {"id": 38, "group": "error", "startSelection": 2522, "endSelection": 2532, "explanation": "Слово «свой» применительно к жизни часто избыточно, поскольку жизнь у человека всегда «своя».", "tag": "", "type": "Р.ЛИШН", "subtype": "лишн", "comment": "", "correction": ""}, {"id": 39, "group": "error", "startSelection": 2522, "endSelection": 2526, "explanation": "Повторение одного и того же слова в разных формах.", "tag": "", "type": "Р.повтор", "subtype": "", "comment": "", "correction": ""}, {"id": 40, "group": "error", "startSelection": 2546, "endSelection": 2557, "explanation": "Повторение однокоренных слов.", "tag": "", "type": "Р.тавт", "subtype": "", "comment": "", "correction": ""}, {"id": 41, "group": "error", "startSelection": 2592, "endSelection": 2601, "explanation": "Повторение однокоренных слов.", "tag": "", "type": "Р.тавт", "subtype": "", "comment": "", "correction": ""}, {"id": 42, "group": "error", "startSelection": 2940, "endSelection": 2947, "explanation": "Повторение одного и того же слова в разных формах.", "tag": "", "type": "Р.повтор", "subtype": "", "comment": "", "correction": ""}, {"id": 43, "group": "error", "startSelection": 3010, "endSelection": 3016, "explanation": "Повторение одного и того же слова в разных формах.", "tag": "", "type": "Р.повтор", "subtype": "", "comment": "", "correction": ""}, {"id": 44, "group": "error", "startSelection": 3188, "endSelection": 3197, "explanation": "Повторение однокоренных слов.", "tag": "", "type": "Р.тавт", "subtype": "", "comment": "", "correction": ""}, {"id": 45, "group": "error", "startSelection": 3289, "endSelection": 3300, "explanation": "Нет существительных, согласующихся с причастием {\"нуждающимся\"}.", "tag": "message.txt: 2:3", "type": "А.лекс", "subtype": "конт", "comment": "", "correction": ""}, {"id": 46, "group": "error", "startSelection": 3319, "endSelection": 3324, "explanation": "Повторение однокоренных слов.", "tag": "", "type": "Р.тавт", "subtype": "", "comment": "", "correction": ""}, {"id": 47, "group": "error", "startSelection": 3405, "endSelection": 3419, "explanation": "Нет существительных, согласующихся с прилагательным {\"второстепенное\"}.", "tag": "message.txt: 2:3", "type": "А.лекс", "subtype": "конт", "comment": "", "correction": ""}, {"id": 49, "group": "meaning", "startSelection": 376, "endSelection": 487, "type": "ПРОБЛЕМА", "subtype": "", "explanation": "", "correction": "", "tag": "", "comment": ""}, {"id": 50, "group": "meaning", "startSelection": 694, "endSelection": 977, "type": "ПОЗИЦИЯ", "subtype": "", "explanation": "", "correction": "", "tag": "", "comment": ""}, {"id": 51, "group": "meaning", "startSelection": 978, "endSelection": 1138, "type": "ПРИМЕР", "subtype": "", "explanation": "", "correction": "", "tag": "", "comment": ""}, {"id": 52, "group": "meaning", "startSelection": 1606, "endSelection": 1794, "type": "ПОЗИЦИЯ", "subtype": "", "explanation": "", "correction": "", "tag": "", "comment": ""}, {"id": 53, "group": "meaning", "startSelection": 2219, "endSelection": 2431, "type": "ПРИМЕР", "subtype": "", "explanation": "", "correction": "", "tag": "", "comment": ""}, {"id": 54, "group": "meaning", "startSelection": 2432, "endSelection": 2589, "type": "ПОЯСНЕНИЕ", "subtype": "", "explanation": "", "correction": "", "tag": "", "comment": ""}, {"id": 55, "group": "meaning", "startSelection": 2590, "endSelection": 3135, "type": "ОТНОШЕНИЕ", "subtype": "", "explanation": "", "correction": "", "tag": "", "comment": ""}]}