{"meta": {"uuid": "aeda72f7-e00a-4880-be4c-78177f906a5e", "id": "0002442", "name": "0002442_ru_rus_problema_vzaimoponimaniya_mejdu_lyudmi_raznyh_pokoleniy_noexp.txt", "subject": "rus", "test": "егэ тренировка", "category": "", "year": 2018, "class": "11", "theme": "Проблема взаимопонимания между людьми разных поколений (По тексту Б. Екимова)", "taskText": "(1)От этой остановки автобусы поворачивали направо, к заводу, а потом ехали по самым окраинным улицам. (2)И лишь два из них, третий номер и четвёртый, шли прямо, через сотню метров выбегая из посёлка, и катили себе по степи к Ильевке и Пятиморску — так близлежащие селения назывались. (3)И вот здесь, на этой последней общей остановке, люди часто путались. (4)Второпях или просто в рассеянности входили они в автобус, а когда тот набирал скорость, оказывалось, что номер автобуса другой, и едет он вовсе не туда, куда человеку надо. (5)Начинался шум и крик, автобус чаще всего останавливался, высаживая незадачливого пассажира. (6)Кондуктор и шофёр совестили ротозея.\n(7) Не первый день ходили так автобусы и не первый год, пора бы уж и привыкнуть, но все же иной раз путались люди.\n(8) Так случилось и в этот весенний день. (9)Старушке надо было ехать на завод или дальше куда-то, а влезла она в четвёртый номер, который шёл в Ильевку. (10)Автобус побежал прямо и поворачивать, куда старушке надобно, вовсе не собирался. (11)Она это, естественно, заметила и заохала:\n—(12)Ой, ой! (13)Куда же он едет! (14)Мне ж не туда совсем!\n—(15)Глядеть надо, — сказала кондукторша, — и слушать. (16)Ясно написано —четвёртый номер. (17)И объявила я.\n—(18)Дочка, не разобрала я, — оправдывалась бедная старушка, — недоглядела. (19)Останови, Христа ради. (20)Мне с переезда-то больно далеко идти.\n—(21)Старый человек, надо уважить, — поддержал кто-то.\n(22)Кондукторша, симпатичная молодая женщина, была недовольна и старухиной нерасторопностью, и этой поддержкой. (23)Но тут объявилась ей выручка.\n(24)Молодой мужчина, круглолицый, в берете, наставительно произнёс:\n—(25) Существуют надписи. (26)Надо читать. (27)Ясно написано — четвёрка. (28)И нечего претензии предъявлять, — поглядел он на старушку свысока.\n(29)Кондукторша, которая уже потянулась было к кнопке, чтобы автобус остановить, тут же передумала.\n—(30)Конечно, — обратилась она к мужчине, — номер написан, и объявила я. (31)Не глядят, не слушают, а лезут.\n—(32)Да глаза у меня, дочка, старые, — жаловалась старушка. — (33)Где уж я разгляжу! (34)Может, ты вправду сказала, а я недослышала. (35) Уж прости...\n—(36) А вот надо слушать, — наставительно произнёс круглолицый в берете. — (37) Подходишь, надо не лезть сломя голову, а посмотреть. (38) Не видите, у людей спросите, они подскажут, — тоскливо объяснял мужчина. —(39)Ведь и спереди номер написан, и сбоку, и сзади.(40) Всё как положено. (41)И кондуктора объявляют. (42) А мы лезем на дурачка, чего, мол, глядеть. (43)Если не туда попадём, сразу в крик: остановите! (44)Остановите! (45)А у автобуса график.\n(46)Старушка, вначале было привставшая, печально поглядела, как пронеслись мимо последние дома посёлка и началась степь, и уселась на место.\n—(47) О-ох, — вздохнула она и задумчиво, вовсе не зло, добавила:\n—(48) А вы либо всю жизнь будете молодыми, не постареете... (49) Дай Бог, дай Бог, — и замолчала.\n—(50) Надо к порядку приучаться. (51) Как в городе. (52) Там, небось, никто не запросит: останови! (53) Номер обозначен — пожалуйста, — продолжал свою песню мужчина.\n(54) И слушала его кондукторша, согласно кивала головой, а прочие люди глядели в окна. (55) И старушка тоже.\n"}, "text": "В предложенном для анализа тексте русский прозаик и поэт Б. П. Екимов поднимает проблему взаимопонимания между людьми разных поколений. Он задается вопросом: «Как люди молодого возраста относятся к старикам?».\nРазмышляя над этим, писатель рассказывает небольшую историю про то, как в каком-то населенном пункте пассажиры постоянно путались между автобусами и часто садились не в тот, а потом второпях умоляли водителя остановить машину, и он выполнял их просьбы. В один из весенних дней и какая-то старушка ошиблась с номером рейса, а молодая кондукторша привычно начала ругать ее за невнимательность. Но внезапно с недовольной девушкой согласился молодой круглолицый мужчина в берете, поэтому та решительно передумала уступать бедной бабушке и не остановила автобус. Молодые люди до последнего корили старушку за ее нерасторопность, не думая о том, что и они когда-то состарятся и тоже будут нуждаться в помощи других людей. Не случайно автор приводит слова той бабушки: «А вы либо всю жизнь будете молодыми, не постареете... Дай Бог, дай Бог». Б. П. Екимов на примере этой ситуации старается донести до читателей мысль о том, что пока мы молоды, нас не заботит старость, поэтому зачастую молодые не понимают стариков и относятся к ним без должного внимания и поддержки, в которой они так нуждаются. Это и является…\nПозицией автора.\nС мнением писателя трудно не согласиться. Действительно, очень часто мы можем видеть такую картину, когда молодежь неуважительно относится к старшим, ставя их наравне с собой. Однако следует помнить, что эти люди прошли длинный путь жизни и многим пожертвовали, в том числе и своим здоровьем, поэтому в трудную минуту не нужно надменно корить стариков, а, наоборот, следует оказать им помощь и поддержку.\nМногие писатели затрагивали эту тему в своих произведениях. Например, в книге К. Г. Паустовского «Телеграмма» читатель ясно может видеть, к чему привело равнодушие девушки, наивно полагавшей, что с ее матерью все хорошо. Бедная старушка так и не дождалась приезда дочери, которую так любила, а та, в свою очередь, наконец осознала, насколько теперь одинока… Этот рассказ помогает понять, что старикам особенно сильно нужна любовь своих близких. Поэтому следует как можно чаще дарить им свое тепло и заботу.\nВ произведении И. С. Тургенева «Отцы и дети» Базаров также отказывается понимать позицию Павла Петровича Кирсанова, постоянно спорит с ним и хамит. Юноша сильно оскорбляет мужчину своими выходками. Базаров не понимает, как тяжело пришлось в жизни Павлу Петровичу и почему он до сих пор одинок. И лишь перед самой смертью молодой человек, наконец, признает право других людей жить своей жизнью и идеалами. Он понимает, что в жизни важны лишь любовь и поддержка, но сделать что-либо уже слишком поздно…\nТаким образом, можно сделать вывод, что молодость дана нам, чтобы учится понимать и принимать других, ведь зачастую в нашей жизни так мало тепла и заботы…", "fileName": "0002442.json", "selections": [{"id": 0, "group": "error", "startSelection": 70, "endSelection": 88, "explanation": "Проблему можно «поставить», «выдвинуть», «обозначить» или «рассмотреть», но лучше ее не «поднимать».", "tag": "", "type": "Р.СОЧЕТ", "subtype": null, "comment": "", "correction": ""}, {"id": 1, "group": "error", "startSelection": 111, "endSelection": 117, "explanation": "Повторение одного и того же слова в разных формах.", "tag": "", "type": "Р.повтор", "subtype": "", "comment": "", "correction": ""}, {"id": 2, "group": "error", "startSelection": 163, "endSelection": 167, "explanation": "Повторение одного и того же слова в разных формах.", "tag": "", "type": "Р.повтор", "subtype": "", "comment": "", "correction": ""}, {"id": 3, "group": "error", "startSelection": 543, "endSelection": 554, "explanation": "Разговорное выражение, придающее тексту непринуждённый характер.", "tag": "RAZG.doc 1379910942", "type": "А.лекс", "subtype": "конт", "comment": "", "correction": ""}, {"id": 4, "group": "error", "startSelection": 648, "endSelection": 655, "explanation": "Повторение одного и того же слова в разных формах.", "tag": "", "type": "Р.повтор", "subtype": "", "comment": "", "correction": ""}, {"id": 5, "group": "error", "startSelection": 708, "endSelection": 718, "explanation": "Повторение однокоренных слов.", "tag": "", "type": "Р.тавт", "subtype": "", "comment": "", "correction": ""}, {"id": 6, "group": "error", "startSelection": 768, "endSelection": 775, "explanation": "Повторение одного и того же слова в разных формах.", "tag": "", "type": "Р.повтор", "subtype": "", "comment": "", "correction": ""}, {"id": 7, "group": "error", "startSelection": 802, "endSelection": 810, "explanation": "Повторение однокоренных слов.", "tag": "", "type": "Р.тавт", "subtype": "", "comment": "", "correction": ""}, {"id": 8, "group": "error", "startSelection": 837, "endSelection": 842, "explanation": "Повторение однокоренных слов.", "tag": "", "type": "Р.тавт", "subtype": "", "comment": "", "correction": ""}, {"id": 9, "group": "error", "startSelection": 869, "endSelection": 879, "explanation": "Повторение однокоренных слов.", "tag": "", "type": "Р.тавт", "subtype": "", "comment": "", "correction": ""}, {"id": 10, "group": "error", "startSelection": 1000, "endSelection": 1008, "explanation": "Повторение одного и того же слова в разных формах.", "tag": "", "type": "Р.повтор", "subtype": "", "comment": "", "correction": ""}, {"id": 11, "group": "error", "startSelection": 1013, "endSelection": 1023, "explanation": "Повторение однокоренных слов.", "tag": "", "type": "Р.тавт", "subtype": "", "comment": "", "correction": ""}, {"id": 12, "group": "error", "startSelection": 1084, "endSelection": 1093, "explanation": "Повторение однокоренных слов.", "tag": "", "type": "Р.тавт", "subtype": "", "comment": "", "correction": ""}, {"id": 13, "group": "error", "startSelection": 1140, "endSelection": 1146, "explanation": "Повторение одного и того же слова в разных формах.", "tag": "", "type": "Р.повтор", "subtype": "", "comment": "", "correction": ""}, {"id": 14, "group": "error", "startSelection": 1163, "endSelection": 1171, "explanation": "Повторение однокоренных слов.", "tag": "", "type": "Р.тавт", "subtype": "", "comment": "", "correction": ""}, {"id": 15, "group": "error", "startSelection": 1190, "endSelection": 1197, "explanation": "Повторение одного и того же слова в разных формах.", "tag": "", "type": "Р.повтор", "subtype": "", "comment": "", "correction": ""}, {"id": 16, "group": "error", "startSelection": 1210, "endSelection": 1218, "explanation": "Повторение однокоренных слов.", "tag": "", "type": "Р.тавт", "subtype": "", "comment": "", "correction": ""}, {"id": 17, "group": "error", "startSelection": 1755, "endSelection": 1775, "explanation": "Как правило, в текстах, предлагаемых для написаний эссе, проблемы (и темы) не затрагиваются, а вполне подробно обсуждаются, поэтому глагол «затрагивать» со знанием «вскользь, поверхностно» неуместен.", "tag": "", "type": "Р.ЗНАЧ", "subtype": "несвой", "comment": "", "correction": ""}, {"id": 18, "group": "error", "startSelection": 1776, "endSelection": 1797, "explanation": "Слово «свой» в контекстах вроде «писатель в своём тексте рассказывает...» избыточно.", "tag": "", "type": "Р.ЛИШН", "subtype": "лишн", "comment": "", "correction": ""}, {"id": 19, "group": "error", "startSelection": 1976, "endSelection": 1979, "explanation": "Повторение одного и того же слова.", "tag": "", "type": "Р.повтор", "subtype": "", "comment": "", "correction": ""}, {"id": 20, "group": "error", "startSelection": 2019, "endSelection": 2022, "explanation": "Повторение одного и того же слова.", "tag": "", "type": "Р.повтор", "subtype": "", "comment": "", "correction": ""}, {"id": 21, "group": "error", "startSelection": 2039, "endSelection": 2043, "explanation": "Повторение одного и того же слова в разных формах.", "tag": "", "type": "Р.повтор", "subtype": "", "comment": "", "correction": ""}, {"id": 22, "group": "error", "startSelection": 2169, "endSelection": 2174, "explanation": "Повторение одного и того же слова в разных формах.", "tag": "", "type": "Р.повтор", "subtype": "", "comment": "", "correction": ""}, {"id": 23, "group": "error", "startSelection": 2225, "endSelection": 2229, "explanation": "Повторение одного и того же слова в разных формах.", "tag": "", "type": "Р.повтор", "subtype": "", "comment": "", "correction": ""}, {"id": 24, "group": "error", "startSelection": 2426, "endSelection": 2432, "explanation": "Повторение одного и того же слова в разных формах.", "tag": "", "type": "Р.повтор", "subtype": "", "comment": "", "correction": ""}, {"id": 25, "group": "error", "startSelection": 2626, "endSelection": 2638, "explanation": "Слово «свой» применительно к жизни часто избыточно, поскольку жизнь у человека всегда «своя».", "tag": "", "type": "Р.ЛИШН", "subtype": "лишн", "comment": "", "correction": ""}, {"id": 26, "group": "error", "startSelection": 2710, "endSelection": 2717, "explanation": "Повторение одного и того же слова.", "tag": "", "type": "Р.повтор", "subtype": "", "comment": "", "correction": ""}, {"id": 27, "group": "error", "startSelection": 2813, "endSelection": 2819, "explanation": "", "tag": "REPLACE_тся_ться", "type": "А.лекс", "subtype": "конт", "comment": "", "correction": "учиться"}, {"id": 28, "group": "error", "startSelection": 2768, "endSelection": 2775, "explanation": "Повторение одного и того же слова.", "tag": "", "type": "Р.повтор", "subtype": "", "comment": "", "correction": ""}, {"id": 30, "group": "meaning", "startSelection": 0, "endSelection": 135, "type": "ПРОБЛЕМА", "subtype": "", "explanation": "", "correction": "", "tag": "", "comment": ""}, {"id": 31, "group": "meaning", "startSelection": 136, "endSelection": 209, "type": "ПРОБЛЕМА", "subtype": "", "explanation": "", "correction": "", "tag": "", "comment": ""}, {"id": 32, "group": "meaning", "startSelection": 210, "endSelection": 462, "type": "ПРИМЕР", "subtype": "", "explanation": "", "correction": "", "tag": "", "comment": ""}, {"id": 33, "group": "meaning", "startSelection": 463, "endSelection": 925, "type": "ПОЯСНЕНИЕ", "subtype": "", "explanation": "", "correction": "", "tag": "", "comment": ""}, {"id": 34, "group": "meaning", "startSelection": 926, "endSelection": 1300, "type": "ПРИМЕР", "subtype": "", "explanation": "", "correction": "", "tag": "", "comment": ""}, {"id": 35, "group": "meaning", "startSelection": 1301, "endSelection": 1333, "type": "ПОЯСНЕНИЕ", "subtype": "", "explanation": "", "correction": "", "tag": "", "comment": ""}, {"id": 36, "group": "meaning", "startSelection": 1334, "endSelection": 2746, "type": "ОТНОШЕНИЕ", "subtype": "", "explanation": "", "correction": "", "tag": "", "comment": ""}]}