{"meta": {"uuid": "0ca577d6-e640-4a06-a224-fe9059f9989a", "id": "0002508", "name": "0002508_ru_rus_problema_otnosheniya_k_jivotnym_noexp.txt", "subject": "rus", "test": "егэ тренировка", "category": "", "year": 2018, "class": "11", "theme": "Проблема отношения к животным (по тексту М. Д. Валеевой)", "taskText": "(15)Но чаще всего волки лежали и дремали, не обращая внимания на людей,\nи просыпались лишь тогда, когда рабочие начинали развозить мясо. (16)Знакомое\nпоскрипывание тележки с мясом они улавливали мгновенно и преображались, —\nпрыгали на сетку, махая хвостами и поскуливая от нетерпения.\n(17)Каждую весну, в апреле или мае, волчица приносила детёнышей. (18)Но только один раз за всю жизнь ей удалось выкормить своих волчат, — она была счастлива\nв то лето… (19)Потом её детей, подросших и крепких, продали в цирк. (20)Она-то, конечно, этого не знала, но как больно, как тоскливо ей было тогда! (21)Будоража весь\nзоопарк, она выла днями и ночами, и ей подвывал волк. (22)Но ещё страшнее было\nтогда, когда её детёныши пропадали в тот же день, в который они появлялись на\nсвет. (23)Ещё мокрые, не облизанные ею, они успевали только припасть к её разбухшим соскам, как приходили люди, длинными железными палками выгоняли волков\nв соседнюю клетку и забирали всех волчат. (24)Она выла, рычала, грызла в ярости\nсетку, но что она могла?! (25)После того, как уносили её детёнышей, волчица лежала\nцелыми днями не двигаясь, как мёртвая, ничего не ела, ничего не ощущала, кроме\nизнуряющей боли в груди, переполненной молоком. (26)Но шло время, она постепенно оживала, будто и забывала о волчатах, снова начинала играть с волком и ласкала\nего порой так нежно, как ласкала бы своих исчезнувших детей.\n"}, "text": "Майа Диасовна Валеева, татарская писательница, в тексте рассказывает историю о двух волках, живущих в клетке, и о грубом отношении людей к ним. Как же нужно относиться к животным? Именно над этой проблемой размышляет автор.\nРазмышляя над данным вопросом, М. Д. Валеева отмечает то, как безжалостно поступили люди, когда один из волков сбежал из клетки: «Утром его поймали, снова загнали в клетку и долго били железным прутом. После этого он стал постоянно подволакивать задние лапы». Также автор подчеркивает то, как тяжело было волчице, когда у нее отнимали ее детенышей. М. Д. Валеева пишет: «Она выла, рычала, грызла в ярости сетку, но что она могла?! После того, как уносили ее детенышей, волчица лежала целыми днями не двигаясь, как мертвая, ничего не ела, ничего не ощущала, кроме изнуряющей боли в груди, переполненной молоком».\nАвтор считает, что людям нужно с заботой, лаской и любовью относиться к животным.\nЯ разделяю позицию автора. Мне кажется, что мы не можем обращаться с животными так, как нам вздумается, потому что они беззащитные существа. Однако многие люди совсем не понимают, что нам нужно относиться к ним с добротой и любовью, и таких примеров достаточно много.\nЧтобы подтвердить свою точку зрения приведу пример из произведения А.П. Чехова «Каштанка». В данном рассказе автор повествует нам о маленькой собачке Каштанке, которая живет в доме столяра. С первых строчек мы узнаем о том, что ее часто не кормят, а сын хозяина издевается над ней, как только может. Несмотря на все это, собака искренне любит своего хозяина. Таким образом, автор в произведении показывает нам, что грубое отношение к животным не является редкостью, и жестокие люди обращаются с животными, как с вещами.\nВ подтверждение своей точки зрения приведу другой пример. Из произведения Г. Н. Троепольского мы узнаем историю об Иване Ивановиче и его собаке Биме, искренне любящей своего хозяина и поистине доброй собаке. После того, как у Ивана Ивановича начались проблемы со здоровьем, ее оставили на присмотр соседке. Однако эта женщина не любила животных, а потому Биму приходилось гулять одному. Такие прогулки не обернулись для него ничем хорошим, потому что на улице он столкнулся с жестокостью и грубым отношением со стороны людей. Одним из таких примеров стала одна тетка, которая устроила скандал и вызвала милицию, сказав сотрудникам, что пес опасен для людей, а в конце произведения по вине этой же женщины собака умирает. Так, из произведения мы видим, как безжалостно и со злом многие люди обращаются с животными.\nТаким образом, я пришла к выводу, что жесткость к животным-это актуальная проблема, с которой нужно немедленно бороться. Давайте же будем вести себя как разумные существа и не забывать, что животные-братья наши меньшие, что нужно любить и ласково обращаться с ними!", "fileName": "0002508.json", "selections": [{"id": 0, "group": "error", "startSelection": 121, "endSelection": 130, "explanation": "Повторение однокоренных слов.", "tag": "", "type": "Р.тавт", "subtype": "", "comment": "", "correction": ""}, {"id": 1, "group": "error", "startSelection": 157, "endSelection": 167, "explanation": "Повторение однокоренных слов.", "tag": "", "type": "Р.тавт", "subtype": "", "comment": "", "correction": ""}, {"id": 2, "group": "error", "startSelection": 206, "endSelection": 216, "explanation": "Повторение одного и того же слова в разных формах.", "tag": "", "type": "Р.повтор", "subtype": "", "comment": "", "correction": ""}, {"id": 3, "group": "error", "startSelection": 224, "endSelection": 233, "explanation": "Повторение одного и того же слова в разных формах.", "tag": "", "type": "Р.повтор", "subtype": "", "comment": "", "correction": ""}, {"id": 4, "group": "error", "startSelection": 345, "endSelection": 351, "explanation": "Повторение одного и того же слова в разных формах.", "tag": "", "type": "Р.повтор", "subtype": "", "comment": "", "correction": ""}, {"id": 5, "group": "error", "startSelection": 389, "endSelection": 395, "explanation": "Повторение одного и того же слова в разных формах.", "tag": "", "type": "Р.повтор", "subtype": "", "comment": "", "correction": ""}, {"id": 6, "group": "error", "startSelection": 1159, "endSelection": 1167, "explanation": "Повторение одного и того же слова в разных формах.", "tag": "", "type": "Р.повтор", "subtype": "", "comment": "", "correction": ""}, {"id": 7, "group": "error", "startSelection": 1230, "endSelection": 1236, "explanation": "Повторение одного и того же слова в разных формах.", "tag": "", "type": "Р.повтор", "subtype": "", "comment": "", "correction": ""}, {"id": 8, "group": "error", "startSelection": 1301, "endSelection": 1315, "explanation": "Указание на адресата «повествования» обычно излишне.", "tag": "", "type": "Р.СОЧЕТ", "subtype": null, "comment": "", "correction": ""}, {"id": 9, "group": "error", "startSelection": 1529, "endSelection": 1543, "explanation": "Слово «свой» применительно к словам, обозначающим отношение (друг, сестра, коллега) часто избыточно.", "tag": "", "type": "Р.ЛИШН", "subtype": "лишн", "comment": "", "correction": ""}, {"id": 10, "group": "error", "startSelection": 1620, "endSelection": 1628, "explanation": "Повторение одного и того же слова в разных формах.", "tag": "", "type": "Р.повтор", "subtype": "", "comment": "", "correction": ""}, {"id": 11, "group": "error", "startSelection": 1681, "endSelection": 1690, "explanation": "Повторение одного и того же слова в разных формах.", "tag": "", "type": "Р.повтор", "subtype": "", "comment": "", "correction": ""}, {"id": 12, "group": "error", "startSelection": 1873, "endSelection": 1887, "explanation": "Слово «свой» применительно к словам, обозначающим отношение (друг, сестра, коллега) часто избыточно.", "tag": "", "type": "Р.ЛИШН", "subtype": "лишн", "comment": "", "correction": ""}, {"id": 13, "group": "error", "startSelection": 1995, "endSelection": 2003, "explanation": "", "tag": "REPLACE_pri-word_pro-word", "type": "А.лекс", "subtype": "конт", "comment": "", "correction": "просмотр"}, {"id": 14, "group": "error", "startSelection": 2054, "endSelection": 2060, "explanation": "Повторение одного и того же слова.", "tag": "", "type": "Р.повтор", "subtype": "", "comment": "", "correction": ""}, {"id": 15, "group": "error", "startSelection": 2078, "endSelection": 2084, "explanation": "Повторение однокоренных слов.", "tag": "", "type": "Р.тавт", "subtype": "", "comment": "", "correction": ""}, {"id": 16, "group": "error", "startSelection": 2085, "endSelection": 2091, "explanation": "Повторение одного и того же слова в разных формах.", "tag": "", "type": "Р.повтор", "subtype": "", "comment": "", "correction": ""}, {"id": 17, "group": "error", "startSelection": 2099, "endSelection": 2107, "explanation": "Повторение однокоренных слов.", "tag": "", "type": "Р.тавт", "subtype": "", "comment": "", "correction": ""}, {"id": 18, "group": "error", "startSelection": 2146, "endSelection": 2152, "explanation": "Повторение одного и того же слова.", "tag": "", "type": "Р.повтор", "subtype": "", "comment": "", "correction": ""}, {"id": 19, "group": "error", "startSelection": 2225, "endSelection": 2230, "explanation": "Повторение одного и того же слова в разных формах.", "tag": "", "type": "Р.повтор", "subtype": "", "comment": "", "correction": ""}, {"id": 20, "group": "error", "startSelection": 2267, "endSelection": 2272, "explanation": "Разговорное выражение, придающее тексту непринуждённый характер.", "tag": "RAZG.doc 54cc9782e", "type": "А.лекс", "subtype": "конт", "comment": "", "correction": ""}, {"id": 21, "group": "error", "startSelection": 2232, "endSelection": 2237, "explanation": "Повторение одного и того же слова в разных формах.", "tag": "", "type": "Р.повтор", "subtype": "", "comment": "", "correction": ""}, {"id": 22, "group": "error", "startSelection": 2262, "endSelection": 2266, "explanation": "Повторение одного и того же слова в разных формах.", "tag": "", "type": "Р.повтор", "subtype": "", "comment": "", "correction": ""}, {"id": 23, "group": "error", "startSelection": 2357, "endSelection": 2362, "explanation": "Повторение одного и того же слова в разных формах.", "tag": "", "type": "Р.повтор", "subtype": "", "comment": "", "correction": ""}, {"id": 24, "group": "error", "startSelection": 2374, "endSelection": 2386, "explanation": "Повторение одного и того же слова.", "tag": "", "type": "Р.повтор", "subtype": "", "comment": "", "correction": ""}, {"id": 25, "group": "error", "startSelection": 2435, "endSelection": 2447, "explanation": "Повторение одного и того же слова.", "tag": "", "type": "Р.повтор", "subtype": "", "comment": "", "correction": ""}, {"id": 26, "group": "error", "startSelection": 2491, "endSelection": 2495, "explanation": "Повторение одного и того же слова в разных формах.", "tag": "", "type": "Р.повтор", "subtype": "", "comment": "", "correction": ""}, {"id": 27, "group": "error", "startSelection": 2509, "endSelection": 2518, "explanation": "Повторение одного и того же слова в разных формах.", "tag": "", "type": "Р.повтор", "subtype": "", "comment": "", "correction": ""}, {"id": 28, "group": "error", "startSelection": 2537, "endSelection": 2557, "explanation": "В формальном тексте может быть предпочтителен более книжный вариант: «прийти к выводу о том, что...».", "tag": "", "type": "Г.СЛОЖН", "subtype": null, "comment": "", "correction": ""}, {"id": 29, "group": "error", "startSelection": 2570, "endSelection": 2582, "explanation": "Части слова с дефисом не согласованы между собой.", "tag": "message.txt: 1:0", "type": "А.лекс", "subtype": "конт", "comment": "", "correction": ""}, {"id": 30, "group": "error", "startSelection": 2570, "endSelection": 2582, "explanation": "Две части слова с дефисом не согласованы между собой.", "tag": "message.txt: 2:7", "type": "А.лекс", "subtype": "конт", "comment": "", "correction": ""}, {"id": 31, "group": "error", "startSelection": 2546, "endSelection": 2552, "explanation": "Повторение однокоренных слов.", "tag": "", "type": "Р.тавт", "subtype": "", "comment": "", "correction": ""}, {"id": 32, "group": "error", "startSelection": 2570, "endSelection": 2582, "explanation": "Повторение одного и того же слова в разных формах.", "tag": "", "type": "Р.повтор", "subtype": "", "comment": "", "correction": ""}, {"id": 33, "group": "error", "startSelection": 2614, "endSelection": 2619, "explanation": "Повторение одного и того же слова.", "tag": "", "type": "Р.повтор", "subtype": "", "comment": "", "correction": ""}, {"id": 34, "group": "error", "startSelection": 2673, "endSelection": 2681, "explanation": "", "tag": "REPLACE_a-raz-pref_a-raz+word", "type": "А.лекс", "subtype": "конт", "comment": "", "correction": "раз умные"}, {"id": 35, "group": "error", "startSelection": 2658, "endSelection": 2663, "explanation": "Повторение однокоренных слов.", "tag": "", "type": "Р.тавт", "subtype": "", "comment": "", "correction": ""}, {"id": 36, "group": "error", "startSelection": 2710, "endSelection": 2725, "explanation": "Повторение одного и того же слова в разных формах.", "tag": "", "type": "Р.повтор", "subtype": "", "comment": "", "correction": ""}, {"id": 37, "group": "error", "startSelection": 2744, "endSelection": 2749, "explanation": "Повторение одного и того же слова.", "tag": "", "type": "Р.повтор", "subtype": "", "comment": "", "correction": ""}, {"id": 39, "group": "meaning", "startSelection": 180, "endSelection": 223, "type": "ПРОБЛЕМА", "subtype": "", "explanation": "", "correction": "", "tag": "", "comment": ""}, {"id": 40, "group": "meaning", "startSelection": 224, "endSelection": 483, "type": "ПРИМЕР", "subtype": "", "explanation": "", "correction": "", "tag": "", "comment": ""}, {"id": 41, "group": "meaning", "startSelection": 484, "endSelection": 835, "type": "ПРИМЕР", "subtype": "", "explanation": "", "correction": "", "tag": "", "comment": ""}, {"id": 42, "group": "meaning", "startSelection": 836, "endSelection": 917, "type": "ПОЗИЦИЯ", "subtype": "", "explanation": "", "correction": "", "tag": "", "comment": ""}, {"id": 43, "group": "meaning", "startSelection": 918, "endSelection": 2519, "type": "ОТНОШЕНИЕ", "subtype": "", "explanation": "", "correction": "", "tag": "", "comment": ""}]}