{"meta": {"uuid": "0de4198e-a46f-4231-922f-6fc172357fd6", "id": "0002930", "name": "0002930_ru_rus_prrblema_vajnosti_muzyki_dlya_cheloveka_noexp.txt", "subject": "rus", "test": "егэ тренировка", "category": "", "year": 2019, "class": "11", "theme": "Пррблема важности музыки для человека (По тексту В. П. Астафьева)", "taskText": "(1)На задворках нашего села стояло на сваях длинное помещение из досок. (2)Я первый раз в жизни здесь услышал музыку — скрипку. (3)На ней играл Вася-поляк. (4)О чём мне рассказывала музыка? (5)О чём-то очень большом. (6)На что же это жаловалась она, на кого гневалась? (7)Тревожно и горько мне. (8)Хочется заплакать, оттого что мне жалко самого себя, жалко тех, что спят непробудным сном на кладбище!\n(9)Вася, не переставая играть, говорил: «(10)Эту музыку написал человек, которого лишили самого дорогого. (11)Если у человека нет матери, нет отца, но есть родина, он ещё не сирота. (12)Всё проходит: любовь, сожаление о ней, горечь утрат, даже боль от ран, — но никогда не проходит и не гаснет тоска по родине. (13)Эту музыку написал мой земляк Огинский. (14)Написал на границе, прощаясь с родиной. (15)Он посылал ей последний привет. (16)Давно уже нет композитора на свете, но боль его, тоска его, любовь к родной земле, которую никто не может отнять, жива до сих пор».\n(17)«Спасибо вам, дяденька», — прошептал я. (18)«За что, мальчик?» — (19)«3а то, что я не сирота». (20)Восторженными слезами благодарил я Васю, этот мир ночной, спящее село, а также спящий за ним лес. (21)В эти минуты не было для меня зла. (22)Мир был добр и одинок так же, как я. (23)Во мне звучала музыка о неистребимой любви к родине! (24)Енисей, не спящий даже ночью, молчаливое село за моей спиной, кузнечик, из последних сил работающий наперекор осени в крапиве, отливающей металлом, — это была моя родина.\n(25)...Прошло много лет. (26)И вот однажды в конце войны я стоял возле пушек в разрушенном польском городе. (27)Кругом пахло гарью, пылью. (28)И вдруг в доме, расположенном через улицу от меня, раздались звуки органа. (29)Эта музыка разбередила воспоминания. (30)Когда-то мне хотелось умереть от непонятной печали и восторга после того, как я послушал полонез Огинского. (31)Но теперь та же музыка, которую я слушал в детстве, преломилась во мне и закаменела, особенно та её часть, от которой я плакал когда-то. (32)Музыка так же, как и в ту далёкую ночь, хватала за горло, но не выжимала слёз, не прорастала жалостью. (33)Она звала куда-то, заставляла что-нибудь делать, чтобы потухли эти пожары, чтобы люди не ютились в горящих развалинах, чтобы небо не подбрасывало взрывами. (34)Музыка властвовала над оцепеневшим от горя городом, та самая музыка, которую, как вздох своей земли, хранил в сердце человек, никогда не видавший родины и всю жизнь тосковавший о ней.\n"}, "text": "Важна ли музыка для человека? Способна ли она побудить в нем различные чувства и эмоции? Именно над этими вопросами размышляет советский и российский писатель В. П. Астафьев. В предложенном тексте поднимается проблема значимости музыки для человека. Музыка – это один из видов искусства, отличающийся особой эмоциональностью и красочностью. Благодаря ей человек обнажает свое сердце через мелодию или текст песни. Для того, чтобы полностью раскрыть данную проблему необходимо обратиться к данному тексту.\nВ первом эпизоде автор акцентирует внимание читателей на том, что музыка может проникнуть в самую глубь души окружающих. Она заставляет переживать самые сильные и яркие чувства, вспоминать о чем-то сокровенном и близком сердцу. Именно она способна побудить человека раскрыть его внутренний мир. В тексте писатель отражает это через описание душевного состояния рассказчика. «Только сердце мое, занявшееся от горя и восторга, как встрепенулось, как подпрыгнуло, так и бьется у горла, раненное на всю жизнь музыкой» Тем самым В. П. Астафьев иллюстрирует все могущество музыки над человеком.\nДалее автор повествует о том, что музыка имеет сильное влияние не только на слушателя, но и на самого исполнителя. Музыка, созданная человеком, пропитана сильными эмоциями, вырвавшимися из самых дальних уголков сердца человека. Она заставляет вздрагивать и переживать своих создателей, ведь каждый раз исполняя свое музыкальное произведение они переживают те чувства, отраженные в определенной работе, вновь и вновь. Поэтому автор утверждает, что данный вид искусства является одним из наиболее влиятельных и ярких по исполнению. «Эту музыку написал мой земляк…» Эти эпизоды дополняют друг друга, отражают всю любовь автора к музыке.\nНо в полном объеме авторская позиция раскрывается в описании мелодии, издаваемой скрипкой. Он олицетворяет музыкальный инструмент, наделяет его тем, что свойственно человеку. «Вася замолчал, говорила скрипка…». В. П. Астафьев создает уникальную атмосферу в данном отрывке. Создается ощущение, будто рядом с самим читателем все вокруг наполняется тихим звучанием скрипки.\nЯ полностью согласна с точкой зрения автора. Музыка – это то, что оставляет глубокий и яркий след в душе каждого человека. Она позволяет остаться человеку наедине со своими мыслями, переживаниями. Данный вид творчества оказывает сильное влияние на внутренний мир людей, не оставляя никого равнодушным. Многие писатели также затрагивали тему значимости музыки. Так, например, в произведении В. Г. Короленко «Слепой музыкант» главный герой жил творчеством. Игра на фортепиано давало герою возможность реализовать себя как личность, несмотря на свои ограничения. Благодаря музыке он мог в полной мере чувствовать и ощущать все краски жизни.\nТаким образом, музыка – это то, что раскрывает внутренний мир человека. Она занимает отдельное место в жизни каждого человека.", "fileName": "0002930.json", "selections": [{"id": 0, "group": "error", "startSelection": 190, "endSelection": 196, "explanation": "Повторение одного и того же слова в разных формах.", "tag": "", "type": "Р.повтор", "subtype": "", "comment": "", "correction": ""}, {"id": 1, "group": "error", "startSelection": 229, "endSelection": 235, "explanation": "Повторение одного и того же слова в разных формах.", "tag": "", "type": "Р.повтор", "subtype": "", "comment": "", "correction": ""}, {"id": 2, "group": "error", "startSelection": 250, "endSelection": 256, "explanation": "Повторение одного и того же слова в разных формах.", "tag": "", "type": "Р.повтор", "subtype": "", "comment": "", "correction": ""}, {"id": 3, "group": "error", "startSelection": 401, "endSelection": 406, "explanation": "Повторение одного и того же слова в разных формах.", "tag": "", "type": "Р.повтор", "subtype": "", "comment": "", "correction": ""}, {"id": 4, "group": "error", "startSelection": 449, "endSelection": 455, "explanation": "Повторение одного и того же слова в разных формах.", "tag": "", "type": "Р.повтор", "subtype": "", "comment": "", "correction": ""}, {"id": 5, "group": "error", "startSelection": 489, "endSelection": 496, "explanation": "Повторение одного и того же слова в разных формах.", "tag": "", "type": "Р.повтор", "subtype": "", "comment": "", "correction": ""}, {"id": 6, "group": "error", "startSelection": 497, "endSelection": 503, "explanation": "Повторение одного и того же слова в разных формах.", "tag": "", "type": "Р.повтор", "subtype": "", "comment": "", "correction": ""}, {"id": 7, "group": "error", "startSelection": 597, "endSelection": 602, "explanation": "Повторение одного и того же слова в разных формах.", "tag": "", "type": "Р.повтор", "subtype": "", "comment": "", "correction": ""}, {"id": 8, "group": "error", "startSelection": 652, "endSelection": 657, "explanation": "Повторение одного и того же слова в разных формах.", "tag": "", "type": "Р.повтор", "subtype": "", "comment": "", "correction": ""}, {"id": 9, "group": "error", "startSelection": 809, "endSelection": 817, "explanation": "Повторение однокоренных слов.", "tag": "", "type": "Р.тавт", "subtype": "", "comment": "", "correction": ""}, {"id": 10, "group": "error", "startSelection": 837, "endSelection": 845, "explanation": "Повторение однокоренных слов.", "tag": "", "type": "Р.тавт", "subtype": "", "comment": "", "correction": ""}, {"id": 11, "group": "error", "startSelection": 1010, "endSelection": 1017, "explanation": "Повторение одного и того же слова в разных формах.", "tag": "", "type": "Р.повтор", "subtype": "", "comment": "", "correction": ""}, {"id": 12, "group": "error", "startSelection": 1023, "endSelection": 1028, "explanation": "Повторение одного и того же слова в разных формах.", "tag": "", "type": "Р.повтор", "subtype": "", "comment": "", "correction": ""}, {"id": 13, "group": "error", "startSelection": 1072, "endSelection": 1078, "explanation": "Повторение одного и того же слова в разных формах.", "tag": "", "type": "Р.повтор", "subtype": "", "comment": "", "correction": ""}, {"id": 14, "group": "error", "startSelection": 1083, "endSelection": 1092, "explanation": "Повторение одного и того же слова в разных формах.", "tag": "", "type": "Р.повтор", "subtype": "", "comment": "", "correction": ""}, {"id": 15, "group": "error", "startSelection": 1128, "endSelection": 1134, "explanation": "Повторение одного и того же слова в разных формах.", "tag": "", "type": "Р.повтор", "subtype": "", "comment": "", "correction": ""}, {"id": 16, "group": "error", "startSelection": 1141, "endSelection": 1148, "explanation": "Повторение одного и того же слова в разных формах.", "tag": "", "type": "Р.повтор", "subtype": "", "comment": "", "correction": ""}, {"id": 17, "group": "error", "startSelection": 1189, "endSelection": 1195, "explanation": "Повторение одного и того же слова в разных формах.", "tag": "", "type": "Р.повтор", "subtype": "", "comment": "", "correction": ""}, {"id": 18, "group": "error", "startSelection": 1209, "endSelection": 1215, "explanation": "Повторение одного и того же слова в разных формах.", "tag": "", "type": "Р.повтор", "subtype": "", "comment": "", "correction": ""}, {"id": 19, "group": "error", "startSelection": 1227, "endSelection": 1236, "explanation": "Повторение одного и того же слова в разных формах.", "tag": "", "type": "Р.повтор", "subtype": "", "comment": "", "correction": ""}, {"id": 20, "group": "error", "startSelection": 1248, "endSelection": 1256, "explanation": "Повторение одного и того же слова в разных формах.", "tag": "", "type": "Р.повтор", "subtype": "", "comment": "", "correction": ""}, {"id": 21, "group": "error", "startSelection": 1283, "endSelection": 1288, "explanation": "Повторение одного и того же слова в разных формах.", "tag": "", "type": "Р.повтор", "subtype": "", "comment": "", "correction": ""}, {"id": 22, "group": "error", "startSelection": 1312, "endSelection": 1320, "explanation": "Повторение одного и того же слова в разных формах.", "tag": "", "type": "Р.повтор", "subtype": "", "comment": "", "correction": ""}, {"id": 23, "group": "error", "startSelection": 1351, "endSelection": 1361, "explanation": "Повторение одного и того же слова в разных формах.", "tag": "", "type": "Р.повтор", "subtype": "", "comment": "", "correction": ""}, {"id": 24, "group": "error", "startSelection": 1362, "endSelection": 1367, "explanation": "Повторение одного и того же слова в разных формах.", "tag": "", "type": "Р.повтор", "subtype": "", "comment": "", "correction": ""}, {"id": 25, "group": "error", "startSelection": 1405, "endSelection": 1409, "explanation": "Повторение одного и того же слова в разных формах.", "tag": "", "type": "Р.повтор", "subtype": "", "comment": "", "correction": ""}, {"id": 26, "group": "error", "startSelection": 1439, "endSelection": 1449, "explanation": "Повторение одного и того же слова в разных формах.", "tag": "", "type": "Р.повтор", "subtype": "", "comment": "", "correction": ""}, {"id": 27, "group": "error", "startSelection": 1589, "endSelection": 1600, "explanation": "Нет существительных, согласующихся с прилагательным {\"влиятельных\"}.", "tag": "message.txt: 2:3", "type": "А.лекс", "subtype": "конт", "comment": "", "correction": ""}, {"id": 28, "group": "error", "startSelection": 1629, "endSelection": 1635, "explanation": "Повторение однокоренных слов.", "tag": "", "type": "Р.повтор", "subtype": "", "comment": "", "correction": ""}, {"id": 29, "group": "error", "startSelection": 1720, "endSelection": 1726, "explanation": "Повторение однокоренных слов.", "tag": "", "type": "Р.повтор", "subtype": "", "comment": "", "correction": ""}, {"id": 30, "group": "error", "startSelection": 1835, "endSelection": 1846, "explanation": "Повторение однокоренных слов.", "tag": "", "type": "Р.тавт", "subtype": "", "comment": "", "correction": ""}, {"id": 31, "group": "error", "startSelection": 1954, "endSelection": 1961, "explanation": "Повторение однокоренных слов.", "tag": "", "type": "Р.тавт", "subtype": "", "comment": "", "correction": ""}, {"id": 32, "group": "error", "startSelection": 2001, "endSelection": 2010, "explanation": "Повторение однокоренных слов.", "tag": "", "type": "Р.тавт", "subtype": "", "comment": "", "correction": ""}, {"id": 33, "group": "error", "startSelection": 2062, "endSelection": 2073, "explanation": "Повторение однокоренных слов.", "tag": "", "type": "Р.тавт", "subtype": "", "comment": "", "correction": ""}, {"id": 34, "group": "error", "startSelection": 2101, "endSelection": 2110, "explanation": "Повторение однокоренных слов.", "tag": "", "type": "Р.тавт", "subtype": "", "comment": "", "correction": ""}, {"id": 35, "group": "error", "startSelection": 2212, "endSelection": 2220, "explanation": "Повторение одного и того же слова в разных формах.", "tag": "", "type": "Р.повтор", "subtype": "", "comment": "", "correction": ""}, {"id": 36, "group": "error", "startSelection": 2245, "endSelection": 2253, "explanation": "Повторение одного и того же слова в разных формах.", "tag": "", "type": "Р.повтор", "subtype": "", "comment": "", "correction": ""}, {"id": 37, "group": "error", "startSelection": 2423, "endSelection": 2439, "explanation": "Как правило, в текстах, предлагаемых для написаний эссе, проблемы (и темы) не затрагиваются, а вполне подробно обсуждаются, поэтому глагол «затрагивать» со знанием «вскользь, поверхностно» неуместен.", "tag": "", "type": "Р.ЗНАЧ", "subtype": "несвой", "comment": "", "correction": ""}, {"id": 38, "group": "error", "startSelection": 2586, "endSelection": 2597, "explanation": "Повторение однокоренных слов.", "tag": "", "type": "Р.тавт", "subtype": "", "comment": "", "correction": ""}, {"id": 39, "group": "error", "startSelection": 2719, "endSelection": 2722, "explanation": "", "tag": "REPLACE_все_вес", "type": "А.лекс", "subtype": "конт", "comment": "", "correction": "вес"}, {"id": 40, "group": "error", "startSelection": 2669, "endSelection": 2675, "explanation": "Повторение одного и того же слова в разных формах.", "tag": "", "type": "Р.повтор", "subtype": "", "comment": "", "correction": ""}, {"id": 41, "group": "error", "startSelection": 2679, "endSelection": 2682, "explanation": "Повторение однокоренных слов.", "tag": "", "type": "Р.тавт", "subtype": "", "comment": "", "correction": ""}, {"id": 42, "group": "error", "startSelection": 2752, "endSelection": 2758, "explanation": "Повторение одного и того же слова в разных формах.", "tag": "", "type": "Р.повтор", "subtype": "", "comment": "", "correction": ""}, {"id": 43, "group": "error", "startSelection": 2799, "endSelection": 2807, "explanation": "Повторение одного и того же слова.", "tag": "", "type": "Р.повтор", "subtype": "", "comment": "", "correction": ""}, {"id": 44, "group": "error", "startSelection": 2854, "endSelection": 2862, "explanation": "Повторение одного и того же слова.", "tag": "", "type": "Р.повтор", "subtype": "", "comment": "", "correction": ""}, {"id": 46, "group": "meaning", "startSelection": 175, "endSelection": 504, "type": "ПРОБЛЕМА", "subtype": "", "explanation": "", "correction": "", "tag": "", "comment": ""}, {"id": 47, "group": "meaning", "startSelection": 505, "endSelection": 625, "type": "ПРИМЕР", "subtype": "", "explanation": "", "correction": "", "tag": "", "comment": ""}, {"id": 48, "group": "meaning", "startSelection": 626, "endSelection": 878, "type": "ПОЯСНЕНИЕ", "subtype": "", "explanation": "", "correction": "", "tag": "", "comment": ""}, {"id": 49, "group": "meaning", "startSelection": 879, "endSelection": 1092, "type": "ПРИМЕР", "subtype": "", "explanation": "", "correction": "", "tag": "", "comment": ""}, {"id": 50, "group": "meaning", "startSelection": 1094, "endSelection": 1208, "type": "ПРИМЕР", "subtype": "", "explanation": "", "correction": "", "tag": "", "comment": ""}, {"id": 51, "group": "meaning", "startSelection": 1209, "endSelection": 1510, "type": "ПОЯСНЕНИЕ", "subtype": "", "explanation": "", "correction": "", "tag": "", "comment": ""}, {"id": 52, "group": "meaning", "startSelection": 1511, "endSelection": 1623, "type": "ПОЗИЦИЯ", "subtype": "", "explanation": "", "correction": "", "tag": "", "comment": ""}, {"id": 53, "group": "meaning", "startSelection": 1624, "endSelection": 1726, "type": "СВЯЗЬ", "subtype": "", "explanation": "", "correction": "", "tag": "", "comment": ""}, {"id": 54, "group": "meaning", "startSelection": 2099, "endSelection": 2736, "type": "ОТНОШЕНИЕ", "subtype": "", "explanation": "", "correction": "", "tag": "", "comment": ""}]}