{"meta": {"uuid": "3ffac76b-7703-4d4b-a97f-697c109254f2", "id": "0003210", "name": "0003210_ru_rus_problema_svyazi_trudolyubiya_i_talanta_noexp.txt", "subject": "rus", "test": "егэ тренировка", "category": "", "year": 2020, "class": "11", "theme": "Проблема связи трудолюбия и таланта (По тексту Е. Носова)", "taskText": "(1) Сказывают древние книги, будто великий Дионисий, замыслив расписать новоявленный храм, собирал холщовую подорожницу и уходил окрест — в лесную тишь, в одинокое раздумье. (2) Заповедная нехоженность Ферапонтова межозерья, пряный дух разомлевших боров и хрусткая настороженность под их сомкнувшимися кронами, где далеко слыхать, как стремительно возносится, шуршит коготками по сухому корью осторожная белка или как трепещет крыльями стрекоза над фиолетовой свечкой кипрея, — это тихое общение с птахами, травами и родной землёй отрешало живописца от расслабляющей повседневности, очищало и возвышало душу, звало куда-то ввысь и заодно собирало воедино, копило в нём слабеющие силы для очередного бессмертного творения.\n(3) Но была в том одиноком скитании и своя корысть: пройдёт ли Дионисий верховолочьем, берегом ли ручья, сам тем временем неотступно высматривает всякие земные обнажения. (4) Растирает в щепотке мелки и глины, крошит пестиком известняки и цветные камушки, подобранные на перекатах, толчёт их в порошок в походной ступе, а потом замешивает в плошке на ключевой воде, пачкает цветной кашицей припасённые дощечки. (5) И долго глядит сощурясь, примериваясь к полученному колеру.\n(6) Казалось бы, что можно извлечь из этих спёкшихся комьев, из овражных осыпей, озёрной гальки или сумрачных ливневых размывов… (7) Но посмотрите на многовековые невянущие фрески, и вы затихнете восхищённо: какое празднество красок! (8) Хотя и нет здесь ни откровенно красного, ни синего, ни зелёного… (9) Любил тонкий художник мягкие, нежные тона, почти неощутимые переходы, от которых сладко благоговела, смягчалась современная ему человеческая душа, теплилась надеждой. (10) Розово-красный он укрощал до лёгкой розовости или малиновости, душную зелень смягчал до прозрачной овсяной зеленцы, а охру — до золотистой соломистости. (11) А между этими умягчёнными тонами неприметно пускал ещё больше умягчённые тональности, и оттого все храмовые росписи — и на стенах, и насводах, и на опорных столбах — обретали воздушно-лёгкий, серебристо-радужный колорит, подобный то ли цветной изморози, то ли нерукотворному узорочью. (12) И эта тонкая, неуловимая для глаза вибрация полутонов сообщала живописи чарующее необыкновение!\n(13) К расцвету своего мастерства Дионисий извлёк из окрестных долов около ста сорока видов красителей и был убеждён, что это далеко не всё и что красочному воссиянию русской земли нет предела. (14) Надобно только воистину загореться, захотеть одержимо в земной обыкновенности увидеть сокрытую красу и радость и уловить, подглядеть в простой невзрачной тверди как бы застенчивую, но всегда дивную, нежную улыбку матери-природы.(15) «Подвижничество — это великое, радостное, как и всякий труд во всеобщее благо и всеобщее спасение, и сил на то утаивать не можно», — думал о своём призвании Дионисий.\n(16) В наше время, однако, уже никто не скитается по глухим ярам с пестиком и ступкой. (17) Ныне «улыбку природы» можно без хлопот приобрести в магазине «Канцтовары». (18) Продаётся она уже в готовых тюбиках. (19) Удобно и просто: отвинтил колпачок, надавил большим пальцем на округлое матово лоснящееся брюшко упаковки и — пожалуйста! (20) Благо, что и всякие кисти, холсты, картоны, уже загрунтованные, готовые к исполнению, тоже продаются в достатке. (21) Достигнутый прогресс избавил современного живописца от самой докучливой (с нашей точки зрения) обузы — добывать необходимые краски, освободив его для чисто творческого дела: бери кисть и — твори, выдумывай, пробуй! (22) Было бы и вовсе не хлопотно, если бы вот так же запросто, нажав пальцем, можно было выдавить из одного тюбика, скажем, необыкновенный замысел, а из другого — вдохновение. (23) Или, допустим, зашёл в ателье и заказал себе пару крыл для творческого взлёта… (24) Но, видно, искусство не терпит расслабленности, тем более сделок с совестью, порождающих леность душ и меркантильные помыслы. (25) Напротив, оно требует постоянного преодоления задуманного, способствуя, в свою очередь, преодолению художником самого себя и захватывая его одержимостью. (26) Так что, как ни всемогущ прогресс, но вдохновения в лавке пока не купишь. (27) Тут изощрённый человеческий ум спасовал, ничего не придумал, и всё, что касается творческого взлёта, осталось по-старому, как и при Дионисии: если хочешь чего достичь — иди и поклонись родной земле. (28) Всё остальное — от лукавого.\n"}, "text": "Проблему связи трудолюбия и таланта поднимает в своем тексте русский писатель Е. И. Носов.\nЧтобы привлечь внимание к поставленной проблеме, автор рассказывает о древнерусском художнике Дионисии. Вдохновение этот великий мастер живописи черпал из самой русской природы: «тихое общение с птахами, травами и родной землёй отрешало живописца от расслабляющей повседневности, очищало и возвышало душу, звало куда-то ввысь и заодно собирало воедино, копило в нём слабеющие силы для очередного бессмертного творения». Е. Носов восхищается талантом Дионисия и показывает этим примером, что общение с природой родной земли возвышает душу, помогает талантливому человеку создавать шедевры.\nНо не одним талантом прославился великий художник Дионисий. И уходил он «в лесную тишь, в одинокое раздумье» не только ради того, чтоб получить вдохновение. Дионисий разыскивал в самой природе нужные для написания фресок краски. Вот он «растирает в щепотке мелки и глины, крошит пестиком известняки и цветные камушки, подобранные на перекатах, толчёт их в порошок в походной ступе, а потом замешивает в плошке на ключевой воде, пачкает цветной кашицей припасённые дощечки». Упорный труд, терпеливое усердие — вот то, что в первую очередь необходимо талантливому человеку, если он хочет достичь успеха и принести пользу своим мастерством.\nПриведённые примеры дополняют друг друга и позволяют автору раскрыть главную мысль текста.\nПозиция автора ясна и представлена в предложении 27. «Если хочешь чего-то достичь — иди и поклонись своей земле» — пишет Е. Носов. Нет пути без трудолюбия. Чтобы достичь творческого взлёта, успеха, необходим труд на благо родной земли.\nЯ согласна с позицией автора. Часто бывает, что люди хотят достичь профессиональных или творческих высот легко и без труда. Но так не бывает. Простых путей нет и не нужно их искать. Дорога к успеху,славе терниста и требует усилий, дисциплины, терпения, усердия. Можно привести в пример любого известного в русской истории или культуре человека. Например, мне вспоминается судьба великого русского учёного Владимира Даля. Чтобы создать свой уникальный, неповторимый, известный всему миру «Толковый словарь живого великорусского языка» Владимир Даль трудился несколько лет. Но не ради славы он посвятил себя этому делу. Огромная любовь к своей земле, родине, языку вдохновляла его.\nВ заключение хотелось бы сказать, что, несомненно, невозможно создать шедевр, не имея таланта. Однако одного таланта недостаточно. И чтобы «не зарыть свой талант в землю», нужно помнить о трудолюбии.", "fileName": "0003210.json", "selections": [{"id": 0, "group": "error", "startSelection": 46, "endSelection": 60, "explanation": "Слово «свой» в контекстах вроде «писатель в своём тексте рассказывает...» избыточно.", "tag": "", "type": "Р.ЛИШН", "subtype": "лишн", "comment": "", "correction": ""}, {"id": 1, "group": "error", "startSelection": 286, "endSelection": 293, "explanation": "Разговорное выражение, придающее тексту непринуждённый характер.", "tag": "RAZG.doc -966286953", "type": "А.лекс", "subtype": "конт", "comment": "", "correction": ""}, {"id": 2, "group": "error", "startSelection": 227, "endSelection": 235, "explanation": "Повторение однокоренных слов.", "tag": "", "type": "Р.тавт", "subtype": "", "comment": "", "correction": ""}, {"id": 3, "group": "error", "startSelection": 328, "endSelection": 337, "explanation": "Повторение однокоренных слов.", "tag": "", "type": "Р.тавт", "subtype": "", "comment": "", "correction": ""}, {"id": 4, "group": "error", "startSelection": 532, "endSelection": 540, "explanation": "Повторение однокоренных слов.", "tag": "", "type": "Р.тавт", "subtype": "", "comment": "", "correction": ""}, {"id": 5, "group": "error", "startSelection": 639, "endSelection": 651, "explanation": "Повторение однокоренных слов.", "tag": "", "type": "Р.тавт", "subtype": "", "comment": "", "correction": ""}, {"id": 6, "group": "error", "startSelection": 686, "endSelection": 691, "explanation": "Повторение однокоренных слов.", "tag": "", "type": "Р.тавт", "subtype": "", "comment": "", "correction": ""}, {"id": 7, "group": "error", "startSelection": 770, "endSelection": 778, "explanation": "Повторение однокоренных слов.", "tag": "", "type": "Р.тавт", "subtype": "", "comment": "", "correction": ""}, {"id": 8, "group": "error", "startSelection": 1083, "endSelection": 1089, "explanation": "Устаревшее слово. В современном тексте оно имеет архаический характер.", "tag": "Ustar.doc -1364457260", "type": "А.лекс", "subtype": "конт", "comment": "", "correction": ""}, {"id": 9, "group": "error", "startSelection": 1144, "endSelection": 1151, "explanation": "Разговорное выражение, придающее тексту непринуждённый характер.", "tag": "RAZG.doc 49d0717f6", "type": "А.лекс", "subtype": "конт", "comment": "", "correction": ""}, {"id": 10, "group": "error", "startSelection": 1305, "endSelection": 1317, "explanation": "", "tag": "REPLACE_n-om_n-am", "type": "А.лекс", "subtype": "конт", "comment": "", "correction": "???"}, {"id": 11, "group": "error", "startSelection": 1625, "endSelection": 1637, "explanation": "Возможно, лишний пробел в написании этого слова.", "tag": "Equivale.doc 1965872938", "type": "А.лекс", "subtype": "конт", "comment": "", "correction": ""}, {"id": 12, "group": "error", "startSelection": 1842, "endSelection": 1844, "explanation": "Не хватает пробела.", "tag": "message.txt: 4:0", "type": "А.лекс", "subtype": "конт", "comment": "", "correction": ", с"}, {"id": 14, "group": "meaning", "startSelection": 0, "endSelection": 90, "type": "ПРОБЛЕМА", "subtype": "", "explanation": "", "correction": "", "tag": "", "comment": ""}, {"id": 15, "group": "meaning", "startSelection": 91, "endSelection": 679, "type": "ПРИМЕР", "subtype": "", "explanation": "", "correction": "", "tag": "", "comment": ""}, {"id": 16, "group": "meaning", "startSelection": 680, "endSelection": 1153, "type": "ПРИМЕР", "subtype": "", "explanation": "", "correction": "", "tag": "", "comment": ""}, {"id": 17, "group": "meaning", "startSelection": 1154, "endSelection": 1317, "type": "ПОЯСНЕНИЕ", "subtype": "", "explanation": "", "correction": "", "tag": "", "comment": ""}, {"id": 18, "group": "meaning", "startSelection": 1318, "endSelection": 1408, "type": "СВЯЗЬ", "subtype": "", "explanation": "", "correction": "", "tag": "", "comment": ""}, {"id": 19, "group": "meaning", "startSelection": 1409, "endSelection": 1644, "type": "ПОЗИЦИЯ", "subtype": "", "explanation": "", "correction": "", "tag": "", "comment": ""}, {"id": 20, "group": "meaning", "startSelection": 1645, "endSelection": 2324, "type": "ОТНОШЕНИЕ", "subtype": "", "explanation": "", "correction": "", "tag": "", "comment": ""}]}