{"meta": {"uuid": "6f3fce0c-92da-40ea-a9a8-c4c6397868c9", "id": "0003220", "name": "0003220_ru_rus_problema_vliyaniya_muzyki_na_cheloveka_noexp.txt", "subject": "rus", "test": "егэ тренировка", "category": "", "year": 2020, "class": "11", "theme": "Проблема влияния музыки на человека (по тексту Ч. Айтматова)", "taskText": "(1)Певцов было десять человек, только десять. (2)Все в одинаковых чёрных концертных костюмах, белых манишках. (3)И ни тебе инструментов, ни микрофонов, ни эстрадных звукоусилителей и никаких, конечно, световых манипуляторов - просто в зале несколько приглушили свет.\n(4)И хотя я был уверен, что сюда собрались слушатели, имеющие представление, что такое капелла, мне стало страшно за певцов. (5)Молодёжь наша привыкла к электронному громогласию, а они - как безоружные солдаты на поле боя.\n(6)Певцы стали плотно плечом к плечу, образовав небольшое полукружие. (7)Лица их были спокойны и сосредоточенны. (8)И все они почему-то казались похожими друг на друга. (9)Возможно, потому, что в этот час ими владела общая забота, общая готовность, единый душевный порыв.\n(10)И вот по кивку стоящего справа, видимо, ведущего в группе, они запели. (11)И голоса взлетели...\n(12)3ал был покорён, зачарован, повергнут в раздумье; каждому представился случай самому примкнуть к тому, что веками слагалось в трагических заблуждениях и озарениях разума. (13)И в то же время воображение увлекало каждого в тот неясный, но всегда до боли желанный мир, слагающийся из собственных воспоминаний, грёз, тоски, укоров совести, из утрат и радостей, изведанных человеком на его жизненном пути.\n(14)Я не понимал и, по правде говоря, не очень и желал понимать, что происходило со мной в тот час, что приковало мои мысли, чувства с такой неотразимой силой к этим десятерым певцам, но гимны, которые они распевали, словно исходили от меня, от моих собственных побуждений, от накопившихся болей, тревог и восторгов, до сих пор не находивших во мне выхода, и, освобождаясь от них и одновременно наполняясь новым светом и прозрением, я постигал благодаря искусству этих певцов изначальную сущность музыки.\n(15)Когда открытие делаешь для себя, всё в тебе согласно и наступает просветление души. (1б)И на той волне нахлынувшего просветления подумалось вдруг: откуда всё это в человеке - музыка, Песни, молитвы, какая необходимость была и есть в них? (17)Возможно, от подсознательного ощущения трагичности своего пребывания в круговороте жизни, когда всё приходит и всё уходит, вновь приходит и вновь уходит, и человек надеется таким способом выразить, обозначить, увековечить себя. (18)Ведь когда через миллиарды лет планета наша умрёт, померкнет, какое-то мировое сознание, пришедшее из других галактик, должно непременно услышать среди великого безмолвия и пустоты нашу музыку и пение. (19)Жить после жизни - вот что неистребимо вложено в нас от сотворения! (20)Как важно осознавать, как необходимо человеку быть уверенным в том, что такое продление себя возможно в принципе. (21)Наверно, люди додумаются оставить после себя какое-то вечное автоматическое устройство, некий музыкальный вечный двигатель, -это будет антология всего лучшего в культуре человечества.\n(22)Жизнь, смерть, любовь, сострадание и вдохновение — всё будет сказано в музыке, ибо в ней, в музыке, мы достигли наивысшей свободы, за которую боролись на протяжении всей истории, начиная с первых проблесков сознания в человеке, но достичь которой нам удалось лишь в ней.\n"}, "text": "Насколько важна музыка в жизни человека и всего человечества? Какое влияние она оказывает? Именно эта проблема находится в центре внимания выдающегося советского писателя Чингиза Айтматова.\nРазмышляя над этим вопросом, автор говорит читателю, что \"от ощущения трагичности своего пребывания в круговороте жизни, (...) человек надеется таким способом выразить, обозначить, увековечить себя\". Увековечить себя при помощи музыки.\nКаждый человек, осознавая скоротечность своей жизни,\nпытается оставить после себя что-либо. Построить, сочинить, придумать или совершить пусть не великое, но нечто значительное. Для того, чтобы даже после смерти о нем помнили.\nИ этим значительным может стать музыка. \"Ибо все преходящее, а музыка вечна\", — говорил главный герой известного советского фильма о войне.\nИ когда человечество исчезнет, все то, что было создано и пережито, останется в музыке. Ведь музыка - это величайший в жизни человека инструмент, который может передать все чувства, мысли, переживания, боль, мечты, горе и радость, может передать и то, что невозможно выразить ни словами, ни красками, ни танцем.\nТакже Чингиз Айтматов обращает внимание читателя на свободу, \"за которую боролись на протяжении всей истории, (...) но достичь которой нам удалось лишь в ней\".\nВсе свои мечты, желания и идеи человеку редко удается воплотить в реальную жизнь, а некоторым из них никогда не суждено осуществиться. И только музыка может принять любую форму и любой вид. Музыка не имеет границ — ни политических, ни языковых. Все, чего нам не хватает в реальном мире, может обрести жизнь в музыке.\nТаким образом, оба эти примера, дополняющие друг друга, помогают читателю понять, какое предназначение имеет музыка в человеческой жизни.\nРассуждая над проблемой влияния музыки на человека, Чингиз Айтматов приходит к выводу о том, что музыка незаменима в жизни человека.\nТолько музыка помогает людям оставить после себя нечто великое и прекрасное, обрести полную свободу, ощутить весь объем и всю мощь человеческих мыслей и чувств.\nЯ согласна с таким взглядом писателя на музыку. Не может быть никаких сомнений в том, что только музыка дает человеку то, чего порой невозможно достичь в жизни.\nДля обоснования своей позиции приведу пример из читательского опыта. Не так давно я прочитала рассказ А. П. Чехова \"Скрипка Ротшильда\". Главный герой рассказа жестокий, угрюмый и алчный гробовщик Яков сам страдал от собственного тяжелого характера, но ничего не мог с собой поделать, и он находил успокоение только в музыке. Играя на скрипке, он чувствовал себя лучше.\nПосле смерти жены он впал в тяжелейшую депрессию, и только музыка придавала ему силы. Всю свою боль, все переживания он вкладывал в игру на скрипке. И эта игра была невероятной. Музыка помогала ему передать все те чувства, которые он не мог проявить сам из-за тяжести своего характера.\nПодводя итог всему вышесказанному, можно сказать, что музыка играет очень важную роль в нашей жизни. Она может поднять настроение, поддержать человека в трудной жизненной ситуации, дать надежду на лучшее, выразить то, что не получается сказать словами.", "fileName": "0003220.json", "selections": [{"id": 0, "group": "error", "startSelection": 371, "endSelection": 382, "explanation": "Повторение одного и того же слова.", "tag": "", "type": "Р.повтор", "subtype": "", "comment": "", "correction": ""}, {"id": 1, "group": "error", "startSelection": 383, "endSelection": 387, "explanation": "Повторение одного и того же слова.", "tag": "", "type": "Р.повтор", "subtype": "", "comment": "", "correction": ""}, {"id": 2, "group": "error", "startSelection": 390, "endSelection": 401, "explanation": "Повторение одного и того же слова.", "tag": "", "type": "Р.повтор", "subtype": "", "comment": "", "correction": ""}, {"id": 3, "group": "error", "startSelection": 402, "endSelection": 406, "explanation": "Повторение одного и того же слова.", "tag": "", "type": "Р.повтор", "subtype": "", "comment": "", "correction": ""}, {"id": 4, "group": "error", "startSelection": 466, "endSelection": 477, "explanation": "Слово «свой» применительно к жизни часто избыточно, поскольку жизнь у человека всегда «своя».", "tag": "", "type": "Р.ЛИШН", "subtype": "лишн", "comment": "", "correction": ""}, {"id": 5, "group": "error", "startSelection": 503, "endSelection": 507, "explanation": "Повторение одного и того же слова.", "tag": "", "type": "Р.повтор", "subtype": "", "comment": "", "correction": ""}, {"id": 6, "group": "error", "startSelection": 508, "endSelection": 516, "explanation": "Повторение однокоренных слов.", "tag": "", "type": "Р.тавт", "subtype": "", "comment": "", "correction": ""}, {"id": 7, "group": "error", "startSelection": 584, "endSelection": 589, "explanation": "Повторение однокоренных слов.", "tag": "", "type": "Р.тавт", "subtype": "", "comment": "", "correction": ""}, {"id": 8, "group": "error", "startSelection": 685, "endSelection": 691, "explanation": "Повторение одного и того же слова в разных формах.", "tag": "", "type": "Р.повтор", "subtype": "", "comment": "", "correction": ""}, {"id": 9, "group": "error", "startSelection": 716, "endSelection": 722, "explanation": "Повторение одного и того же слова в разных формах.", "tag": "", "type": "Р.повтор", "subtype": "", "comment": "", "correction": ""}, {"id": 10, "group": "error", "startSelection": 824, "endSelection": 835, "explanation": "Вместо «всё то, что...» почти всегда можно, и часто лучше, написать просто «всё, что».", "tag": "", "type": "Г.СЛОЖН", "subtype": null, "comment": "", "correction": ""}, {"id": 11, "group": "error", "startSelection": 851, "endSelection": 859, "explanation": "Повторение однокоренных слов.", "tag": "", "type": "Р.тавт", "subtype": "", "comment": "", "correction": ""}, {"id": 12, "group": "error", "startSelection": 873, "endSelection": 879, "explanation": "Повторение одного и того же слова в разных формах.", "tag": "", "type": "Р.повтор", "subtype": "", "comment": "", "correction": ""}, {"id": 13, "group": "error", "startSelection": 886, "endSelection": 892, "explanation": "Повторение одного и того же слова в разных формах.", "tag": "", "type": "Р.повтор", "subtype": "", "comment": "", "correction": ""}, {"id": 14, "group": "error", "startSelection": 912, "endSelection": 917, "explanation": "Повторение однокоренных слов.", "tag": "", "type": "Р.тавт", "subtype": "", "comment": "", "correction": ""}, {"id": 15, "group": "error", "startSelection": 947, "endSelection": 952, "explanation": "Повторение одного и того же слова.", "tag": "", "type": "Р.повтор", "subtype": "", "comment": "", "correction": ""}, {"id": 16, "group": "error", "startSelection": 1024, "endSelection": 1029, "explanation": "Повторение одного и того же слова.", "tag": "", "type": "Р.повтор", "subtype": "", "comment": "", "correction": ""}, {"id": 17, "group": "error", "startSelection": 1319, "endSelection": 1345, "explanation": "Выражение «воплотить в жизнь» не может быть расширено эпитетом, так как ни в какую жизнь, кроме реальной, ничего воплотить и не возможно.", "tag": "", "type": "Р.ЛИШН", "subtype": "избыт", "comment": "", "correction": ""}, {"id": 18, "group": "error", "startSelection": 1409, "endSelection": 1415, "explanation": "Повторение одного и того же слова в разных формах.", "tag": "", "type": "Р.повтор", "subtype": "", "comment": "", "correction": ""}, {"id": 19, "group": "error", "startSelection": 1416, "endSelection": 1421, "explanation": "Повторение одинаковых и однокоренных слов.", "tag": "", "type": "Р.тавт", "subtype": "", "comment": "", "correction": ""}, {"id": 20, "group": "error", "startSelection": 1430, "endSelection": 1435, "explanation": "Повторение одного и того же слова в разных формах.", "tag": "", "type": "Р.повтор", "subtype": "", "comment": "", "correction": ""}, {"id": 21, "group": "error", "startSelection": 1444, "endSelection": 1449, "explanation": "Повторение одного и того же слова в разных формах.", "tag": "", "type": "Р.повтор", "subtype": "", "comment": "", "correction": ""}, {"id": 22, "group": "error", "startSelection": 1455, "endSelection": 1461, "explanation": "Повторение одного и того же слова в разных формах.", "tag": "", "type": "Р.повтор", "subtype": "", "comment": "", "correction": ""}, {"id": 23, "group": "error", "startSelection": 1552, "endSelection": 1557, "explanation": "Повторение одинаковых и однокоренных слов.", "tag": "", "type": "Р.тавт", "subtype": "", "comment": "", "correction": ""}, {"id": 24, "group": "error", "startSelection": 1566, "endSelection": 1571, "explanation": "Повторение одного и того же слова в разных формах.", "tag": "", "type": "Р.повтор", "subtype": "", "comment": "", "correction": ""}, {"id": 25, "group": "error", "startSelection": 1574, "endSelection": 1580, "explanation": "Повторение одного и того же слова в разных формах.", "tag": "", "type": "Р.повтор", "subtype": "", "comment": "", "correction": ""}, {"id": 26, "group": "error", "startSelection": 1597, "endSelection": 1636, "explanation": "Лучше обойтись без «оба» («примеры дополняют друг друга») или вообще использовать прилагательное «взаимодополняющие».", "tag": "", "type": "Р.ЛИШН", "subtype": null, "comment": "", "correction": ""}, {"id": 27, "group": "error", "startSelection": 1638, "endSelection": 1646, "explanation": "Повторение одинаковых и однокоренных слов.", "tag": "", "type": "Р.тавт", "subtype": "", "comment": "", "correction": ""}, {"id": 28, "group": "error", "startSelection": 1691, "endSelection": 1697, "explanation": "Повторение одного и того же слова в разных формах.", "tag": "", "type": "Р.повтор", "subtype": "", "comment": "", "correction": ""}, {"id": 29, "group": "error", "startSelection": 1713, "endSelection": 1718, "explanation": "Повторение одного и того же слова в разных формах.", "tag": "", "type": "Р.повтор", "subtype": "", "comment": "", "correction": ""}, {"id": 30, "group": "error", "startSelection": 1720, "endSelection": 1743, "explanation": "Рассуждать можно «о чем-то», но не «над чем-то».", "tag": "", "type": "Г.УПР", "subtype": null, "comment": "", "correction": ""}, {"id": 31, "group": "error", "startSelection": 1752, "endSelection": 1758, "explanation": "Повторение одного и того же слова в разных формах.", "tag": "", "type": "Р.повтор", "subtype": "", "comment": "", "correction": ""}, {"id": 32, "group": "error", "startSelection": 1762, "endSelection": 1770, "explanation": "Повторение одного и того же слова.", "tag": "", "type": "Р.повтор", "subtype": "", "comment": "", "correction": ""}, {"id": 33, "group": "error", "startSelection": 1817, "endSelection": 1823, "explanation": "Повторение одного и того же слова в разных формах.", "tag": "", "type": "Р.повтор", "subtype": "", "comment": "", "correction": ""}, {"id": 34, "group": "error", "startSelection": 1837, "endSelection": 1842, "explanation": "Повторение одного и того же слова в разных формах.", "tag": "", "type": "Р.повтор", "subtype": "", "comment": "", "correction": ""}, {"id": 35, "group": "error", "startSelection": 1843, "endSelection": 1851, "explanation": "Повторение одного и того же слова.", "tag": "", "type": "Р.повтор", "subtype": "", "comment": "", "correction": ""}, {"id": 36, "group": "error", "startSelection": 1860, "endSelection": 1866, "explanation": "Повторение одного и того же слова в разных формах.", "tag": "", "type": "Р.повтор", "subtype": "", "comment": "", "correction": ""}, {"id": 37, "group": "error", "startSelection": 2054, "endSelection": 2060, "explanation": "Повторение одного и того же слова в разных формах.", "tag": "", "type": "Р.повтор", "subtype": "", "comment": "", "correction": ""}, {"id": 38, "group": "error", "startSelection": 2111, "endSelection": 2117, "explanation": "Повторение одного и того же слова в разных формах.", "tag": "", "type": "Р.повтор", "subtype": "", "comment": "", "correction": ""}, {"id": 39, "group": "error", "startSelection": 2223, "endSelection": 2236, "explanation": "Повторение однокоренных слов.", "tag": "", "type": "Р.тавт", "subtype": "", "comment": "", "correction": ""}, {"id": 40, "group": "error", "startSelection": 2259, "endSelection": 2268, "explanation": "Повторение однокоренных слов.", "tag": "", "type": "Р.тавт", "subtype": "", "comment": "", "correction": ""}, {"id": 41, "group": "error", "startSelection": 2269, "endSelection": 2276, "explanation": "Повторение одного и того же слова в разных формах.", "tag": "", "type": "Р.повтор", "subtype": "", "comment": "", "correction": ""}, {"id": 42, "group": "error", "startSelection": 2325, "endSelection": 2333, "explanation": "Повторение одного и того же слова в разных формах.", "tag": "", "type": "Р.повтор", "subtype": "", "comment": "", "correction": ""}, {"id": 43, "group": "error", "startSelection": 2443, "endSelection": 2448, "explanation": "Повторение одного и того же слова в разных формах.", "tag": "", "type": "Р.повтор", "subtype": "", "comment": "", "correction": ""}, {"id": 44, "group": "error", "startSelection": 2500, "endSelection": 2505, "explanation": "Повторение одинаковых и однокоренных слов.", "tag": "", "type": "Р.тавт", "subtype": "", "comment": "", "correction": ""}, {"id": 45, "group": "error", "startSelection": 2532, "endSelection": 2536, "explanation": "Повторение одного и того же слова в разных формах.", "tag": "", "type": "Р.повтор", "subtype": "", "comment": "", "correction": ""}, {"id": 46, "group": "error", "startSelection": 2676, "endSelection": 2680, "explanation": "Повторение одинаковых и однокоренных слов.", "tag": "", "type": "Р.повтор", "subtype": "", "comment": "", "correction": ""}, {"id": 47, "group": "error", "startSelection": 2699, "endSelection": 2703, "explanation": "Повторение одинаковых и однокоренных слов.", "tag": "", "type": "Р.повтор", "subtype": "", "comment": "", "correction": ""}, {"id": 48, "group": "error", "startSelection": 2729, "endSelection": 2737, "explanation": "Повторение одинаковых и однокоренных слов.", "tag": "", "type": "Р.тавт", "subtype": "", "comment": "", "correction": ""}, {"id": 49, "group": "error", "startSelection": 2781, "endSelection": 2784, "explanation": "Повторение одинаковых и однокоренных слов.", "tag": "", "type": "Р.тавт", "subtype": "", "comment": "", "correction": ""}, {"id": 50, "group": "error", "startSelection": 2849, "endSelection": 2863, "explanation": "Повторение одинаковых и однокоренных слов.", "tag": "", "type": "Р.тавт", "subtype": "", "comment": "", "correction": ""}, {"id": 51, "group": "error", "startSelection": 2871, "endSelection": 2878, "explanation": "Повторение одинаковых и однокоренных слов.", "tag": "", "type": "Р.тавт", "subtype": "", "comment": "", "correction": ""}, {"id": 52, "group": "error", "startSelection": 2891, "endSelection": 2897, "explanation": "Повторение одинаковых и однокоренных слов.", "tag": "", "type": "Р.тавт", "subtype": "", "comment": "", "correction": ""}, {"id": 53, "group": "error", "startSelection": 2930, "endSelection": 3082, "explanation": "Предложение сложно для восприятия, так как перегружено глаголами. Попробуйте разбить его на несколько более коротких.", "tag": "message.txt: 3:2", "type": "А.лекс", "subtype": "конт", "comment": "", "correction": ""}, {"id": 54, "group": "error", "startSelection": 2935, "endSelection": 2940, "explanation": "Повторение одинаковых и однокоренных слов.", "tag": "", "type": "Р.тавт", "subtype": "", "comment": "", "correction": ""}, {"id": 55, "group": "error", "startSelection": 3066, "endSelection": 3073, "explanation": "Повторение одинаковых и однокоренных слов.", "tag": "", "type": "Р.тавт", "subtype": "", "comment": "", "correction": ""}, {"id": 57, "group": "meaning", "startSelection": 91, "endSelection": 189, "type": "ПРОБЛЕМА", "subtype": "", "explanation": "", "correction": "", "tag": "", "comment": ""}, {"id": 58, "group": "meaning", "startSelection": 190, "endSelection": 389, "type": "ПРИМЕР", "subtype": "", "explanation": "", "correction": "", "tag": "", "comment": ""}, {"id": 59, "group": "meaning", "startSelection": 390, "endSelection": 481, "type": "ПОЯСНЕНИЕ", "subtype": "", "explanation": "", "correction": "", "tag": "", "comment": ""}, {"id": 60, "group": "meaning", "startSelection": 1105, "endSelection": 1264, "type": "ПРИМЕР", "subtype": "", "explanation": "", "correction": "", "tag": "", "comment": ""}, {"id": 61, "group": "meaning", "startSelection": 1582, "endSelection": 1719, "type": "СВЯЗЬ", "subtype": "", "explanation": "", "correction": "", "tag": "", "comment": ""}, {"id": 62, "group": "meaning", "startSelection": 2014, "endSelection": 2829, "type": "ОТНОШЕНИЕ", "subtype": "", "explanation": "", "correction": "", "tag": "", "comment": ""}]}