{"meta": {"uuid": "b26cec61-3a78-4b68-b0fd-d6666290dea2", "id": "0003233", "name": "0003233_ru_rus_problema_geroizma_noexp.txt", "subject": "rus", "test": "егэ тренировка", "category": "", "year": 2020, "class": "11", "theme": "Проблема героизма (По тексту А. А. Бека)", "taskText": "(1)Вы не раз, вероятно, читали и слышали о массовом героизме в Красной Армии. (2)Это истина, это святые слова. (3)Но знайте: массового героизма не бывает, если нет вожака, если нет того, кто идёт первым. (4)Нелегко поднять людей в атаку, и никто не поднимется, если нет первого, если не встанет один, не пойдёт впереди, увлекая всех.\n(5)Бурнашев поднялся, оторвав себя от земли, исполняя приказ – не только мой, но вместе с тем приказ Родины сыну, – Бурнашев прокричал во всё поле:\n– За Родину! (6)Вперёд!\n(7)И вдруг голос прервался; будто споткнувшись о натянутую под ногами проволоку, Бурнашев с разбегу, с размаху упал. (8)Показалось: он сейчас вскочит, побежит дальше, и все, вынося перед собой штыки, побегут на врага вместе с ними. (9)Но он лежал, раскинув руки, лежал, не поднимаясь. (10)Все смотрели на него, на распластанного в снегу лейтенанта, подкошенного с первых шагов, все чего-то ждали.\n(11)Опять прошла напряжённая секунда. (12)Цепь не поднялась.\n(13)Снова кто-то вскочил, и в пулемётной трескотне взмыли над полем те же слова, тот же призыв. (14)Голос был неестественно высокий, по узенькой малорослой фигуре все узнали красноармейца Букеева. (15)Однако и он, едва ринувшись вперёд, рухнул.\n(16)У меня напружинилось тело, пальцы сгребли снег. (17)Опять истекла секунда. (18)Цепь не поднялась.\n(19)Наши товарищи, сорок–пятьдесят красноармейцев, сумевшие выбрать момент для удара в спину врага, приближались к немцам с другой стороны, которые и там уже открыли пальбу, а мы лежали, по-прежнему пришитые к земле, лежали, обрекая на погибель горстку братьев-смельчаков.\n(20)Каждый из нас, как и я, напружинился, каждый стремился рвануться, вскочить, и никто не вскакивал.\n(21)Да что же это? (22)Неужели мы так и пролежим, так и окажемся трусами, предателями братьев? (23)Неужели не найдётся никого, кто в третий раз стремительно двинулся бы вперёд, увлекая роту?\n(24)И я вдруг ощутил, что взгляды всех устремлены на меня, ощутил, что ко мне, к старшему командиру, к комбату, словно к центральной точке боя, притянуто обострённое внимание: все, чудилось, ждали, что скажет, как поступит комбат. (25)И, отчётливо сознавая, что совершаю безумие, я рванулся вперёд, чтобы подать заразительный пример.\n(26)Но меня тотчас с силой схватил за плечи, вдавил в снег старший политрук Толстунов:\n– Не дури, не смей, комбат!\n(27)Его приятно-грубоватое лицо в один миг переменилось: лицевые мышцы напряглись, окаменели. (28)Он оттолкнулся, чтобы резким движением встать, но теперь я схватил его за руку.\n(29)Командиру надобно знать, что в бою каждое его слово, движение, выражение лица улавливается всеми, действует на всех; надобно знать, что управление боем есть не только управление огнём или передвижениями солдат, но и управление психикой. (30)Конечно, не дело комбата водить роту врукопашную. (31)Я вспомнил всё, чему мы обучались, вспомнил завет Панфилова: «Нельзя воевать грудью пехоты... (32)Береги солдата. (33)Береги действием, огнём...»\n(34)Я крикнул:\n– Частый огонь по пулемётчикам! (35)Прижмите их к земле!\n(36)Бойцы поняли. (37)Теперь наши пули засвистали над головами стреляющих немцев.\n(38)Ага, немецкие пулемётчики исчезли, пропали за щитками. (39)Ага, кого-то мы там подстрелили. (40)Один пулемёт запнулся, перестало выскакивать длинное острое пламя. (41)Я ловил момент, чтобы скомандовать. (42)Но не успел.\n(43)Над цепью разнёсся яростный крик Толстунова:\n– За Родину! (44)Ура-а-а!\n(45)Мы увидели: Толстунов поднялся вместе с пулемётом и побежал, уперев приклад в грудь, стреляя и крича на бегу. (46)Голос Толстунова пропал в рёве других голосов. (47)Бойцы вскакивали.\n(48)С криком они рванулись на врага, они обгоняли Толстунова. (49)Выпустив патроны, Толстунов взялся за горячий ствол пулемёта и поднял над собой тяжёлый приклад, как дубину.\n(50)Немцы не приняли нашего вызова на рукопашный бой, не приняли штыкового удара, их боевой порядок смешался, они бежали от нас. (51)Преследуя врага, мы – наша вторая рота и взвод бойцов, начавший нападением с тыла эту славную контратаку, – мы с разных сторон ворвались в село Новлянское.\n"}, "text": "Герои существовали во все времена жизни человеческого общества. Всегда находились те отважные смельчаки, имевшие в себе силы на борьбу и помощь. Однако не всегда герои действуют обособленно, есть люди, помогающие другим вместе, сообща. Что такое массовый героизм? Эту тему в своем рассказе поднимает Александр Альфредович Бек, русский советский писатель времен 20 века.\nАвтор считает, что не может быть массового героизма при отсутствии главного, вожака. Обязательно должен быть тот, кто возьмет на себя ответственность первого шага, кто поведет за собой большинство людей, кому будут доверять и следовать за каждым его шагом. Но при всей власти командира, на его плечи ложится ноша посильная лишь истинно герою. Командир обязан контролировать каждое свое движение, мимику, от него должна исходить уверенность в своих действиях. Ведь один неосторожный жест может изменить настрой солдат. И в решающий момент не случится действие массового героизма и отваги. В ком-то может поселиться сомнение и удушливый страх.\nПозиция автора заключается в том, что в группе людей обязательно есть лидер, ведущий их за собой, отражающий их общие взгляды, желания, не дающий отступать под натиском различных факторов. Александр Бек передает атмосферу нарастающей решительности перед боем путем отражения чувств командира. При этом автор не забывает и об остальных участниках действа, показывая сплоченность команды, которая важна как никогда.\nС мнением автора я солидарна. Но хотелось бы добавить то, что в группе людей в сложную минуту главным лидером может оказаться любой человек, ощущающий в себе силы на это. Поддержка в критической ситуации может возникнуть там, где ты не ожидаешь.\nВ пример массового героизма можно привести абсолютно все сражения российской армии. Я приведу лишь некоторые. Одно из них — Бородинская битва 1812 года. Тогда героизм проявили все жители Москвы с мала до велика. Партизанские отряды оказывали тайное сопротивление французским войскам. Такое сплочение позволило русским одержать победу над врагом.\nКонечно, говоря о явлении массового героизма, нельзя не отметить Великую Отечественную войну, ставшую ещё одним примером народного единства в опасный момент. Четыре года кровопролитных боев, каторги в тылу, детских слёз… Через все это прошёл русский народ в порыве, буквально, стихийного героизма.\nПодводя итоги, могу сказать, что массовый героизм возникает не на пустом месте. Люди идут на столь рискованный шаг осознанно, когда понимают то, ради чего необходимы такие жертвы. Также совершать героические поступки людей побуждает любовь к Родине.", "fileName": "0003233.json", "selections": [{"id": 0, "group": "error", "startSelection": 94, "endSelection": 103, "explanation": "Разговорное выражение, придающее тексту непринуждённый характер.", "tag": "RAZG.doc -1461748908", "type": "А.лекс", "subtype": "конт", "comment": "", "correction": ""}, {"id": 1, "group": "error", "startSelection": 273, "endSelection": 289, "explanation": "Слово «свой» в контекстах вроде «писатель в своём тексте рассказывает...» избыточно.", "tag": "", "type": "Р.ЛИШН", "subtype": "лишн", "comment": "", "correction": ""}, {"id": 2, "group": "error", "startSelection": 499, "endSelection": 503, "explanation": "Повторение одного и того же слова в разных формах.", "tag": "", "type": "Р.повтор", "subtype": "", "comment": "", "correction": ""}, {"id": 3, "group": "error", "startSelection": 549, "endSelection": 554, "explanation": "Повторение одного и того же слова в разных формах.", "tag": "", "type": "Р.повтор", "subtype": "", "comment": "", "correction": ""}, {"id": 4, "group": "error", "startSelection": 646, "endSelection": 655, "explanation": "Повторение одного и того же слова в разных формах.", "tag": "", "type": "Р.повтор", "subtype": "", "comment": "", "correction": ""}, {"id": 5, "group": "error", "startSelection": 713, "endSelection": 721, "explanation": "Повторение одного и того же слова в разных формах.", "tag": "", "type": "Р.повтор", "subtype": "", "comment": "", "correction": ""}, {"id": 6, "group": "error", "startSelection": 751, "endSelection": 755, "explanation": "Повторение одного и того же слова в разных формах.", "tag": "", "type": "Р.повтор", "subtype": "", "comment": "", "correction": ""}, {"id": 7, "group": "error", "startSelection": 812, "endSelection": 817, "explanation": "Повторение одного и того же слова в разных формах.", "tag": "", "type": "Р.повтор", "subtype": "", "comment": "", "correction": ""}, {"id": 8, "group": "error", "startSelection": 1151, "endSelection": 1157, "explanation": "Повторение однокоренных слов.", "tag": "", "type": "Р.тавт", "subtype": "", "comment": "", "correction": ""}, {"id": 9, "group": "error", "startSelection": 1215, "endSelection": 1223, "explanation": "Повторение однокоренных слов.", "tag": "", "type": "Р.тавт", "subtype": "", "comment": "", "correction": ""}, {"id": 10, "group": "error", "startSelection": 1266, "endSelection": 1270, "explanation": "Повторение однокоренных слов.", "tag": "", "type": "Р.тавт", "subtype": "", "comment": "", "correction": ""}, {"id": 11, "group": "error", "startSelection": 1294, "endSelection": 1303, "explanation": "Повторение однокоренных слов.", "tag": "", "type": "Р.тавт", "subtype": "", "comment": "", "correction": ""}, {"id": 12, "group": "error", "startSelection": 1323, "endSelection": 1331, "explanation": "Повторение однокоренных слов.", "tag": "", "type": "Р.тавт", "subtype": "", "comment": "", "correction": ""}, {"id": 13, "group": "error", "startSelection": 1390, "endSelection": 1397, "explanation": "Повторение однокоренных слов.", "tag": "", "type": "Р.тавт", "subtype": "", "comment": "", "correction": ""}, {"id": 14, "group": "error", "startSelection": 1520, "endSelection": 1535, "explanation": "Выражение избыточно. Англ. leader - глава, руководитель. Опустите лишнее определение.", "tag": "", "type": "А.лекс", "subtype": "конт", "comment": "", "correction": ""}, {"id": 15, "group": "error", "startSelection": 1536, "endSelection": 1541, "explanation": "Повторение одного и того же слова.", "tag": "", "type": "Р.повтор", "subtype": "", "comment": "", "correction": ""}, {"id": 16, "group": "error", "startSelection": 1630, "endSelection": 1635, "explanation": "Повторение одного и того же слова.", "tag": "", "type": "Р.повтор", "subtype": "", "comment": "", "correction": ""}, {"id": 17, "group": "error", "startSelection": 1706, "endSelection": 1714, "explanation": "Повторение одного и того же слова в разных формах.", "tag": "", "type": "Р.повтор", "subtype": "", "comment": "", "correction": ""}, {"id": 18, "group": "error", "startSelection": 1758, "endSelection": 1765, "explanation": "Повторение одного и того же слова в разных формах.", "tag": "", "type": "Р.повтор", "subtype": "", "comment": "", "correction": ""}, {"id": 19, "group": "error", "startSelection": 1866, "endSelection": 1872, "explanation": "", "tag": "REPLACE_p+asf_adv", "type": "А.лекс", "subtype": "конт", "comment": "", "correction": "???"}, {"id": 20, "group": "error", "startSelection": 1868, "endSelection": 1872, "explanation": "Нет существительных, согласующихся с прилагательным {\"мала\"}.", "tag": "message.txt: 2:3", "type": "А.лекс", "subtype": "конт", "comment": "", "correction": ""}, {"id": 21, "group": "error", "startSelection": 2253, "endSelection": 2259, "explanation": "Повторение однокоренных слов.", "tag": "", "type": "Р.тавт", "subtype": "", "comment": "", "correction": ""}, {"id": 22, "group": "error", "startSelection": 2306, "endSelection": 2314, "explanation": "Повторение однокоренных слов.", "tag": "", "type": "Р.повтор", "subtype": "", "comment": "", "correction": ""}, {"id": 23, "group": "error", "startSelection": 2382, "endSelection": 2394, "explanation": "Разговорное выражение, придающее тексту непринужденный характер.", "tag": "RAZGVYR2.doc -840871859", "type": "А.лекс", "subtype": "конт", "comment": "", "correction": ""}, {"id": 24, "group": "error", "startSelection": 2358, "endSelection": 2365, "explanation": "Повторение однокоренных слов.", "tag": "", "type": "Р.повтор", "subtype": "", "comment": "", "correction": ""}, {"id": 25, "group": "error", "startSelection": 2409, "endSelection": 2414, "explanation": "Слово, имеющее эмоциональную окраску и уместное в книжном стиле. Нейтральный аналог - \"настолько, до того\".", "tag": "Ustar.doc -1845280642", "type": "А.лекс", "subtype": "конт", "comment": "", "correction": ""}, {"id": 26, "group": "error", "startSelection": 2396, "endSelection": 2400, "explanation": "Повторение одного и того же слова в разных формах.", "tag": "", "type": "Р.повтор", "subtype": "", "comment": "", "correction": ""}, {"id": 27, "group": "error", "startSelection": 2401, "endSelection": 2405, "explanation": "Повторение однокоренных слов.", "tag": "", "type": "Р.тавт", "subtype": "", "comment": "", "correction": ""}, {"id": 28, "group": "error", "startSelection": 2471, "endSelection": 2481, "explanation": "Повторение однокоренных слов.", "tag": "", "type": "Р.тавт", "subtype": "", "comment": "", "correction": ""}, {"id": 29, "group": "error", "startSelection": 2512, "endSelection": 2523, "explanation": "Повторение однокоренных слов.", "tag": "", "type": "Р.тавт", "subtype": "", "comment": "", "correction": ""}, {"id": 30, "group": "error", "startSelection": 2533, "endSelection": 2538, "explanation": "Повторение одного и того же слова в разных формах.", "tag": "", "type": "Р.повтор", "subtype": "", "comment": "", "correction": ""}, {"id": 32, "group": "meaning", "startSelection": 0, "endSelection": 369, "type": "ПРОБЛЕМА", "subtype": "", "explanation": "", "correction": "", "tag": "", "comment": ""}, {"id": 33, "group": "meaning", "startSelection": 370, "endSelection": 1011, "type": "ПОЗИЦИЯ", "subtype": "", "explanation": "", "correction": "", "tag": "", "comment": ""}, {"id": 34, "group": "meaning", "startSelection": 1012, "endSelection": 1425, "type": "ПОЗИЦИЯ", "subtype": "", "explanation": "", "correction": "", "tag": "", "comment": ""}, {"id": 35, "group": "meaning", "startSelection": 1426, "endSelection": 2565, "type": "ОТНОШЕНИЕ", "subtype": "", "explanation": "", "correction": "", "tag": "", "comment": ""}]}