{"meta": {"uuid": "fae52787-21ea-4e5d-b187-3e494dc05385", "id": "0003183", "name": "0003183_ru_rus_problema_sostradaniya_noexp.txt", "subject": "rus", "test": "егэ тренировка", "category": "", "year": 2020, "class": "11", "theme": "Проблема сострадания (по тексту К.М. Симонова)", "taskText": "(1)Рано утром Лопатин с Ваниным ушли в первую роту. (2)Сабуров остался: он хотел воспользоваться затишьем. (3)Сначала они два часа просидели с Масленниковым за составлением различной военной отчетности, часть которой была действительно необходимой, а часть казалась Сабурову лишней и заведенной только в силу давней мирной привычки ко всякого рода канцелярщине. (4)Потом, когда Масленников ушел, Сабуров сел за отложенное и тяготившее его дело – за ответы на письма, пришедшие к мертвым. (5)Как-то так уже повелось у него почти с самого начала войны, что он брал на себя трудную обязанность отвечать на эти письма. (6)Его сердили люди, которые, когда кто-нибудь погибал в их части, старались как можно дольше не ставить об этом в известность его близких. (7)Эта кажущаяся доброта представлялась ему просто желанием пройти мимо чужого горя, чтобы не причинить боли самому себе.\n(8)«Петенька, милый, – писала жена Парфенова (оказывается, его звали Петей), – мы все без тебя скучаем и ждем, когда кончится война, чтобы ты вернулся… (9)Галочка стала совсем большая и уже ходит сама, и почти не падает…»\n(10)Сабуров внимательно прочел письмо до конца. (11)Оно было недлинное – привет от родных, несколько слов о работе, пожелание поскорее разбить фашистов, в конце две строчки детских каракуль, написанных старшим сыном, и потом несколько нетвердых палочек, сделанных детской рукой, которой водила рука матери, и приписка: «А это написала сама Галочка»…\n(12)Что ответить? (13)Всегда в таких случаях Сабуров знал, что ответить можно только одно: он убит, его нет, – и все-таки всегда он неизменно думал над этим, словно писал ответ в последний раз. (14)Что ответить? (15)В самом деле, что ответить?\n(16)Он вспомнил маленькую фигурку Парфенова, лежавшего навзничь на цементном полу, его бледное лицо и подложенные под голову полевые сумки. (17)Этот человек, который погиб у него в первый же день боев и которого он до этого очень мало знал, был для него товарищем по оружию, одним из многих, слишком многих, которые дрались рядом с ним и погибли рядом с ним, тогда как он сам остался цел. (18)Он привык к этому, привык к войне, и ему было просто сказать себе: вот был Парфенов, он сражался и убит. (19)Но там, в Пензе, на улице Маркса, 24, эти слова – «он убит» – были катастрофой, потерей всех надежд. (20)После этих слов там, на улице Карла Маркса, 24, жена переставала называться женой и становилась вдовой, дети переставали называться просто детьми, – они уже назывались сиротами. (21)Это было не только горе, это была полная перемена жизни, всего будущего. (22)И всегда, когда он писал такие письма, он больше всего боялся, чтобы тому, кто прочтет, не показалось, что ему, писавшему, было легко. (23)Ему хотелось, чтобы тем, кто прочтет, казалось, что это написал их товарищ по горю, человек, так же горюющий, как они, тогда легче прочесть. (24)Может быть, даже не то: не легче, но не так обидно, не так скорбно прочесть…\n(25)Людям иногда нужна ложь, он знал это. (26)Они непременно хотят, чтобы тот, кого они любили, умер героически или, как это пишут, пал смертью храбрых… (27)Они хотят, чтобы он не просто погиб, чтобы он погиб, сделав что-то важное, и они непременно хотят, чтобы он их вспомнил перед смертью.\n(28)И Сабуров, когда отвечал на письма, всегда старался утолить это желание, и, когда нужно было, он лгал, лгал больше или меньше – это была единственная ложь, которая его не смущала. (29)Он взял ручку и, вырвав из блокнота листок, начал писать своим быстрым, размашистым почерком. (30)Он написал о том, как они служили вместе с Парфеновым, как Парфенов героически погиб здесь в ночном бою, в Сталинграде (что было правдой), и как он, прежде чем упасть, сам застрелил трех немцев (что было неправдой), и как он умер на руках у Сабурова, и как он перед смертью вспоминал сына Володю и просил передать ему, чтобы тот помнил об отце.\n(31)Этот человек, который погиб у него в первый же день боев и которого он до этого очень мало знал, был для него товарищем по оружию, одним из многих, слишком многих, которые дрались рядом с ним и погибли рядом с ним, тогда как он сам остался цел. (32)Он привык к этому, привык к войне, и ему было просто сказать себе: вот был Парфенов, он сражался и убит.\n"}, "text": "Какую роль играет в нашей жизни сострадание? Сострадание — это чувство, которое присуще каждому человеку в большей или меньшей степени, оно может быть вызвано абсолютно любыми вещами. Также сострадание — это чувство, которое люди испытывают к другим, а не к себе, оно проявляется в форме определенной заботы и поддержки, что необходима некому человеку в определенный момент. Текст\nК. М. Симонова отражает очень яркий, но жизненный пример.\nСострадание на войне испытывали все. Те, кто отправляли на фронт родных и близких, сострадали всем бойцам, сами же бойцы сострадали людям, что теряли братьев, отцов, сыновей в бою и были вынуждены узнать об этом в сухом письме, где сообщалось, что кто-нибудь очень родной уже мертв. Но каково было товарищам убитого, когда они выводили эти строчки? Некоторые просто максимально отстранялись от этой работы, таких людей презирал герой произведения К. М. Симонова. Персонаж видел в этом внешнем искреннем сострадании его отсутствие вовсе, ведь это ужасно, когда ты ждешь ответа от солдата, а тот всё не приходит. Проще узнать все разом, чем ждать.\nИменно поэтому герой текста К. М. Симонова зачастую был тем, кто писал роковую весточку, что рушила мир её получателя: «После этих слов там, на улице Карла Маркса, 24, жена переставала называться женой и становилась вдовой, дети переставали называться просто детьми,— они уже назывались сиротами. Это было не только горе, это была полная перемена жизни, всего будущего». Персонаж искренне хотел, чтобы те, кто читали, прочувствовали то сострадание, ту жалость и горечь утраты, что он испытывал, выводя слова о смерти товарища: «Ему хотелось, чтобы тем, кто прочтет, казалось, что это написал их товарищ по горю, человек, так же горюющий, как они, тогда легче прочесть...». Именно в этом герой видел искреннее сострадание и поддержку, которые он только мог оказать, а ложь, что он использовал, описывая героическую гибель собрата, коей она не всегда являлась, считал единственной допустимой.\nЭтим текстом автор хотел показать нам всю важность сострадания в жизни людей. Горе не станет меньше, но его будет легче пережить, поделив эмоции на нескольких людей. Очень сложно терпеть испытания судьбы в одиночку.\nИ с этим нельзя не согласиться, потому что «один в поле не воин», будь то действительно бой между людьми или же жизненные удары. Одного человека сломать элементарно, но если будет хоть кто-нибудь, кто поддержит его, человеку обязательно станет чуть легче.\nТаким образом, было бы очень сложно жить без сострадания. Это чувство необходимо, потому что оно проявляется в некой помощи другим, тем, кому она необходима, кому она даст силы идти дальше.", "fileName": "0003183.json", "selections": [{"id": 0, "group": "error", "startSelection": 32, "endSelection": 43, "explanation": "Повторение одного и того же слова.", "tag": "", "type": "Р.повтор", "subtype": "", "comment": "", "correction": ""}, {"id": 1, "group": "error", "startSelection": 45, "endSelection": 56, "explanation": "Повторение одного и того же слова.", "tag": "", "type": "Р.повтор", "subtype": "", "comment": "", "correction": ""}, {"id": 2, "group": "error", "startSelection": 325, "endSelection": 335, "explanation": "Нет существительных, согласующихся с прилагательным {\"необходима\"}.", "tag": "message.txt: 2:3", "type": "А.лекс", "subtype": "конт", "comment": "", "correction": ""}, {"id": 3, "group": "error", "startSelection": 325, "endSelection": 335, "explanation": "", "tag": "REPLACE_adj-a_adj-o", "type": "А.лекс", "subtype": "конт", "comment": "", "correction": "необходимо"}, {"id": 4, "group": "error", "startSelection": 190, "endSelection": 201, "explanation": "Повторение одного и того же слова.", "tag": "", "type": "Р.повтор", "subtype": "", "comment": "", "correction": ""}, {"id": 5, "group": "error", "startSelection": 288, "endSelection": 300, "explanation": "Повторение одного и того же слова в разных формах.", "tag": "", "type": "Р.повтор", "subtype": "", "comment": "", "correction": ""}, {"id": 6, "group": "error", "startSelection": 354, "endSelection": 366, "explanation": "Повторение одного и того же слова в разных формах.", "tag": "", "type": "Р.повтор", "subtype": "", "comment": "", "correction": ""}, {"id": 7, "group": "error", "startSelection": 439, "endSelection": 450, "explanation": "Повторение одинаковых и однокоренных слов.", "tag": "", "type": "Р.тавт", "subtype": "", "comment": "", "correction": ""}, {"id": 8, "group": "error", "startSelection": 522, "endSelection": 532, "explanation": "Повторение одинаковых и однокоренных слов.", "tag": "", "type": "Р.повтор", "subtype": "", "comment": "", "correction": ""}, {"id": 9, "group": "error", "startSelection": 538, "endSelection": 544, "explanation": "Повторение однокоренных слов.", "tag": "", "type": "Р.повтор", "subtype": "", "comment": "", "correction": ""}, {"id": 10, "group": "error", "startSelection": 554, "endSelection": 559, "explanation": "Повторение однокоренных слов.", "tag": "", "type": "Р.повтор", "subtype": "", "comment": "", "correction": ""}, {"id": 11, "group": "error", "startSelection": 560, "endSelection": 570, "explanation": "Повторение одинаковых и однокоренных слов.", "tag": "", "type": "Р.повтор", "subtype": "", "comment": "", "correction": ""}, {"id": 12, "group": "error", "startSelection": 615, "endSelection": 618, "explanation": "Повторение однокоренных слов.", "tag": "", "type": "Р.тавт", "subtype": "", "comment": "", "correction": ""}, {"id": 13, "group": "error", "startSelection": 924, "endSelection": 941, "explanation": "Поменяйте эти прилагательные местами или выберите менее строгий стиль грамматической  проверки. Обычно качественное прилагательное предшествует относительному.", "tag": "message.txt: 3:13", "type": "А.лекс", "subtype": "конт", "comment": "", "correction": "искреннем внешнем"}, {"id": 14, "group": "error", "startSelection": 919, "endSelection": 923, "explanation": "Повторение одного и того же слова в разных формах.", "tag": "", "type": "Р.повтор", "subtype": "", "comment": "", "correction": ""}, {"id": 15, "group": "error", "startSelection": 981, "endSelection": 984, "explanation": "Повторение одного и того же слова в разных формах.", "tag": "", "type": "Р.повтор", "subtype": "", "comment": "", "correction": ""}, {"id": 16, "group": "error", "startSelection": 1002, "endSelection": 1007, "explanation": "Повторение одного и того же слова в разных формах.", "tag": "", "type": "Р.повтор", "subtype": "", "comment": "", "correction": ""}, {"id": 17, "group": "error", "startSelection": 1078, "endSelection": 1083, "explanation": "Повторение одного и того же слова в разных формах.", "tag": "", "type": "Р.повтор", "subtype": "", "comment": "", "correction": ""}, {"id": 18, "group": "error", "startSelection": 1164, "endSelection": 1172, "explanation": "Разговорное выражение, придающее тексту непринуждённый характер.", "tag": "RAZG.doc b66357be0", "type": "А.лекс", "subtype": "конт", "comment": "", "correction": ""}, {"id": 19, "group": "error", "startSelection": 1665, "endSelection": 1668, "explanation": "Повторение одного и того же слова в разных формах.", "tag": "", "type": "Р.повтор", "subtype": "", "comment": "", "correction": ""}, {"id": 20, "group": "error", "startSelection": 1819, "endSelection": 1826, "explanation": "Перед словом {\"которые\"} в пределах 2 слов перед запятой нет согласованных с ним существительных. Исправьте окончание или измените настройку данной опции.", "tag": "message.txt: 2:2", "type": "А.лекс", "subtype": "конт", "comment": "", "correction": ""}, {"id": 21, "group": "error", "startSelection": 1767, "endSelection": 1771, "explanation": "Повторение одного и того же слова в разных формах.", "tag": "", "type": "Р.повтор", "subtype": "", "comment": "", "correction": ""}, {"id": 22, "group": "error", "startSelection": 1981, "endSelection": 1988, "explanation": "", "tag": "REPLACE_текст_тест", "type": "А.лекс", "subtype": "конт", "comment": "", "correction": "тестом"}, {"id": 23, "group": "error", "startSelection": 1976, "endSelection": 1980, "explanation": "Повторение одного и того же слова в разных формах.", "tag": "", "type": "Р.повтор", "subtype": "", "comment": "", "correction": ""}, {"id": 24, "group": "error", "startSelection": 2041, "endSelection": 2046, "explanation": "Повторение однокоренных слов.", "tag": "", "type": "Р.тавт", "subtype": "", "comment": "", "correction": ""}, {"id": 25, "group": "error", "startSelection": 2047, "endSelection": 2052, "explanation": "Повторение одного и того же слова в разных формах.", "tag": "", "type": "Р.повтор", "subtype": "", "comment": "", "correction": ""}, {"id": 26, "group": "error", "startSelection": 2124, "endSelection": 2140, "explanation": "Слово {\"людей\"} должно стоять в том же падеже, что и числительное  {\"нескольких\"}. Несовпадение падежей числительного и существительного придает тексту разговорно-просторечный характер.", "tag": "NUM_ER_A.doc 1832774983", "type": "А.лекс", "subtype": "конт", "comment": "", "correction": ""}, {"id": 27, "group": "error", "startSelection": 2124, "endSelection": 2134, "explanation": "Слово {\"людей\"} должно стоять в том же падеже, что и числительное  {\"нескольких\"}. Несовпадение падежей числительного и существительного придает тексту разговорно-просторечный характер.", "tag": "NUM_ER_A.doc 1832774983", "type": "А.лекс", "subtype": "конт", "comment": "", "correction": ""}, {"id": 28, "group": "error", "startSelection": 2135, "endSelection": 2140, "explanation": "Слово {\"людей\"} должно стоять в том же падеже, что и числительное  {\"нескольких\"}. Несовпадение падежей числительного и существительного придает тексту разговорно-просторечный характер.", "tag": "NUM_ER_A.doc 1832774983", "type": "А.лекс", "subtype": "конт", "comment": "", "correction": ""}, {"id": 29, "group": "error", "startSelection": 2096, "endSelection": 2104, "explanation": "Повторение однокоренных слов.", "tag": "", "type": "Р.тавт", "subtype": "", "comment": "", "correction": ""}, {"id": 30, "group": "error", "startSelection": 2135, "endSelection": 2140, "explanation": "Повторение одного и того же слова в разных формах.", "tag": "", "type": "Р.повтор", "subtype": "", "comment": "", "correction": ""}, {"id": 31, "group": "error", "startSelection": 2182, "endSelection": 2190, "explanation": "Повторение одинаковых и однокоренных слов.", "tag": "", "type": "Р.тавт", "subtype": "", "comment": "", "correction": ""}, {"id": 32, "group": "error", "startSelection": 2236, "endSelection": 2240, "explanation": "Повторение одинаковых и однокоренных слов.", "tag": "", "type": "Р.повтор", "subtype": "", "comment": "", "correction": ""}, {"id": 33, "group": "error", "startSelection": 2243, "endSelection": 2247, "explanation": "Повторение однокоренных слов.", "tag": "", "type": "Р.тавт", "subtype": "", "comment": "", "correction": ""}, {"id": 34, "group": "error", "startSelection": 2290, "endSelection": 2296, "explanation": "Повторение одного и того же слова в разных формах.", "tag": "", "type": "Р.повтор", "subtype": "", "comment": "", "correction": ""}, {"id": 35, "group": "error", "startSelection": 2321, "endSelection": 2327, "explanation": "Повторение одинаковых и однокоренных слов.", "tag": "", "type": "Р.повтор", "subtype": "", "comment": "", "correction": ""}, {"id": 36, "group": "error", "startSelection": 2337, "endSelection": 2344, "explanation": "Повторение однокоренных слов.", "tag": "", "type": "Р.тавт", "subtype": "", "comment": "", "correction": ""}, {"id": 37, "group": "error", "startSelection": 2518, "endSelection": 2528, "explanation": "Повторение однокоренных слов.", "tag": "", "type": "Р.повтор", "subtype": "", "comment": "", "correction": ""}, {"id": 38, "group": "error", "startSelection": 2585, "endSelection": 2589, "explanation": "Повторение одного и того же слова.", "tag": "", "type": "Р.повтор", "subtype": "", "comment": "", "correction": ""}, {"id": 39, "group": "error", "startSelection": 2594, "endSelection": 2604, "explanation": "Повторение однокоренных слов.", "tag": "", "type": "Р.повтор", "subtype": "", "comment": "", "correction": ""}, {"id": 40, "group": "error", "startSelection": 2606, "endSelection": 2610, "explanation": "Повторение одного и того же слова.", "tag": "", "type": "Р.повтор", "subtype": "", "comment": "", "correction": ""}, {"id": 41, "group": "error", "startSelection": 2625, "endSelection": 2629, "explanation": "Повторение однокоренных слов.", "tag": "", "type": "Р.тавт", "subtype": "", "comment": "", "correction": ""}, {"id": 43, "group": "meaning", "startSelection": 45, "endSelection": 374, "type": "ПРОБЛЕМА", "subtype": "", "explanation": "", "correction": "", "tag": "", "comment": ""}, {"id": 44, "group": "meaning", "startSelection": 439, "endSelection": 1084, "type": "ПОЯСНЕНИЕ", "subtype": "", "explanation": "", "correction": "", "tag": "", "comment": ""}, {"id": 45, "group": "meaning", "startSelection": 1085, "endSelection": 1455, "type": "ПРИМЕР", "subtype": "", "explanation": "", "correction": "", "tag": "", "comment": ""}, {"id": 46, "group": "meaning", "startSelection": 1456, "endSelection": 1975, "type": "ПРИМЕР", "subtype": "", "explanation": "", "correction": "", "tag": "", "comment": ""}, {"id": 47, "group": "meaning", "startSelection": 2192, "endSelection": 2447, "type": "ОТНОШЕНИЕ", "subtype": "", "explanation": "", "correction": "", "tag": "", "comment": ""}]}