{"meta": {"uuid": "1498fbe4-f43b-4b0c-bfec-3a7655b373d2", "id": "0003025", "name": "0003025_ru_rus_problema_materinskoy_lyubvi_noexp.txt", "subject": "rus", "test": "егэ тренировка", "category": "", "year": 2020, "class": "11", "theme": "Проблема материнской любви (по тексту Д. М. Холендро)", "taskText": "Вчера я писал маме: «Пришли мне, пожалуйста, халвы…»\nМосковской халвы с орехами. Ее продавали недалеко от дома, по дороге в библиотеку-читальню имени Толстого, где просижено столько долгих и незаметных вечеров. Синие галки за окнами сливались с небом, зажигались уличные фонари… А подальше была почта, откуда мама отправляла посылки, неумело забивая гвоздики в ящик, всегда вкось, так что острые кончики их обязательно вылезали из боковых стенок, и я боялся, не оцарапала ли она себе руки. Пальцы не слушались ее из-за старого ревматизма: пока обстирает шестерых детей — часами руки в воде. Теперь нас стало меньше вокруг нее. Дети растут долго, а уходят быстро…\nИз разных мест на адрес, спрятанный под номером почты, присылали мармелад, колбасу, клюквенное варенье в банках, пряники на меду — блестки лакомств, украшающих могучую каждодневность гороховых супов и пшенных каш. Посылки прибывали раз в пять дней, по строгому расписанию, составленному нами с учетом расстояний от Москвы, от среднерусской речки Цны, от деревни Манухино в ржаных полях… Вчера мы выворачивали ящики на голый стол, всем расчетом первого орудия третьей батареи садились вокруг и съедали очередные гостинцы в один присест. Правда, никогда не садился с нами Федор Лушин, хотя изредка брал увольнительную за посылкой и приносил с почты фанерный ящик, перевязанный шпагатом с сургучными печатями. Федор аккуратно поддевал крышку лезвием грубого карманного ножа и прятал содержимое в головах под матрас. Он молчал, его никто не трогал, кроме Эдьки Музыря, который пересчитывал нас за столом, охватывая глазами посылочные дары и тыча в грудь каждого длинным и острым пальцем. Вдруг он останавливался и вопил:\n— Опять нет этого жмота Лушина?\nЭдька срывался и бежал искать Федора, а если находил, то орал на всю казарму:\n— Жмот! Иди живо за стол! Держи свое дерьмо под подушкой, а с нами садись, пируй! Не омрачай души беспечной!\nМы вразумляли Эдьку, чтобы он оставил Лушина в покое, но Эдька не вразумлялся, и хозяин перочинного ножа Сапрыкин заключал коротко и бесповоротно:\n— Псих\nМы остались со старшиной на боковой дороге. Повернут ли сюда немцы? Боковых дорог много, рассыпаться по всем — не хватит немцев… Гаубица остыла от дневного зноя, и было приятно приложить к ее холодному телу распаленную щеку, сидя на лафете. Ястреб спал, положив голову на ребро щита, как собака, я держал поводья уздечки в руке, сказав старшине:\n— И вы спите.\n— Не получится.\n— Никогда не думал, что героическое на войне — это не спать ночь за ночью. Наверно, легче подкрасться к врагу и бросить гранату.\n— Один раз подкрасться легче, — ответил старшина. — А придется много. Эта война… Это такая война…\nОн замолчал, ища слов.\n— Какая? — спросил я, уже боясь, что он забыл про меня.\n— Ответственная… Героическое — это… Как тебе сказать, Прохоров… Уж очень вы умные, просто скажешь — не поймете… Это — чтобы не завоевали тебя… Год, два, больше… Никогда… Не за город сражение… Отечество, Прохоров!\n— Понятно.\n— И героев должно быть много.\n— У нас хороший командир.\n— И бойцы хорошие. Еще не герои, конечно, но…\n— Мы мало воевали.\n— Вот чего жалко…\n— Жалко, что мы мало знали друг друга. Казалось, все знали, а не все… Лушин! Прятал под подушку посылки, а теперь всех кормит.\n— Ему мать в посылках присылала сухари, — сказал старшина. — Покажи вам — посмеетесь над ней. Мать обидишь. Он просил: не надо, мать. Я писал ей, спасибо, Анастасия Ивановна, в нашей армии хорошо кормят, полное меню сообщал, а она — опять сухари!\n— Неграмотная?\n— Ей читали! Может, просто от любви посылала, Прохоров? Пошлет — и легче. Первый-то месяц он ее закидывал письмами — и то, и то пришли, чтобы, значит, с вами пировать. А где она возьмет то и то? И давай она сушить Федору сухари. А он их прятал и скармливал по ночам.\n— Кому?\n— Коням.\nКак давно это было, когда мы весело отрывали от посылочных ящиков фанерки, старательно исписанные руками матерей, и шумели, высыпая лакомства на батарейный стол, и смеялись над Лушиным, который всегда уходил на это время.\n— Хочешь сухарика? — спросил меня старшина.\nМы грызли сухари, а ночь спала над степью вместо нас. Мерцая звездами, ночь тянулась длинно и тихо, пока не впечатались в нее торопливые шаги.\n"}, "text": "В поле зрения русского писателя ХХ века Д. М. Холендро находится проблема материнской любви, вечной, как сама жизнь.\nАвтор вспоминает о том, как мать посылала в воинскую часть посылки и как заколачивала гвоздики больными от «старого ревматизма» пальцами. В их части служил солдат, мать которого не могла послать что-нибудь вкусное, только сухари.\nАвтор хотел сказать, что материнская забота никогда не иссякает. Мать всегда беспокоится о детях, даже если они уже повзрослели. Она отдаст всё, что у неё есть. Мать не может оставить сына-солдата без посылки. Если у неё нет возможности послать сладости, она делится тем, что у неё есть.\nЯ думаю, что автор прав. Действительно, матери отдадут последнее, а сами могут остаться голодными.\nО том, что материнская любовь сильная, прочная и вечная, сказано немало многими известными личностями. О судьбе крестьянской матери Корчагиной Матрёны Тимофеевны писал Н. А. Некрасов в поэме «Кому на Руси жить хорошо». Когда умер сынок Демушка, Матрёна Тимофеевна и день и ночь находилась у могилки и молилась. Она всегда защищала своих детей: «За них горой стояла я…». Однажды странница-богомолка потребовала, чтобы женщины по постным дням не кормили детей грудью. Матрена Тимофеевна не послушалась её. Она считала, что ребенок перед Богом ни в чем не виноват. Другого сынка её — восьмилетнего Федотушку — отдали в подпаски. Он пожалел волчицу, потому что она была очень худая. Мальчик понял, что у неё есть детёныши и не стал отбирать у неё овцу. Матрена Тимофеевна просила защиты у помещика, и тот простил мальчика, а мать наказали плетьми. Когда Федот уходил, она сказала ему, чтобы он не оглядывался, а то она осердится на него. Так мать защитила от физического истязания сына.\nВ романе А. М. Горького «Мать» рассказывается, как Пелагея Ниловна Власова узнала, что сын Павел стал революционером. Участники революционного кружка собирались в их доме. Мать знала о них многое. Ниловна гордилась сыном и одновременно боялась за него. Когда пришли жандармы для обыска, она всеми силами старалась подавить страх. Она помогала сыну: отнесла записку в газету, чтобы статья о положении рабочих попала в номер, сама предложила помощь в распространении листовок. Ниловна начинала понимать, что их с сыном объединяло не только кровное родство, но и общая идея — забота о рабочих. Она не оставляла сына в трудные моменты: вместе с ним была на первомайской демонстрации и поддерживала знамя, ходила к нему в тюрьму, присутствовала на суде. Она обещала сыну и его девушке, что приедет к ним на поселение и поможет нянчить детей. Отважная женщина, она распространяла листовки с речью сына на суде. Мать, идущая вместе с сыном по дороге правды, — мать-героиня. О такой героической и самоотверженной любви и хотел сказать М. Горький.\nИтак, неиссякаемая любовь матери помогает нам жить. Ради детей мать может жертвовать покоем, здоровьем, жизнью. Беззаветная повседневная материнская любовь в большей степени, чем что-либо, бережёт нас.", "fileName": "0003025.json", "selections": [{"id": 0, "group": "error", "startSelection": 150, "endSelection": 158, "explanation": "Повторение однокоренных слов.", "tag": "", "type": "Р.тавт", "subtype": "", "comment": "", "correction": ""}, {"id": 1, "group": "error", "startSelection": 176, "endSelection": 183, "explanation": "Повторение однокоренных слов.", "tag": "", "type": "Р.тавт", "subtype": "", "comment": "", "correction": ""}, {"id": 2, "group": "error", "startSelection": 304, "endSelection": 311, "explanation": "Повторение однокоренных слов.", "tag": "", "type": "Р.тавт", "subtype": "", "comment": "", "correction": ""}, {"id": 3, "group": "error", "startSelection": 516, "endSelection": 521, "explanation": "Повторение однокоренных слов.", "tag": "", "type": "Р.тавт", "subtype": "", "comment": "", "correction": ""}, {"id": 4, "group": "error", "startSelection": 548, "endSelection": 555, "explanation": "Повторение однокоренных слов.", "tag": "", "type": "Р.тавт", "subtype": "", "comment": "", "correction": ""}, {"id": 5, "group": "error", "startSelection": 572, "endSelection": 583, "explanation": "Повторение однокоренных слов.", "tag": "", "type": "Р.тавт", "subtype": "", "comment": "", "correction": ""}, {"id": 6, "group": "error", "startSelection": 584, "endSelection": 591, "explanation": "Повторение однокоренных слов.", "tag": "", "type": "Р.тавт", "subtype": "", "comment": "", "correction": ""}, {"id": 7, "group": "error", "startSelection": 690, "endSelection": 699, "explanation": "Нет существительных, согласующихся с прилагательным {\"последнее\"}.", "tag": "message.txt: 2:3", "type": "А.лекс", "subtype": "конт", "comment": "", "correction": ""}, {"id": 8, "group": "error", "startSelection": 708, "endSelection": 713, "explanation": "Повторение однокоренных слов.", "tag": "", "type": "Р.тавт", "subtype": "", "comment": "", "correction": ""}, {"id": 9, "group": "error", "startSelection": 1082, "endSelection": 1085, "explanation": "", "tag": "REPLACE_ней_ей", "type": "А.лекс", "subtype": "конт", "comment": "", "correction": "их"}, {"id": 10, "group": "error", "startSelection": 1112, "endSelection": 1131, "explanation": "Устаревшее слово. В современном тексте оно имеет архаический характер.", "tag": "Ustar.doc -1519524956", "type": "А.лекс", "subtype": "конт", "comment": "", "correction": ""}, {"id": 11, "group": "error", "startSelection": 1304, "endSelection": 1309, "explanation": "Просторечное выражение, не свойственное литературной речи.", "tag": "PROST.doc 1374238268", "type": "А.лекс", "subtype": "конт", "comment": "", "correction": ""}, {"id": 12, "group": "error", "startSelection": 1649, "endSelection": 1658, "explanation": "Устаревшее слово. В современном тексте оно, вероятнее всего, имеет просторечный оттенок.", "tag": "Ustar.doc 1750631665", "type": "А.лекс", "subtype": "конт", "comment": "", "correction": ""}, {"id": 13, "group": "error", "startSelection": 1711, "endSelection": 1715, "explanation": "Повторение одного и того же слова в разных формах.", "tag": "", "type": "Р.повтор", "subtype": "", "comment": "", "correction": ""}, {"id": 14, "group": "error", "startSelection": 1804, "endSelection": 1807, "explanation": "Повторение одного и того же слова в разных формах.", "tag": "", "type": "Р.повтор", "subtype": "", "comment": "", "correction": ""}, {"id": 15, "group": "error", "startSelection": 1819, "endSelection": 1833, "explanation": "Повторение однокоренных слов.", "tag": "", "type": "Р.тавт", "subtype": "", "comment": "", "correction": ""}, {"id": 16, "group": "error", "startSelection": 1845, "endSelection": 1859, "explanation": "Повторение однокоренных слов.", "tag": "", "type": "Р.тавт", "subtype": "", "comment": "", "correction": ""}, {"id": 17, "group": "error", "startSelection": 1932, "endSelection": 1937, "explanation": "Повторение одного и того же слова в разных формах.", "tag": "", "type": "Р.повтор", "subtype": "", "comment": "", "correction": ""}, {"id": 18, "group": "error", "startSelection": 2060, "endSelection": 2064, "explanation": "Повторение одного и того же слова в разных формах.", "tag": "", "type": "Р.повтор", "subtype": "", "comment": "", "correction": ""}, {"id": 19, "group": "error", "startSelection": 2107, "endSelection": 2116, "explanation": "Повторение однокоренных слов.", "tag": "", "type": "Р.тавт", "subtype": "", "comment": "", "correction": ""}, {"id": 20, "group": "error", "startSelection": 2146, "endSelection": 2156, "explanation": "Повторение однокоренных слов.", "tag": "", "type": "Р.тавт", "subtype": "", "comment": "", "correction": ""}, {"id": 21, "group": "error", "startSelection": 2228, "endSelection": 2233, "explanation": "Повторение одного и того же слова в разных формах.", "tag": "", "type": "Р.повтор", "subtype": "", "comment": "", "correction": ""}, {"id": 22, "group": "error", "startSelection": 2325, "endSelection": 2329, "explanation": "Повторение одного и того же слова в разных формах.", "tag": "", "type": "Р.повтор", "subtype": "", "comment": "", "correction": ""}, {"id": 23, "group": "error", "startSelection": 2478, "endSelection": 2482, "explanation": "Повторение одного и того же слова в разных формах.", "tag": "", "type": "Р.повтор", "subtype": "", "comment": "", "correction": ""}, {"id": 24, "group": "error", "startSelection": 2608, "endSelection": 2612, "explanation": "Повторение одного и того же слова в разных формах.", "tag": "", "type": "Р.повтор", "subtype": "", "comment": "", "correction": ""}, {"id": 25, "group": "error", "startSelection": 2644, "endSelection": 2649, "explanation": "Повторение одного и того же слова в разных формах.", "tag": "", "type": "Р.повтор", "subtype": "", "comment": "", "correction": ""}, {"id": 26, "group": "error", "startSelection": 2692, "endSelection": 2703, "explanation": "Повторение однокоренных слов.", "tag": "", "type": "Р.тавт", "subtype": "", "comment": "", "correction": ""}, {"id": 27, "group": "error", "startSelection": 2789, "endSelection": 2797, "explanation": "Повторение однокоренных слов.", "tag": "", "type": "Р.тавт", "subtype": "", "comment": "", "correction": ""}, {"id": 28, "group": "error", "startSelection": 2802, "endSelection": 2806, "explanation": "Повторение однокоренных слов.", "tag": "", "type": "Р.тавт", "subtype": "", "comment": "", "correction": ""}, {"id": 29, "group": "error", "startSelection": 2824, "endSelection": 2829, "explanation": "Повторение однокоренных слов.", "tag": "", "type": "Р.тавт", "subtype": "", "comment": "", "correction": ""}, {"id": 30, "group": "error", "startSelection": 2860, "endSelection": 2866, "explanation": "Повторение однокоренных слов.", "tag": "", "type": "Р.тавт", "subtype": "", "comment": "", "correction": ""}, {"id": 32, "group": "meaning", "startSelection": 0, "endSelection": 116, "type": "ПРОБЛЕМА", "subtype": "", "explanation": "", "correction": "", "tag": "", "comment": ""}, {"id": 33, "group": "meaning", "startSelection": 117, "endSelection": 254, "type": "ПРИМЕР", "subtype": "", "explanation": "", "correction": "", "tag": "", "comment": ""}, {"id": 34, "group": "meaning", "startSelection": 255, "endSelection": 346, "type": "ПОЯСНЕНИЕ", "subtype": "", "explanation": "", "correction": "", "tag": "", "comment": ""}, {"id": 35, "group": "meaning", "startSelection": 347, "endSelection": 634, "type": "ПОЗИЦИЯ", "subtype": "", "explanation": "", "correction": "", "tag": "", "comment": ""}, {"id": 36, "group": "meaning", "startSelection": 734, "endSelection": 1199, "type": "ПРИМЕР", "subtype": "", "explanation": "", "correction": "", "tag": "", "comment": ""}, {"id": 37, "group": "meaning", "startSelection": 1200, "endSelection": 1237, "type": "ПОЯСНЕНИЕ", "subtype": "", "explanation": "", "correction": "", "tag": "", "comment": ""}, {"id": 38, "group": "meaning", "startSelection": 1238, "endSelection": 1716, "type": "ПОЗИЦИЯ", "subtype": "", "explanation": "", "correction": "", "tag": "", "comment": ""}, {"id": 39, "group": "meaning", "startSelection": 2756, "endSelection": 2957, "type": "ОТНОШЕНИЕ", "subtype": "", "explanation": "", "correction": "", "tag": "", "comment": ""}]}