{"meta": {"uuid": "635eadcc-ee7b-4298-847a-44170f0b4b7e", "id": "0003101", "name": "0003101_ru_rus_problema_roli_uchitelya_v_sudbe_svoih_uchenikov_noexp.txt", "subject": "rus", "test": "егэ тренировка", "category": "", "year": 2020, "class": "11", "theme": "Проблема роли учителя в судьбе своих учеников (По тексту Е.А. Лаптева)", "taskText": "(1)В одной из недавних телепередач, где велась бурная дискуссия о проблемах современного образования, модная телезвезда разразилась гневной тирадой в адрес учителей. (2)По её твёрдому убеждению, все они – это люди несостоявшиеся, неудачники, проигравшие борьбу за успех, они пришли в школу единственно для того, чтобы отомстить бедным детям за свою сломанную судьбу. (3)Признаюсь: меня, человека уже пожилого, выросшего в послевоенные годы, эти слова ошеломили, будто бы какой-то нечестивец посмел принародно надругаться над святыней. (4)В первый момент мне показалось, что происходящее – сцена из какого-то фильма и телезвезда просто-напросто играет отрицательную роль. (5)Но, к сожалению, это был не фильм, и, к ещё большему сожалению, почему-то никто из публики не счёл возможным сказать хоть слово в защиту учителей.\n(6)...Шёл апрель 1947 года. (7)Мы, разлучённые войной со своими отцами, росли без царя в голове, не признавая ни законов, ни правил.\n(8)Голод, постоянные лишения, суровые жизненные условия – всё это наложило свой отпечаток на наши характеры. (9)Тогда считалось нормальным всячески показывать своё пренебрежение к учителям, и чем более дерзко ты себя вёл, тем больше тебя уважали в мальчишеской компании.\n(10)Учитель физики Иван Васильевич Матвеев пришёл к нам в седьмой класс. (11)Ходил он медленно, с усилием опираясь на палочку, и когда нечаянно задевал раненой ногой угол парты, то лицо чуть заметно вздрагивало от боли.\n(12)В конце месяца он, получив расчёт, возвращался с работы. (13)Его встретила местная шпана, чтобы отобрать деньги. (14)Учитель, невысокий крепыш, переложил палочку из правой руки в левую, затем двумя пальцами – указательным и средним – легонько стукнул главаря по верхней губе. (15)Тот рухнул на землю, учитель посмотрел на оцепеневших разбойников и поковылял дальше. (16)Весть о том, что учитель шутя расшвырял целую банду, моментально разнеслась по всему городку, а поскольку Иван Васильевич вёл физику в нашем классе, то все семиклассники в той или иной мере считали себя сопричастными этому подвигу. (17)Мы даже освоили несколько характерных жестов своего учителя, говорить стали медленно, протяжно, видом своим показывая, что учитель поделился с нами секретными приёмами и теперь не приведи Бог кому-нибудь нас обидеть.\n(18)Однажды я увидел, как Иван Васильевич, спускаясь со школьного крыльца, подал руку идущей следом учительнице математики. (19)Та смущённо покраснела и поблагодарила физика. (20)В тот же день, повинуясь безотчётному желанию во всём походить на учителя, я подал руку своей маме, когда она переходила по шаткой лесенке через теплотрассу. (21)Мама удивлённо улыбнулась, потом обняла меня и сказала, ласково глядя повлажневшими глазами: «Спасибо, милый! (22)Ты у меня уже совсем большой!»\n(23)Стараясь казаться взрослыми, табаком мы начали баловаться чуть ли не с шести лет. (24)Но когда поняли, что наш учитель не курит, многие, в том числе и я, оставили эту вредную привычку. (25)Как-то раз Петька Фёдоров ругнулся матом – дело обычное для нас. (26)Иван Васильевич, услышав неприличное слово, шёпотом сказал Петьке:\n(27)– Это называется мужская слабость.\n(28)С той поры я старательно избегал нецензурных слов в своей речи...\n(29)Мысленно оглядываясь на прожитые годы, я понимаю, как много правильного, мудрого и необходимого подарил мне этот великий человек. (30)Даже сегодня мне ещё хочется держаться за его крепкую руку, которая ведёт меня по дороге жизни.\n"}, "text": "Какова роль учителя в судьбе своих учеников? Этот вопрос для анализа текста ставит Евгений Александрович Лаптев, писатель-публицист.\nЧтобы привлечь внимание к проблеме, автор прибегает к сравнению современного мнения об учителе и своих воспоминаний. Евгений Лаптев повествует о модной телезвезде, которая “разразилась гневной тирадой”, уверяя окружающих в том, что единственная цель учителей - “отомстить бедным детям за свою сломанную судьбу”. При этом никто не счел необходимым опровергнуть ее точку зрения и возразить. Этот пример свидетельствует о том, что в современном обществе люди обесценивают тяжелый и очень важный труд учителей. Однако совсем иначе выглядит повествование автора о своем учителе. Иван Васильевич Матвеев, учитель физики, оказался способен наставить на верный путь своих учеников, росших “без царя в голове, не признавая ни законов, ни правил”, без отцов. Его авторитетное мнение оказало на них значительное влияние в тяжелые послевоенные годы, он всегда был для детей примером, подарил “много правильного, мудрого и необходимого”. Эти слова доказывают, что учитель способен оставить в душе глубокий отпечаток, который с годами способен осознаваться и цениться все больше. Оба примера доказывают, что несмотря на современное обесценивание роли учителя эта профессия дается людям свыше, становится их призванием, потому является огромной ценностью, которая передается ученикам от всего сердца.\nПозиция автора заключается в том, что учитель - великий человек, который делится своим даром. Он способен повлиять на ребенка, вести своего ученика по дороге жизни, крепко держа за руку.\nТрудно не согласиться с мнением Е. А. Лаптева, ведь у каждого из нас есть учителя, которые останутся в памяти как люди, которые помогли в трудную минуту, не только научили решать сложные математические задачи, но и стали наставниками по жизни.\nНапример, в произведении В. Г. Распутина “Уроки французского” учитель, Лидия Михайловна, помогала сельскому мальчику, передавала ему посылки с продуктами, приглашала его на дополнительные занятия, где играла с ним на деньги, потому что иначе он их не принимал. Она преподавала ему не только французский язык, но еще и уроки доброты, участия и сочувствия.\nПрочитав текст, понимаешь, что цель автора заключалась в том, чтобы напомнить о важности роли учителя, наставника в жизни. И это стремление определяет глубину и силу авторского воззвания. Недаром В. Г. Белинский говорил: “Как важен, велик и священен сан воспитателя: в его руках участь целой жизни человека”. Думаю, это важно осознавать всем.", "fileName": "0003101.json", "selections": [{"id": 0, "group": "error", "startSelection": 692, "endSelection": 697, "explanation": "Повторение одного и того же слова в разных формах.", "tag": "", "type": "Р.повтор", "subtype": "", "comment": "", "correction": ""}, {"id": 1, "group": "error", "startSelection": 815, "endSelection": 832, "explanation": "Разговорное выражение, придающее тексту непринужденный характер.", "tag": "RAZGVYR2.doc -2014044001", "type": "А.лекс", "subtype": "конт", "comment": "", "correction": ""}, {"id": 2, "group": "error", "startSelection": 791, "endSelection": 796, "explanation": "Повторение одного и того же слова в разных формах.", "tag": "", "type": "Р.повтор", "subtype": "", "comment": "", "correction": ""}, {"id": 3, "group": "error", "startSelection": 1068, "endSelection": 1078, "explanation": "Повторение одного и того же слова.", "tag": "", "type": "Р.повтор", "subtype": "", "comment": "", "correction": ""}, {"id": 4, "group": "error", "startSelection": 1084, "endSelection": 1091, "explanation": "Повторение одинаковых и однокоренных слов.", "tag": "", "type": "Р.тавт", "subtype": "", "comment": "", "correction": ""}, {"id": 5, "group": "error", "startSelection": 1092, "endSelection": 1100, "explanation": "Повторение одного и того же слова.", "tag": "", "type": "Р.повтор", "subtype": "", "comment": "", "correction": ""}, {"id": 6, "group": "error", "startSelection": 1154, "endSelection": 1162, "explanation": "Повторение одного и того же слова.", "tag": "", "type": "Р.повтор", "subtype": "", "comment": "", "correction": ""}, {"id": 7, "group": "error", "startSelection": 1178, "endSelection": 1186, "explanation": "Повторение однокоренных слов.", "tag": "", "type": "Р.тавт", "subtype": "", "comment": "", "correction": ""}, {"id": 8, "group": "error", "startSelection": 1211, "endSelection": 1221, "explanation": "Повторение одного и того же слова.", "tag": "", "type": "Р.повтор", "subtype": "", "comment": "", "correction": ""}, {"id": 9, "group": "error", "startSelection": 1251, "endSelection": 1264, "explanation": "Повторение однокоренных слов.", "tag": "", "type": "Р.тавт", "subtype": "", "comment": "", "correction": ""}, {"id": 10, "group": "error", "startSelection": 1270, "endSelection": 1277, "explanation": "Повторение одинаковых и однокоренных слов.", "tag": "", "type": "Р.тавт", "subtype": "", "comment": "", "correction": ""}, {"id": 11, "group": "error", "startSelection": 1292, "endSelection": 1298, "explanation": "Повторение однокоренных слов.", "tag": "", "type": "Р.тавт", "subtype": "", "comment": "", "correction": ""}, {"id": 12, "group": "error", "startSelection": 1363, "endSelection": 1372, "explanation": "Повторение однокоренных слов.", "tag": "", "type": "Р.тавт", "subtype": "", "comment": "", "correction": ""}, {"id": 13, "group": "error", "startSelection": 1382, "endSelection": 1392, "explanation": "Повторение однокоренных слов.", "tag": "", "type": "Р.тавт", "subtype": "", "comment": "", "correction": ""}, {"id": 14, "group": "error", "startSelection": 1393, "endSelection": 1401, "explanation": "Повторение одинаковых и однокоренных слов.", "tag": "", "type": "Р.тавт", "subtype": "", "comment": "", "correction": ""}, {"id": 15, "group": "error", "startSelection": 1457, "endSelection": 1464, "explanation": "Повторение одинаковых и однокоренных слов.", "tag": "", "type": "Р.тавт", "subtype": "", "comment": "", "correction": ""}, {"id": 16, "group": "error", "startSelection": 1500, "endSelection": 1505, "explanation": "Повторение одного и того же слова в разных формах.", "tag": "", "type": "Р.повтор", "subtype": "", "comment": "", "correction": ""}, {"id": 17, "group": "error", "startSelection": 1552, "endSelection": 1558, "explanation": "Повторение одного и того же слова в разных формах.", "tag": "", "type": "Р.повтор", "subtype": "", "comment": "", "correction": ""}, {"id": 18, "group": "error", "startSelection": 1697, "endSelection": 1719, "explanation": "«Остаться в сердце (памяти)» требует творительного падежа.", "tag": "", "type": "Г.УПР", "subtype": null, "comment": "", "correction": ""}, {"id": 19, "group": "error", "startSelection": 1840, "endSelection": 1848, "explanation": "Просторечное выражение «по жизни» (если, конечно, предлог «по» не управляется глаголом вроде «идти») часто можно просто опустить, текст от этого только улучшится.", "tag": "", "type": "Г.УПР", "subtype": null, "comment": "", "correction": ""}, {"id": 20, "group": "error", "startSelection": 2285, "endSelection": 2293, "explanation": "Повторение одинаковых и однокоренных слов.", "tag": "", "type": "Р.тавт", "subtype": "", "comment": "", "correction": ""}, {"id": 21, "group": "error", "startSelection": 2431, "endSelection": 2436, "explanation": "Повторение одинаковых и однокоренных слов.", "tag": "", "type": "Р.повтор", "subtype": "", "comment": "", "correction": ""}, {"id": 22, "group": "error", "startSelection": 2525, "endSelection": 2530, "explanation": "Повторение одинаковых и однокоренных слов.", "tag": "", "type": "Р.повтор", "subtype": "", "comment": "", "correction": ""}, {"id": 24, "group": "meaning", "startSelection": 45, "endSelection": 132, "type": "ПРОБЛЕМА", "subtype": "", "explanation": "", "correction": "", "tag": "", "comment": ""}, {"id": 25, "group": "meaning", "startSelection": 133, "endSelection": 521, "type": "ПРИМЕР", "subtype": "", "explanation": "", "correction": "", "tag": "", "comment": ""}, {"id": 26, "group": "meaning", "startSelection": 522, "endSelection": 706, "type": "ПОЯСНЕНИЕ", "subtype": "", "explanation": "", "correction": "", "tag": "", "comment": ""}, {"id": 27, "group": "meaning", "startSelection": 707, "endSelection": 881, "type": "ПРИМЕР", "subtype": "", "explanation": "", "correction": "", "tag": "", "comment": ""}, {"id": 28, "group": "meaning", "startSelection": 882, "endSelection": 1198, "type": "ПОЯСНЕНИЕ", "subtype": "", "explanation": "", "correction": "", "tag": "", "comment": ""}, {"id": 29, "group": "meaning", "startSelection": 1199, "endSelection": 1418, "type": "СВЯЗЬ", "subtype": "", "explanation": "", "correction": "", "tag": "", "comment": ""}, {"id": 30, "group": "meaning", "startSelection": 1419, "endSelection": 1605, "type": "ПОЗИЦИЯ", "subtype": "", "explanation": "", "correction": "", "tag": "", "comment": ""}, {"id": 31, "group": "meaning", "startSelection": 1606, "endSelection": 2547, "type": "ОТНОШЕНИЕ", "subtype": "", "explanation": "", "correction": "", "tag": "", "comment": ""}]}