{"meta": {"uuid": "09e61f96-6336-424d-8e6c-eb7a15bdf0a6", "id": "0003148", "name": "0003148_ru_rus_problema_vliyaniya_voyny_na_detey_noexp.txt", "subject": "rus", "test": "егэ тренировка", "category": "", "year": 2020, "class": "11", "theme": "Проблема влияния войны на детей (По тексту Б. Л. Васильева)", "taskText": "От нашего класса у меня остались воспоминания и одна фотография. Групповой портрет с классным руководителем в центре, девочками вокруг и мальчиками по краям. Фотография поблекла, а поскольку фотограф старательно наводил на преподавателя, то края, смазанные еще при съемке, сейчас окончательно расплылись; иногда мне кажется, что расплылись они потому, что мальчики нашего класса давно отошли в небытие, так и не успев повзрослеть, и черты их растворило время.\nМне почему-то и сейчас не хочется вспоминать, как мы убегали с уроков, курили в котельной и устраивали толкотню в раздевалке, чтобы хоть на миг прикоснуться к той, которую любили настолько тайно, что не признавались в этом самим себе. Я часами смотрю на выцветшую фотографию, на уже расплывшиеся лица тех, кого нет на этой земле: я хочу понять. Ведь никто же не хотел умирать, правда?А мы и не знали, что за порогом нашего класса дежурила смерть. Мы были молоды, а незнания молодости восполняются верой в собственное бессмертие. Но из всех мальчиков, что смотрят на меня с фотографии, в живых осталось четверо.\nА еще мы с детства играли в то, чем жили сами. Классы соревновались не за отметки или проценты, а за честь написать письмо папанинцам или именоваться «чкаловским», за право побывать на открытии нового цеха завода или выделить делегацию для встречи испанских детей.\nИ еще я помню, как горевал, что не смогу помочь челюскинцам, потому что мой самолет совершил вынужденную посадку где-то в Якутии, гак и не долетев до ледового лагеря. Самую настоящую посадку: я получил «плохо», не выучив стихотворения. Потом-то я его выучил: «Да, были люди в наше время…» А дело заключалось в том, что на стене класса висела огромная самодельная карта и каждый ученик имел свой собственный самолет. Отличная оценка давала пятьсот километров, но я получил «плохо», и мой самолет был снят с полета. И «плохо» было не просто в школьном журнале: плохо было мне самому и немного — чуть-чуть! — челюскинцам, которых я так подвел.\nУлыбнись мне, товарищ. Я забыл, как ты улыбался, извини. Я теперь намного старше тебя, у меня масса дел, я оброс хлопотами. как корабль ракушками. По ночам я все чаще и чаще слышу всхлипы собственного сердца: оно уморилось. Устало болеть.\nЯ стал седым, и мне порой уступают место в общественном транспорте. Уступают юноши и девушки, очень похожие на вас, ребята. И тогда я думаю, что не дай им Бог повторить вашу судьбу. А если это все же случится, то дай им Бог стать такими же.\nМежду вами, вчерашними, и ими, сегодняшними, лежит не просто поколение. Мы твердо знали, что будет война, а они убеждены, что ее не будет. И это прекрасно: они свободнее нас. Жаль только, что свобода эта порой оборачивается безмятежностью…\nВ девятом классе Валентина Андроновна предложила нам тему свободного сочинения «Кем я хочу стать?». И все ребята написали, что они хотят стать командирами Красной Армия. Даже Вовик Храмов пожелал быть танкистом, чем вызвал бурю восторга. Да, мы искренне хотели, чтобы судьба наша была суровой. Мы сами избирали ее, мечтая об армии, авиации и флоте: мы считали себя мужчинами, а более мужских профессий тогда не существовало.\nВ этом смысле мне повезло. Я догнал в росте своего отца уже в восьмом классе, а поскольку он был кадровым командиром Красной Армии, то его старая форма перешла ко мне. Гимнастерка и галифе, сапоги и командирский ремень, шинель и буденовка из темно-серого сукна. Я надел эти прекрасные вещи в один замечательный день и не снимал их целых пятнадцать лет. Пока не демобилизовался. Форма тогда уже была иной, но содержание ее не изменилось: она по-прежнему осталась одеждой моего поколения. Самой красивой и самой модной.\nМне люто завидовали все ребята. И даже Искра Полякова.\n— Конечно, она мне немного велика, — сказала Искра, примерив мою гимнастерку. — Но до чего же в ней уютно. Особенно, если потуже затянуться ремнем.\nЯ часто вспоминаю эти слова, потому что в них — ощущение времени.\n"}, "text": "Во фрагменте очерка Б. Л. Васильева поднята проблема влияния войны на детей: проблема в возможности детей жить беззаботной жизнью.\nАвтор замечает, что внезапная война, о которой мало кому было известно, разрушила миллионы жизней людей. По воспоминаниям героя, его покойные знакомые, которые когда-то были в его жизни, могли бы дожить и до его времени. «Мы твердо знаем, что будет война, а они убеждены, что её не будет». Такой вывод дает понять, что нынешнее поколение более свободно, и оно имеет вполне большие надежды на прекрасное будущее.\nБ. Л. Васильев в очерке повествует от первого лица о своём прошлом, которое имеет как приятные, так и негативные воспоминания. Знакомые лица, с которыми он был знаком, проводили с ним весело время, у них не было представления, что их судьба может на них обрушиться так внезапно. «Мы были молоды, а незнания молодости восполняются верой в собственное бессмертие». Наивность и вера в прекрасное это хорошо, но оно может изменить осознание мира, что может, конечно же, повлечь к глубокому разочарованию. «Мы были молоды, но жаждали не личного сознания, но жаждали не личного счастья, а личного подвига», «подвиг надо сначала посеять и вырастить». Такое качество приходит не сразу, как показывает автор, ведь надрываться на подвиг может не каждый, поскольку нужно иметь крепкий характер и стойкость перед любыми трудностями.\nЯ согласен с позицией автора. Безусловно, подвиг выражается только у тех, у кого есть сила духа и контроль над своими чувствами. Только сильные люди, которые смогли побороть страх перед смертью. С каждым поколением будет всё сложнее представить о самых страшных этапах, пережитых человечеством. Воспоминания рассказчика заставляют нас понять, что жизнь непредсказуема, так как она может в какое-то время измениться в любую сторону. У этих детей могло быть будущее, и кто-то из них бы смог достичь человеческих высот, кто никогда так не совершал. Но война будто бы унесла их жизни навсегда, и это очень грустно. В истории человечества очень много было международных конфликтов, и миллионы людей, которые были вынуждены бороться, большинство из них погибало просто ни за что.\nВ подтверждении вышесказанного, я хочу лишь добавить, что война только уничтожает и убивает судьбы людей, такое страшное происшествие никогда не разрешит конфликт между двумя противоречиями и взглядами. Поэтому, чтобы ценить нашу жизнь ещё сильнее, нужно хотя бы вспомнить, в каких положениях бывали наши предки, когда они были на грани смерти. Те знакомые рассказчика, которые пережили этот ужас, им крупно повезло, что они смогли выжить этот этап, но все же стоит отметить, что в них сохранился прошлый осадок этого страшного происшествия.", "fileName": "0003148.json", "selections": [{"id": 0, "group": "error", "startSelection": 61, "endSelection": 66, "explanation": "Повторение одного и того же слова в разных формах.", "tag": "", "type": "Р.повтор", "subtype": "", "comment": "", "correction": ""}, {"id": 1, "group": "error", "startSelection": 70, "endSelection": 75, "explanation": "Повторение одного и того же слова.", "tag": "", "type": "Р.повтор", "subtype": "", "comment": "", "correction": ""}, {"id": 2, "group": "error", "startSelection": 100, "endSelection": 105, "explanation": "Повторение одного и того же слова.", "tag": "", "type": "Р.повтор", "subtype": "", "comment": "", "correction": ""}, {"id": 3, "group": "error", "startSelection": 106, "endSelection": 110, "explanation": "Повторение одинаковых и однокоренных слов.", "tag": "", "type": "Р.тавт", "subtype": "", "comment": "", "correction": ""}, {"id": 4, "group": "error", "startSelection": 123, "endSelection": 129, "explanation": "Повторение одинаковых и однокоренных слов.", "tag": "", "type": "Р.повтор", "subtype": "", "comment": "", "correction": ""}, {"id": 5, "group": "error", "startSelection": 161, "endSelection": 166, "explanation": "Повторение одного и того же слова в разных формах.", "tag": "", "type": "Р.повтор", "subtype": "", "comment": "", "correction": ""}, {"id": 6, "group": "error", "startSelection": 222, "endSelection": 228, "explanation": "Повторение одинаковых и однокоренных слов.", "tag": "", "type": "Р.повтор", "subtype": "", "comment": "", "correction": ""}, {"id": 7, "group": "error", "startSelection": 260, "endSelection": 263, "explanation": "Повторение одного и того же слова.", "tag": "", "type": "Р.повтор", "subtype": "", "comment": "", "correction": ""}, {"id": 8, "group": "error", "startSelection": 307, "endSelection": 310, "explanation": "Повторение одного и того же слова.", "tag": "", "type": "Р.повтор", "subtype": "", "comment": "", "correction": ""}, {"id": 9, "group": "error", "startSelection": 339, "endSelection": 342, "explanation": "Повторение одного и того же слова.", "tag": "", "type": "Р.повтор", "subtype": "", "comment": "", "correction": ""}, {"id": 10, "group": "error", "startSelection": 491, "endSelection": 496, "explanation": "Повторение одного и того же слова.", "tag": "", "type": "Р.повтор", "subtype": "", "comment": "", "correction": ""}, {"id": 11, "group": "error", "startSelection": 589, "endSelection": 593, "explanation": "Повторение одного и того же слова.", "tag": "", "type": "Р.повтор", "subtype": "", "comment": "", "correction": ""}, {"id": 12, "group": "error", "startSelection": 619, "endSelection": 624, "explanation": "Повторение одного и того же слова.", "tag": "", "type": "Р.повтор", "subtype": "", "comment": "", "correction": ""}, {"id": 13, "group": "error", "startSelection": 670, "endSelection": 678, "explanation": "Повторение одного и того же слова в разных формах.", "tag": "", "type": "Р.повтор", "subtype": "", "comment": "", "correction": ""}, {"id": 14, "group": "error", "startSelection": 679, "endSelection": 683, "explanation": "Повторение одного и того же слова.", "tag": "", "type": "Р.повтор", "subtype": "", "comment": "", "correction": ""}, {"id": 15, "group": "error", "startSelection": 703, "endSelection": 709, "explanation": "Повторение одного и того же слова в разных формах.", "tag": "", "type": "Р.повтор", "subtype": "", "comment": "", "correction": ""}, {"id": 16, "group": "error", "startSelection": 784, "endSelection": 789, "explanation": "Повторение одного и того же слова.", "tag": "", "type": "Р.повтор", "subtype": "", "comment": "", "correction": ""}, {"id": 17, "group": "error", "startSelection": 841, "endSelection": 849, "explanation": "", "tag": "REPLACE_ne-slit-n_ne-razd-n", "type": "А.лекс", "subtype": "конт", "comment": "", "correction": "не знания"}, {"id": 18, "group": "error", "startSelection": 841, "endSelection": 849, "explanation": "Повторение однокоренных слов.", "tag": "", "type": "Р.тавт", "subtype": "", "comment": "", "correction": ""}, {"id": 19, "group": "error", "startSelection": 873, "endSelection": 878, "explanation": "Повторение одного и того же слова в разных формах.", "tag": "", "type": "Р.повтор", "subtype": "", "comment": "", "correction": ""}, {"id": 20, "group": "error", "startSelection": 918, "endSelection": 922, "explanation": "Повторение одного и того же слова в разных формах.", "tag": "", "type": "Р.повтор", "subtype": "", "comment": "", "correction": ""}, {"id": 21, "group": "error", "startSelection": 955, "endSelection": 960, "explanation": "Повторение одного и того же слова.", "tag": "", "type": "Р.повтор", "subtype": "", "comment": "", "correction": ""}, {"id": 22, "group": "error", "startSelection": 970, "endSelection": 979, "explanation": "Повторение однокоренных слов.", "tag": "", "type": "Р.тавт", "subtype": "", "comment": "", "correction": ""}, {"id": 23, "group": "error", "startSelection": 990, "endSelection": 995, "explanation": "Повторение одного и того же слова.", "tag": "", "type": "Р.повтор", "subtype": "", "comment": "", "correction": ""}, {"id": 24, "group": "error", "startSelection": 1064, "endSelection": 1071, "explanation": "Устаревшее слово. В переносном значении оно имеет высокопарный оттенок. Нейтральный вариант - \"хотеть\".", "tag": "Ustar.doc 612787042", "type": "А.лекс", "subtype": "конт", "comment": "", "correction": ""}, {"id": 25, "group": "error", "startSelection": 1096, "endSelection": 1103, "explanation": "Устаревшее слово. В переносном значении оно имеет высокопарный оттенок. Нейтральный вариант - \"хотеть\".", "tag": "Ustar.doc 612787042", "type": "А.лекс", "subtype": "конт", "comment": "", "correction": ""}, {"id": 26, "group": "error", "startSelection": 1083, "endSelection": 1091, "explanation": "Повторение однокоренных слов.", "tag": "", "type": "Р.тавт", "subtype": "", "comment": "", "correction": ""}, {"id": 27, "group": "error", "startSelection": 1134, "endSelection": 1141, "explanation": "Повторение одного и того же слова в разных формах.", "tag": "", "type": "Р.повтор", "subtype": "", "comment": "", "correction": ""}, {"id": 28, "group": "error", "startSelection": 1145, "endSelection": 1151, "explanation": "Повторение одного и того же слова в разных формах.", "tag": "", "type": "Р.повтор", "subtype": "", "comment": "", "correction": ""}, {"id": 29, "group": "error", "startSelection": 1263, "endSelection": 1269, "explanation": "Повторение одного и того же слова в разных формах.", "tag": "", "type": "Р.повтор", "subtype": "", "comment": "", "correction": ""}, {"id": 30, "group": "error", "startSelection": 1406, "endSelection": 1412, "explanation": "Повторение одного и того же слова в разных формах.", "tag": "", "type": "Р.повтор", "subtype": "", "comment": "", "correction": ""}, {"id": 31, "group": "error", "startSelection": 1424, "endSelection": 1430, "explanation": "Повторение одного и того же слова.", "tag": "", "type": "Р.повтор", "subtype": "", "comment": "", "correction": ""}, {"id": 32, "group": "error", "startSelection": 1450, "endSelection": 1454, "explanation": "Повторение однокоренных слов.", "tag": "", "type": "Р.тавт", "subtype": "", "comment": "", "correction": ""}, {"id": 33, "group": "error", "startSelection": 1493, "endSelection": 1499, "explanation": "Повторение одного и того же слова.", "tag": "", "type": "Р.повтор", "subtype": "", "comment": "", "correction": ""}, {"id": 34, "group": "error", "startSelection": 1500, "endSelection": 1507, "explanation": "Повторение однокоренных слов.", "tag": "", "type": "Р.тавт", "subtype": "", "comment": "", "correction": ""}, {"id": 35, "group": "error", "startSelection": 1522, "endSelection": 1528, "explanation": "Повторение одинаковых и однокоренных слов.", "tag": "", "type": "Р.тавт", "subtype": "", "comment": "", "correction": ""}, {"id": 36, "group": "error", "startSelection": 1538, "endSelection": 1543, "explanation": "Повторение однокоренных слов.", "tag": "", "type": "Р.тавт", "subtype": "", "comment": "", "correction": ""}, {"id": 37, "group": "error", "startSelection": 1617, "endSelection": 1625, "explanation": "Повторение однокоренных слов.", "tag": "", "type": "Р.тавт", "subtype": "", "comment": "", "correction": ""}, {"id": 38, "group": "error", "startSelection": 1634, "endSelection": 1643, "explanation": "Повторение однокоренных слов.", "tag": "", "type": "Р.тавт", "subtype": "", "comment": "", "correction": ""}, {"id": 39, "group": "error", "startSelection": 1672, "endSelection": 1683, "explanation": "Повторение однокоренных слов.", "tag": "", "type": "Р.тавт", "subtype": "", "comment": "", "correction": ""}, {"id": 40, "group": "error", "startSelection": 1711, "endSelection": 1716, "explanation": "Повторение однокоренных слов.", "tag": "", "type": "Р.тавт", "subtype": "", "comment": "", "correction": ""}, {"id": 41, "group": "error", "startSelection": 1717, "endSelection": 1731, "explanation": "Повторение однокоренных слов.", "tag": "", "type": "Р.тавт", "subtype": "", "comment": "", "correction": ""}, {"id": 42, "group": "error", "startSelection": 1745, "endSelection": 1750, "explanation": "Повторение одинаковых и однокоренных слов.", "tag": "", "type": "Р.повтор", "subtype": "", "comment": "", "correction": ""}, {"id": 43, "group": "error", "startSelection": 1809, "endSelection": 1814, "explanation": "Повторение одинаковых и однокоренных слов.", "tag": "", "type": "Р.повтор", "subtype": "", "comment": "", "correction": ""}, {"id": 44, "group": "error", "startSelection": 1848, "endSelection": 1852, "explanation": "Повторение одинаковых и однокоренных слов.", "tag": "", "type": "Р.тавт", "subtype": "", "comment": "", "correction": ""}, {"id": 45, "group": "error", "startSelection": 1960, "endSelection": 1965, "explanation": "Повторение одного и того же слова.", "tag": "", "type": "Р.повтор", "subtype": "", "comment": "", "correction": ""}, {"id": 46, "group": "error", "startSelection": 1998, "endSelection": 2003, "explanation": "Повторение одного и того же слова.", "tag": "", "type": "Р.повтор", "subtype": "", "comment": "", "correction": ""}, {"id": 47, "group": "error", "startSelection": 2363, "endSelection": 2367, "explanation": "Повторение одного и того же слова в разных формах.", "tag": "", "type": "Р.повтор", "subtype": "", "comment": "", "correction": ""}, {"id": 48, "group": "error", "startSelection": 2431, "endSelection": 2437, "explanation": "Повторение однокоренных слов.", "tag": "", "type": "Р.тавт", "subtype": "", "comment": "", "correction": ""}, {"id": 49, "group": "error", "startSelection": 2438, "endSelection": 2442, "explanation": "Повторение одного и того же слова в разных формах.", "tag": "", "type": "Р.повтор", "subtype": "", "comment": "", "correction": ""}, {"id": 50, "group": "error", "startSelection": 2461, "endSelection": 2465, "explanation": "Повторение однокоренных слов.", "tag": "", "type": "Р.тавт", "subtype": "", "comment": "", "correction": ""}, {"id": 51, "group": "error", "startSelection": 2516, "endSelection": 2524, "explanation": "Повторение однокоренных слов.", "tag": "", "type": "Р.тавт", "subtype": "", "comment": "", "correction": ""}, {"id": 52, "group": "error", "startSelection": 2570, "endSelection": 2576, "explanation": "Повторение однокоренных слов.", "tag": "", "type": "Р.тавт", "subtype": "", "comment": "", "correction": ""}, {"id": 54, "group": "meaning", "startSelection": 0, "endSelection": 130, "type": "ПРОБЛЕМА", "subtype": "", "explanation": "", "correction": "", "tag": "", "comment": ""}, {"id": 55, "group": "meaning", "startSelection": 131, "endSelection": 420, "type": "ПРИМЕР", "subtype": "", "explanation": "", "correction": "", "tag": "", "comment": ""}, {"id": 56, "group": "meaning", "startSelection": 421, "endSelection": 542, "type": "ПОЯСНЕНИЕ", "subtype": "", "explanation": "", "correction": "", "tag": "", "comment": ""}, {"id": 57, "group": "meaning", "startSelection": 543, "endSelection": 905, "type": "ПРИМЕР", "subtype": "", "explanation": "", "correction": "", "tag": "", "comment": ""}, {"id": 58, "group": "meaning", "startSelection": 906, "endSelection": 1043, "type": "ПОЯСНЕНИЕ", "subtype": "", "explanation": "", "correction": "", "tag": "", "comment": ""}, {"id": 59, "group": "meaning", "startSelection": 1044, "endSelection": 1186, "type": "ПРИМЕР", "subtype": "", "explanation": "", "correction": "", "tag": "", "comment": ""}, {"id": 60, "group": "meaning", "startSelection": 1187, "endSelection": 1363, "type": "ПОЯСНЕНИЕ", "subtype": "", "explanation": "", "correction": "", "tag": "", "comment": ""}, {"id": 61, "group": "meaning", "startSelection": 1364, "endSelection": 2679, "type": "ОТНОШЕНИЕ", "subtype": "", "explanation": "", "correction": "", "tag": "", "comment": ""}]}