{"meta": {"uuid": "1d5a89b2-7c90-423f-a723-cf6a78ee4927", "id": "0003050", "name": "0003050_ru_rus_problema_vliyaniya_krasoty_prirody_na_cheloveka_noexp.txt", "subject": "rus", "test": "егэ тренировка", "category": "", "year": 2020, "class": "11", "theme": "Проблема влияния красоты природы на человека (По тексту К.Г. Паустовского)", "taskText": "(1)В доме Чехова в Ялте, на стене над камином, очень простой пейзаж Левитана — стог сена в осенних поздних сумерках, когда на траву уже ложится холодная роса. (2)Левитан оставил Чехову картину как подарок из милой сердцу России. (3)Очень прост этот пейзаж. (4)Прост, как все картины Левитана. (5)Перед ними можно стоять и час, и два и всё же до конца не понять, в чём сила этих элегических красок, в чём тайна этого молчаливого художника, покорившего наши сердца. (6)Тайна (если это можно назвать тайной) в том, что Левитан показал нам самим всю силу нашей любви к своей родной стране. (7)Он показал нам нашу любовь, застенчивую и до него не высказанную в полной мере.\n(8)Средняя полоса России — страна необыкновенная. (9)Достаточно увидеть, как ветер уносит лиственный убор лесов в синеющую осеннюю даль или каким застенчивым счастьем блестят глаза белоголового мальчика со свистулькой в руках — того мальчика, что сидит на песчаном косогоре и тихонько посвистывает. (10)Достаточно увидеть хотя бы это, чтобы сердце надолго, навек, навсегда покорилось этой стране с её светлой и чистой, как родниковая вода, красотой.\n(11)С глубочайшей властью России над человеком бороться нельзя. (12)Миллионы людей нашли Россию как свою вторую родину. (13)Жизнь Левитана полностью это подтверждает. (14)Для меня с поздней юности лучшей на свете страной стала Средняя Россия. (15)Это вначале удивляло меня самого: я вырос на юге. (16)\nВпервые я увидел Среднюю Россию, когда мне было двадцать лет. (17)Это было осенью. (18)Я ехал из Киева в Москву. (19)Невдалеке от Москвы я увидел из окна вагона неправдоподобно синюю, совершенно индиговую маленькую реку, засыпанную жёлтыми листьями. (20)Я высунулся в окно и вдруг задохнулся. (21)Отчего я задохнулся, в то время я ещё не догадывался.\n(22)Сейчас я хорошо знаю, что задохнулся тогда от радости, от внезапного приобщения к красоте страны, что проносилась за окнами в холодеющем воздухе. (23)В лицо светило нежаркое сентябрьское солнце. (24)Я смотрел до головокружения на шумливые рощи, трепет осин и берёз, блеск светлых речушек, на увядающие луга, далёкие ямщицкие увалы и сияние кромки строгих, как кремлёвские стены, сосновых боров по горизонту. (25)Так, мелькнув, впервые появилась и захватила всё моё сердце новая родина.\n(26)На следующий день в Москве, куда я попал впервые, я пошёл в Третьяковскую галерею. (27)Вошёл в боковой зал наверху и вдруг снова задохнулся. (28)Невольные слёзы обожгли глаза (я тогда очень стыдился слёз) — я стоял перед «Золотой осенью» Левитана. (29)Эта картина вошла в моё сознание как проявление такой величавой и облагораживающей красоты, что до тех пор я даже не мог поверить в существование такой красоты на свете.\n(З0)Все семь дней, какие я тогда пробыл в Москве, я провёл в галерее у полотен Левитана — изумлённый, взволнованный, притихший. (31)Всё дрожало у меня на душе. (32)Я чувствовал, что со мною происходит что-то непонятное. (33)Я не мог тогда ещё ясно знать, что происходит со мной.\n(34)А происходило величайшее событие в моей жизни: я нашёл свою родную страну. (35)Я уже любил её до последней прожилки на каждом незаметном дубовом листке. (36)Я был готов отдать этой стране все силы души и тогда ещё молодого сердца. (37)Тогда впервые дошёл до меня подлинный смысл таких слов, как «священная земля», «Отечество», «Отчизна».\n(38)С тех пор Срединная Россия стала для меня действительно священной землёй, и я часто видел её так, как в первый раз, — покрытую драгоценным покровом серебряной осенней паутины и залитую сиянием нежаркого солнца.\n"}, "text": "Природа нашей Родины захватывает нас и поражает своим великолепием. Действительно, Россия очень богата различными красивейшими пейзажами, на которые невозможно взглянуть без восхищения. Именно проблему влияния красоты природы на человека поднимает Константин Георгиевич Паустовский в данном отрывке.\nВ тексте автор описывает природу Средней России и эмоции рассказчика, влюбившегося в неё: « …Я увидел из окна вагона неправдоподобно синюю, совершенно индиговую маленькую реку, засыпанную жёлтыми листьями. Я высунулся в окно и задохнулся». Главный герой почувствовал необыкновенные эмоции к этой дивной картине. Позже он понял, что задохнулся от радости и внезапного приобщения к красоте страны. Для рассказчика Средняя Россия стала священной землёй. Природа способна вызвать в человеке самые прекрасные чувства. Именно в неё влюбляются люди. Писатель хочет донести до нас, что пейзажи России способны притягивать к себе людей, научить их смотреть на окружающий мир совсем с иной точки зрения. Благодаря им же человек может осознать, что такое «Отчизна», «Отчина».\nПрирода нашей страны способна притягивать: «Миллионы людей нашли Россию как свою вторую родину. Жизнь Левитана полностью это подтверждает». Исаак Левитан по-настоящему влюбился в природу именно Европейской части нашей Родины, так как она поистине разнообразная и необычная, хотя сам он был родом из Прибалтики. Большинство его картин демонстрируют пейзажи этой полосы России. Через свои произведения он смог открыть и показать необычайные эмоции к природе Отчизны. Автор отмечает, что тайна его творчества заключается в способности Левитана выставить на показ эти любовные чувства к природе родного края.\nЭти два аргумента позволяют нам осознать, как сильно природа может повлиять на человека, влюбить его в её необычайные красоты.\nКонстантин Георгиевич Паустовский считает, что необыкновенная красота природы России пробуждает в людях любовь к ней, роднит их с этой землёй, которая может быть до этого момента казалась им совершенно чужой.\nЯ полностью разделяю позицию автора и убеждён в том, что природные пейзажи не могут остаться человеком незамеченными. Они всё равно пробуждают в людях какие-либо чувства, заставляющие либо влюбиться в эту картину, либо отвергнуть её с неприязнью.\nПримером, подтверждающим мою точку зрения, может послужить произведение Михаила Юрьевича Лермонтова «Мцыри». В нём повествуется о мальчике, которого влюбила в себя природа Кавказа. Сбежав из стен монастыря, главный герой соединяется с окружающим миром, красивые пейзажи поражают его воображение, вызывают неописуемое восхищение. Только природа смогла дать Мцыри настоящую свободу и умиротворение.\nЕщё один пример влияния природы на человека можно найти в стихотворении Афанасия Фета «Я пришёл к тебе с приветом…». В нём автор пишет о пробуждении природы, от которого и у самого рассказчика на душе становится радостно. Такие красивые пейзажи вызывают позитивные эмоции и у читателя. Описанные поэтом солнце, лес, листы - всё это привлекает наше внимание, придаёт нам такую же бодрость и весёлость, как у главного героя. Автор в этом стихотворении хотел показать насколько сильно влияет природа на человеческое настроение.\nВ заключение, хотелось бы отметить, что природа способна притягивать красотой своих пейзажей, менять настроение человека, и влюблять его в себя.", "fileName": "0003050.json", "selections": [{"id": 0, "group": "error", "startSelection": 0, "endSelection": 7, "explanation": "Повторение одного и того же слова в разных формах.", "tag": "", "type": "Р.повтор", "subtype": "", "comment": "", "correction": ""}, {"id": 1, "group": "error", "startSelection": 114, "endSelection": 126, "explanation": "Повторение однокоренных слов.", "tag": "", "type": "Р.тавт", "subtype": "", "comment": "", "correction": ""}, {"id": 2, "group": "error", "startSelection": 210, "endSelection": 217, "explanation": "Повторение однокоренных слов.", "tag": "", "type": "Р.тавт", "subtype": "", "comment": "", "correction": ""}, {"id": 3, "group": "error", "startSelection": 218, "endSelection": 225, "explanation": "Повторение одного и того же слова в разных формах.", "tag": "", "type": "Р.повтор", "subtype": "", "comment": "", "correction": ""}, {"id": 4, "group": "error", "startSelection": 325, "endSelection": 332, "explanation": "Повторение одного и того же слова в разных формах.", "tag": "", "type": "Р.повтор", "subtype": "", "comment": "", "correction": ""}, {"id": 5, "group": "error", "startSelection": 596, "endSelection": 602, "explanation": "Слово, имеющее книжный, архаический оттенок.  Совр. аналоги: удивительный; восхитительный, прекрасный.", "tag": "Ustar.doc -1305122329", "type": "А.лекс", "subtype": "конт", "comment": "", "correction": ""}, {"id": 6, "group": "error", "startSelection": 837, "endSelection": 841, "explanation": "Повторение одного и того же слова в разных формах.", "tag": "", "type": "Р.повтор", "subtype": "", "comment": "", "correction": ""}, {"id": 7, "group": "error", "startSelection": 858, "endSelection": 877, "explanation": "Можно «донести мысль, что...», но не «донести, что...».", "tag": "", "type": "Г.СЛОЖН", "subtype": null, "comment": "", "correction": ""}, {"id": 8, "group": "error", "startSelection": 921, "endSelection": 926, "explanation": "Повторение одного и того же слова в разных формах.", "tag": "", "type": "Р.повтор", "subtype": "", "comment": "", "correction": ""}, {"id": 9, "group": "error", "startSelection": 1118, "endSelection": 1123, "explanation": "Повторение одного и того же слова в разных формах.", "tag": "", "type": "Р.повтор", "subtype": "", "comment": "", "correction": ""}, {"id": 10, "group": "error", "startSelection": 1513, "endSelection": 1520, "explanation": "Повторение одного и того же слова в разных формах.", "tag": "", "type": "Р.повтор", "subtype": "", "comment": "", "correction": ""}, {"id": 11, "group": "error", "startSelection": 1616, "endSelection": 1624, "explanation": "Возможно, нужно написать это слово слитно.", "tag": "Equivale.doc 1006806871", "type": "А.лекс", "subtype": "конт", "comment": "", "correction": ""}, {"id": 12, "group": "error", "startSelection": 1648, "endSelection": 1655, "explanation": "Повторение одного и того же слова в разных формах.", "tag": "", "type": "Р.повтор", "subtype": "", "comment": "", "correction": ""}, {"id": 13, "group": "error", "startSelection": 1723, "endSelection": 1730, "explanation": "Повторение одного и того же слова в разных формах.", "tag": "", "type": "Р.повтор", "subtype": "", "comment": "", "correction": ""}, {"id": 14, "group": "error", "startSelection": 1788, "endSelection": 1795, "explanation": "Повторение одного и того же слова в разных формах.", "tag": "", "type": "Р.повтор", "subtype": "", "comment": "", "correction": ""}, {"id": 15, "group": "error", "startSelection": 1859, "endSelection": 1866, "explanation": "Повторение одного и того же слова в разных формах.", "tag": "", "type": "Р.повтор", "subtype": "", "comment": "", "correction": ""}, {"id": 16, "group": "error", "startSelection": 1867, "endSelection": 1874, "explanation": "Повторение одного и того же слова в разных формах.", "tag": "", "type": "Р.повтор", "subtype": "", "comment": "", "correction": ""}, {"id": 17, "group": "error", "startSelection": 2417, "endSelection": 2424, "explanation": "Повторение одного и того же слова в разных формах.", "tag": "", "type": "Р.повтор", "subtype": "", "comment": "", "correction": ""}, {"id": 18, "group": "error", "startSelection": 2589, "endSelection": 2596, "explanation": "Повторение одного и того же слова в разных формах.", "tag": "", "type": "Р.повтор", "subtype": "", "comment": "", "correction": ""}, {"id": 19, "group": "error", "startSelection": 2674, "endSelection": 2681, "explanation": "Повторение одного и того же слова в разных формах.", "tag": "", "type": "Р.повтор", "subtype": "", "comment": "", "correction": ""}, {"id": 20, "group": "error", "startSelection": 2799, "endSelection": 2806, "explanation": "Повторение одного и того же слова в разных формах.", "tag": "", "type": "Р.повтор", "subtype": "", "comment": "", "correction": ""}, {"id": 21, "group": "error", "startSelection": 2978, "endSelection": 2981, "explanation": "Повторение одного и того же слова в разных формах.", "tag": "", "type": "Р.повтор", "subtype": "", "comment": "", "correction": ""}, {"id": 22, "group": "error", "startSelection": 3081, "endSelection": 3085, "explanation": "Повторение одного и того же слова в разных формах.", "tag": "", "type": "Р.повтор", "subtype": "", "comment": "", "correction": ""}, {"id": 23, "group": "error", "startSelection": 3100, "endSelection": 3105, "explanation": "Повторение однокоренных слов.", "tag": "", "type": "Р.тавт", "subtype": "", "comment": "", "correction": ""}, {"id": 24, "group": "error", "startSelection": 3139, "endSelection": 3146, "explanation": "Повторение одного и того же слова.", "tag": "", "type": "Р.повтор", "subtype": "", "comment": "", "correction": ""}, {"id": 25, "group": "error", "startSelection": 3163, "endSelection": 3173, "explanation": "Повторение одного и того же слова.", "tag": "", "type": "Р.повтор", "subtype": "", "comment": "", "correction": ""}, {"id": 26, "group": "error", "startSelection": 3189, "endSelection": 3197, "explanation": "Повторение однокоренных слов.", "tag": "", "type": "Р.тавт", "subtype": "", "comment": "", "correction": ""}, {"id": 27, "group": "error", "startSelection": 3215, "endSelection": 3222, "explanation": "Повторение одного и того же слова.", "tag": "", "type": "Р.повтор", "subtype": "", "comment": "", "correction": ""}, {"id": 28, "group": "error", "startSelection": 3276, "endSelection": 3286, "explanation": "Повторение одного и того же слова.", "tag": "", "type": "Р.повтор", "subtype": "", "comment": "", "correction": ""}, {"id": 30, "group": "meaning", "startSelection": 186, "endSelection": 299, "type": "ПРОБЛЕМА", "subtype": "", "explanation": "", "correction": "", "tag": "", "comment": ""}, {"id": 31, "group": "meaning", "startSelection": 300, "endSelection": 842, "type": "ПРИМЕР", "subtype": "", "explanation": "", "correction": "", "tag": "", "comment": ""}, {"id": 32, "group": "meaning", "startSelection": 843, "endSelection": 1064, "type": "ПОЯСНЕНИЕ", "subtype": "", "explanation": "", "correction": "", "tag": "", "comment": ""}, {"id": 33, "group": "meaning", "startSelection": 1065, "endSelection": 1204, "type": "ПРИМЕР", "subtype": "", "explanation": "", "correction": "", "tag": "", "comment": ""}, {"id": 34, "group": "meaning", "startSelection": 1205, "endSelection": 1669, "type": "ПОЯСНЕНИЕ", "subtype": "", "explanation": "", "correction": "", "tag": "", "comment": ""}, {"id": 35, "group": "meaning", "startSelection": 1670, "endSelection": 1796, "type": "СВЯЗЬ", "subtype": "", "explanation": "", "correction": "", "tag": "", "comment": ""}, {"id": 36, "group": "meaning", "startSelection": 1797, "endSelection": 2005, "type": "ПОЗИЦИЯ", "subtype": "", "explanation": "", "correction": "", "tag": "", "comment": ""}, {"id": 37, "group": "meaning", "startSelection": 2006, "endSelection": 3174, "type": "ОТНОШЕНИЕ", "subtype": "", "explanation": "", "correction": "", "tag": "", "comment": ""}]}