{"meta": {"uuid": "ab5183cb-73a5-4a86-90a8-6c472419649a", "id": "0005804", "name": "0005804_ru_rus_problema_sohraneniya_istoricheskoy_pamyati_noexp.txt", "subject": "rus", "test": "егэ тренировка", "category": "", "year": 2018, "class": "11", "theme": "Проблема сохранения исторической памяти (По тексту Л. Жуховицкого)", "taskText": "(1) Говорят, красиво жить не запретишь. (2) И для этого не всегда хочется отправляться в далёкие края - желательно видеть красоту каждый день в собственном доме.\n(3) Ради домашней красоты мы идём на денежные жертвы: покупаем французские обои или турецкий ковер, вешаем чешскую люстру, привозим из турпоездки разные сувениры. (4) Но вот что огорчительно: испытывая пламенную любовь к иностранной красоте, мы слишком часто выкидываем из дома то старье, которое через три-четыре десятка лет станет уже не рухлядью, а вещью в стиле ретро.\n(5) Друг рассказывал: как-то раз знакомые зашли в гости и увидели у него дома керосиновую лампу и медный самовар, ещё дореволюционный.\n(6) Кто-то восхищенно причмокнул:\n(7) - Ишь ты! (8) Где достал?\n(9) А друг постеснялся в ответ сказать правду... (10) Потому что не достал - нашёл вещи на свалке несколько лет назад.\n(11) Мы, люди, стареем довольно быстро - не так уж долог человеческий век. (12) Но нас окружает множество вещей, которые старятся и уходят из жизни ещё быстрее нас. (13) Ну-ка постарайтесь вспомнить вещи вашего детства, что ушли в историю, и если вернутся оттуда, то лишь в качестве мудрых и полезных украшений наших квартир.\n(14) Я, например, учился писать ручкой с пёрышком, а чернила носил в замечательной посудине - чернильнице-невыливайке. (15) Помнится, редкие в ту пору иностранцы спрашивали, где можно купить русский компьютер - счеты. (16) Говорили, что на этом агрегате наши чиновники подсчитывали даже государственный бюджет.\n(17) Когда мы жили в коммуналке, под потолком у нас висел оранжевый абажур, может, даже шелковый, который вручную смастерила мама. (18) Абажур был огромным, но невесомым - материал был туго натянут на обычную проволоку. (19) Он казался нам маленьким домашним солнышком. (20) И как же уютно становилось в комнате, когда зажигали свет!\n(21) А у кого сейчас найдется чудом уцелевшая старинная прялка?\n(22) Сколько их нашло свой конец в беленых печках и скромных буржуйках в морозные российские зимы!\n(23) Я назвал предметы не слишком далекой старины мудрыми и полезными. (24) Вот почему. (25) Нас когда-то в школе учили, что прошлое страны - это войны, сухопутные и морские сражения, царские указы, боярские интриги, крестьянские восстания и победные революции. (26) Отчасти всё это верно. (27) Но ведь помимо торжественной государственной истории была ещё иная, не менее значимая история наших семей - частная жизнь прабабушек и прадедушек. (28) Их ежедневная борьба за существование. (29) Их бытовая смекалка, реализованная во множестве привычных для людей того времени вещей.\n(30) К сожалению, до нас пока еще не дошла одна важная мысль. (31) И в наших современных, вполне комфортабельных городских жилищах стоит хранить вещественную память о наших папах, мамах, дедушках, бабушках и более далеких предках. (32) О тех людях, которые вопреки всем властям, и отечественным, и чужеземным, сберегли и передали нам тоненькую свечечку жизни."}, "text": "Какова роль исторической прошлого страны? Стоит ли хранить память о нем? Над этими вопросами нам предлагает задуматься Л.Жуховицкий в тексте, предложенном мне для анализа, где и поднимается эта, несомненно, важная проблема сохранения исторической памяти.\nРассматривая данный вопрос, автор делится своими размышлениями о неумении людей ценить и хранить старину: “во имя новой красоты” мы зачастую выкидываем устаревшие предметы быта, которые автор называет мудрыми и полезными, так как считает, что прошлое страны - это не только войны, сражения и революции, но и не менее значимые истории каждой семьи, частная жизнь наших предков. Слышится сожаление автора о том, что, сохраняя и реставрируя купеческие особняки, мы не придаем особого значения крестьянским избам, сараям и баням по-черному, которые являются не менее важными памятниками старины.\nПозиция автора, на мой взгляд, сформулирована довольно четко: необходимо хранить память о предках, которые “сберегли и передали нам тоненькую свечечку жизни”.\nТрудно не согласиться с мнением публициста, потому что чем больше человек дорожит своей историей, тем сильнее он чувствует ответственность за будущее.\nСоглашаясь с Л.Жуховицким, я бы хотела обратиться к богатому опыту русской классической литературы, а именно, к произведению Ч.Айтматова “И дольше века длится день…”.Юноша, попавший в плен к жуань-жуанам, лишившись памяти, потерял связь с семьей и со своим народом. Это не могло не повлечь за собой утрату и нравственных ценностей героя: потеря связи с прошлым превратила юношу в покорного раба, способного на ужасные поступки, что и подтверждает хладнокровное убийство манкуртом самого родного и близкого человека - матери. Ч.Айтматов лишний раз показал нам, что человека без корней едва ли можно назвать настоящим человеком.\nЕщё одним немаловажным подтверждением данной мысли может послужить и произведение В.Распутина “Прощание с Матёрой”, где повествуется об острове, который было решено полностью уничтожить, тем самым стерев его историю навсегда. Главная героиня была потрясена, в её сознании не укладывалось, что ей придется уйти, оставив все то, что было ей так дорого… то, что хранило память о самых значимых моментах её жизни, а главное, о её предках. Она в последний раз моет свой дом и идет на кладбище, чтобы ещё раз проститься с самыми родными и близкими ей людьми.\nПодводя итог всему вышесказанному, я бы хотела поблагодарить автора текста за то, что он дал мне возможность лишний раз задуматься о невероятной роли исторической памяти в жизни человека, потому что она составляет главное богатство человеческой души.", "fileName": "0005804.json", "selections": [{"id": 0, "group": "error", "startSelection": 51, "endSelection": 58, "explanation": "Повторение однокоренных слов.", "tag": "", "type": "Р.тавт", "subtype": "", "comment": "", "correction": ""}, {"id": 1, "group": "error", "startSelection": 97, "endSelection": 107, "explanation": "Повторение однокоренных слов.", "tag": "", "type": "Р.тавт", "subtype": "", "comment": "", "correction": ""}, {"id": 2, "group": "error", "startSelection": 142, "endSelection": 154, "explanation": "Повторение однокоренных слов.", "tag": "", "type": "Р.тавт", "subtype": "", "comment": "", "correction": ""}, {"id": 3, "group": "error", "startSelection": 223, "endSelection": 233, "explanation": "Повторение однокоренных слов.", "tag": "", "type": "Р.тавт", "subtype": "", "comment": "", "correction": ""}, {"id": 4, "group": "error", "startSelection": 254, "endSelection": 631, "explanation": "Слишком длинное предложение с точки зрения выбранного стиля проверки. Измените настройку, выберите более свободный стиль или разбейте это предложение на несколько более коротких.", "tag": "message.txt: 0:0", "type": "А.лекс", "subtype": "конт", "comment": "", "correction": ""}, {"id": 5, "group": "error", "startSelection": 344, "endSelection": 351, "explanation": "Повторение однокоренных слов.", "tag": "", "type": "Р.тавт", "subtype": "", "comment": "", "correction": ""}, {"id": 6, "group": "error", "startSelection": 352, "endSelection": 359, "explanation": "Повторение однокоренных слов.", "tag": "", "type": "Р.тавт", "subtype": "", "comment": "", "correction": ""}, {"id": 7, "group": "error", "startSelection": 407, "endSelection": 417, "explanation": "Повторение однокоренных слов.", "tag": "", "type": "Р.тавт", "subtype": "", "comment": "", "correction": ""}, {"id": 8, "group": "error", "startSelection": 704, "endSelection": 712, "explanation": "Повторение однокоренных слов.", "tag": "", "type": "Р.тавт", "subtype": "", "comment": "", "correction": ""}, {"id": 9, "group": "error", "startSelection": 728, "endSelection": 735, "explanation": "Повторение однокоренных слов.", "tag": "", "type": "Р.тавт", "subtype": "", "comment": "", "correction": ""}, {"id": 10, "group": "error", "startSelection": 826, "endSelection": 837, "explanation": "Повторение однокоренных слов.", "tag": "", "type": "Р.тавт", "subtype": "", "comment": "", "correction": ""}, {"id": 11, "group": "error", "startSelection": 847, "endSelection": 865, "explanation": "Вероятно, произошла контаминация с выражением «взгляд на проблему». «Позиция» бывает «по чему-либо».", "tag": "", "type": "Г.УПР", "subtype": "упр", "comment": "", "correction": ""}, {"id": 12, "group": "error", "startSelection": 979, "endSelection": 988, "explanation": "Разговорное выражение, придающее тексту непринуждённый характер.", "tag": "RAZG.doc 636511026", "type": "А.лекс", "subtype": "конт", "comment": "", "correction": ""}, {"id": 13, "group": "error", "startSelection": 989, "endSelection": 997, "explanation": "Разговорное выражение, придающее тексту непринуждённый характер.", "tag": "RAZG.doc 9a9082c13", "type": "А.лекс", "subtype": "конт", "comment": "", "correction": ""}, {"id": 14, "group": "error", "startSelection": 928, "endSelection": 934, "explanation": "Повторение однокоренных слов.", "tag": "", "type": "Р.тавт", "subtype": "", "comment": "", "correction": ""}, {"id": 15, "group": "error", "startSelection": 1016, "endSelection": 1027, "explanation": "Повторение однокоренных слов.", "tag": "", "type": "Р.тавт", "subtype": "", "comment": "", "correction": ""}, {"id": 16, "group": "error", "startSelection": 1322, "endSelection": 1324, "explanation": "Не хватает пробела.", "tag": "message.txt: 4:0", "type": "А.лекс", "subtype": "конт", "comment": "", "correction": ". Ю"}, {"id": 17, "group": "error", "startSelection": 1157, "endSelection": 1167, "explanation": "Повторение однокоренных слов.", "tag": "", "type": "Р.тавт", "subtype": "", "comment": "", "correction": ""}, {"id": 18, "group": "error", "startSelection": 1380, "endSelection": 1387, "explanation": "Повторение однокоренных слов.", "tag": "", "type": "Р.тавт", "subtype": "", "comment": "", "correction": ""}, {"id": 19, "group": "error", "startSelection": 1388, "endSelection": 1393, "explanation": "Повторение одного и того же слова в разных формах.", "tag": "", "type": "Р.повтор", "subtype": "", "comment": "", "correction": ""}, {"id": 20, "group": "error", "startSelection": 1495, "endSelection": 1501, "explanation": "Повторение однокоренных слов.", "tag": "", "type": "Р.тавт", "subtype": "", "comment": "", "correction": ""}, {"id": 21, "group": "error", "startSelection": 1502, "endSelection": 1507, "explanation": "Повторение одного и того же слова в разных формах.", "tag": "", "type": "Р.повтор", "subtype": "", "comment": "", "correction": ""}, {"id": 22, "group": "error", "startSelection": 1663, "endSelection": 1671, "explanation": "Повторение одного и того же слова в разных формах.", "tag": "", "type": "Р.повтор", "subtype": "", "comment": "", "correction": ""}, {"id": 23, "group": "error", "startSelection": 1721, "endSelection": 1729, "explanation": "Повторение одного и того же слова в разных формах.", "tag": "", "type": "Р.повтор", "subtype": "", "comment": "", "correction": ""}, {"id": 24, "group": "error", "startSelection": 1773, "endSelection": 1782, "explanation": "Повторение одного и того же слова в разных формах.", "tag": "", "type": "Р.повтор", "subtype": "", "comment": "", "correction": ""}, {"id": 25, "group": "error", "startSelection": 1783, "endSelection": 2009, "explanation": "Возможно, предложение не согласовано.", "tag": "message.txt: 2:3", "type": "А.лекс", "subtype": "конт", "comment": "", "correction": ""}, {"id": 26, "group": "error", "startSelection": 2103, "endSelection": 2114, "explanation": "Вместо «всё то, что...» почти всегда можно, и часто лучше, написать просто «всё, что».", "tag": "", "type": "Г.СЛОЖН", "subtype": null, "comment": "", "correction": ""}, {"id": 27, "group": "error", "startSelection": 2080, "endSelection": 2088, "explanation": "Повторение однокоренных слов.", "tag": "", "type": "Р.тавт", "subtype": "", "comment": "", "correction": ""}, {"id": 28, "group": "error", "startSelection": 2089, "endSelection": 2093, "explanation": "Повторение однокоренных слов.", "tag": "", "type": "Р.тавт", "subtype": "", "comment": "", "correction": ""}, {"id": 29, "group": "error", "startSelection": 2235, "endSelection": 2238, "explanation": "Повторение одного и того же слова.", "tag": "", "type": "Р.повтор", "subtype": "", "comment": "", "correction": ""}, {"id": 30, "group": "error", "startSelection": 2283, "endSelection": 2286, "explanation": "Повторение одного и того же слова.", "tag": "", "type": "Р.повтор", "subtype": "", "comment": "", "correction": ""}, {"id": 31, "group": "error", "startSelection": 2453, "endSelection": 2456, "explanation": "Повторение одного и того же слова.", "tag": "", "type": "Р.повтор", "subtype": "", "comment": "", "correction": ""}, {"id": 33, "group": "meaning", "startSelection": 73, "endSelection": 254, "type": "ПРОБЛЕМА", "subtype": "", "explanation": "", "correction": "", "tag": "", "comment": ""}, {"id": 34, "group": "meaning", "startSelection": 255, "endSelection": 631, "type": "ПРИМЕР", "subtype": "", "explanation": "", "correction": "", "tag": "", "comment": ""}, {"id": 35, "group": "meaning", "startSelection": 632, "endSelection": 846, "type": "ПОЯСНЕНИЕ", "subtype": "", "explanation": "", "correction": "", "tag": "", "comment": ""}, {"id": 36, "group": "meaning", "startSelection": 847, "endSelection": 1005, "type": "ПОЗИЦИЯ", "subtype": "", "explanation": "", "correction": "", "tag": "", "comment": ""}, {"id": 37, "group": "meaning", "startSelection": 1006, "endSelection": 2336, "type": "ОТНОШЕНИЕ", "subtype": "", "explanation": "", "correction": "", "tag": "", "comment": ""}]}