{"meta": {"uuid": "19913ed3-2fc2-413d-b3bc-8a46f95bcec5", "id": "0005780", "name": "0005780_ru_rus_problema_vnimatelno_berejnogo_otnosheniya_cheloveka_k_prirode_i_duhovnogo_edinstva_s_okrujayushchey_materiey_noexp.txt", "subject": "rus", "test": "егэ тренировка", "category": "", "year": 2018, "class": "11", "theme": "Проблема внимательно-бережного отношения человека к природе и духовного единства с окружающей материей (По тексту Г. Троепольского)", "taskText": "1)В осеннем лесу все было жёлтое и багряное, козалось, все горело и светило вместе с солнцем.\n2)Деревья только-только начали сбрасывать одеяние, и листья падали, покачиваясь в воздухе, бесшумно и плавно.\n3)Было прохладно и легко, а потому и весело. 4)Осенний запах леса - особенный, неповторимый, стойкий и чистый настолько, что за десятки метров Бим чуял хозяина.\n5) Теперь хозяин сел на пенёк, приказал Биму тоже сидеть, а сам снял кепку, положил ее рядом на землю и смотрел на листья. 6) И слушал тишину леса. 7) Ну конечно же он улыбался! 8) Он был сейчас таким, как всегда перед началом охоты.\n9) И вот хозяин встал, расчехлил ружье, вложил патроны. 10) Бим задрожал от волнения. 11) Иван Иваныч потрепал его ласково по загривку, отчего Бим еще больше разволновался.\n-(12)Ну, мальчик, ищи!\n13)Бим пошёл! 14) Малым челноком пошёл, лавируя между деревьями, приземисто, пружинисто и почти бесшумно. (15) Иван Иваныч потихоньку двинулся за ним, лубуясь работой друга. 16)Теперь лес со всеми красотами остался на втором плане: главное - Бим, изящный, страстный, лёгкий на ходу. 17) Изредка подзывая его к себе, Иван Иваныч приказывал ему лежать, чтобы дать успокоиться, втянуться. (18) А вскоре Бим уже пошел ровно, со знанием дела. 19) Великое искусство - работа саттера! 20) Вот он идет лёгким галопом, подняв голову высоко, с достоинством, уверенностью и страстью.\n21) Лес молчал. 22) Лишь чуть-чуть играли золотые листья березы, купаясь в блёстках солнца. 23) Притихли молодые дубки рядом с величавым исполином дубом - отцом и прародителем. 24) Бесшумно трепетали оставшиеся на осине серебряно-серенькие листья. 25) А на палой жёлтой листве стояла собака - одно из лучших творений природы и терпеливого человека. 26) Ни единый сумкул не дрогнет! 27) Вот что такое классическая стойка в желтом лесу!\n-(28)Вперед, мальчик!\n(29) Бим поднял вальдшнепа на крыло.\n30) Выстрел!\n31) Лес встрепенулся, ответив недовольным, обиженным эхом. 32) Казалось, береза, забравшаяся на границу дубняка и осинника, испугалась, вздрогнула. 33) Дубы охнули, как богатыри. 34) Осины, что рядом, торопливо посыпали листьями.\n35) Вальдшнеп упал комом. 36) Бим подал его по всем правилам. 37) Но хозяин, приласкав Бима и поблагодарив за красивую работу, подержал птицу на ладони, посмотрел на нее и сказал задумчиво:\n-Эх, не надо бы...\n38) Бим не понял, вглядывался в лицо Ивана Иваныча, а тот продолжал:\n-Для тебя только, Бим, для тебя, глупыш. 39) А так - не стоит.\n40) Вчера был счастливый день. 41) Все как надо: осень, солнце, желтый лес, изящная работа Бима. 42) А все-таки какой-то осадок на душе. 43) Отчего Бы? 44) Мне жаль стало убивать дичь. 45) Так хорошо вокруг, и вдруг мертвая птица. 46) Я не вегатарианец и не ханжа, описывающий страдания убитых животных и уписывающий с удовольствием их мясо, но до конца дней ставлю себе условие: одного-двух вальдшнепов за охоту, не больше. 47) Если ни одного - еще бы лучше, но тогда Бим загибнет как охотничья собака, а я вынужден буду купить птицу, которую для меня убьет кто-то другой. 48) Нет уж, увольте от такого...\n49) Откуда же все-таки осадок от вчерашнего? 50) И только ли от вчерашнего? 51) Не пропустил ли я какую-то мысль?.. 52) Итак, вчерашний день: стремление к счастью, желтый лес - и убитая птица. 53) Что это: уж не сделка ли со своей совестью?\n54) Стоп! 55) Вот какая мысль ускользнула вчера: не сделка, а укор совести и боль за всех, убивающих бесполезно, когда человек теряет человечность. 56) Из прошлого, из воспоминаний о прошлом идет и все более растет во мне жалость к птицам и животным.\n57) Ах, желтый лес, желтый лес! 58) Вот вам и кусочек счастья, вот вам и место для раздумий. 59) В осеннем солнечном лесу человек становится<...>."}, "text": "Природа - окутывающий теплом дом, греющая любовью мать, малая Родина, чуткая, ранимая, улавливающая тревожные колебания настроения человека, душа. Как люди должны относиться к ней? Над этим вопросом размышляет в своём тексте Г.Троепольский, поднимая проблему внимательно-бережного отношения человека к природе и духовного единства с окружающей материей.\nАвтор акцентирует внимание читателей на эпизоде охоты, после которой рассказчик, убив вальдшнепа, чувствует внутренний дисбаланс гармонии : \"А все-таки какой-то осадок на душе\". Об этом свидетельствуют философские размышления, порождённые духовной опустошенностью, представленные в виде вопроса-искания, обращенного к душевному миру :\" Что это : уж не сделка ли со своей совестью?\". Автор подчёркивает горечь восклицаний, выраженных в форме обращений к живой материи : \" Ах, желтый лес, жёлтый лес!\", стремясь донести до читателей степень раскаяния главного героя перед матерью-природой за невинно убитую дичь.\nНа мой взгляд, позиция писателя заключается в следующем: Г.Троепольский убеждён, что природа- это живая и благородно ранимая душа, находящаяся в непосредственном единении с внутренним миром человека, а потому боль, причиненная окружающей среде, отзывается гулким эхом раскаяния в людском сердце.\nНельзя не согласиться с мнением автора. Я разделяю его позицию и считаю, что внутренний баланс гармонии человека полностью зависит от благополучия и сохранности мира природного.\nДля подтверждения вышеизложенного хода моих мыслей, обратимся к произведению Б. Васильева \"Не стреляйте белых лебедей \", в котором речь идет о чутком и сострадательном отношении Е. Полушкина к природе- к заповедному лесу, к листочку, колышущемуся от лёгкого дуновения ветра, к муравью, спешно перебежавшему лесную тропинку. Тончайшие изменения, происходящие в лесном сердце с удвоенной силой отзываются в душе главного героя, находя в ней понимающе -заботливый отклик. Природные богатства-шуршание листвы, взмах птичьих крыльев, перламутровый блеск капли росы для сельского жителя дороже материальных ценностей. В них- смысл его быстротечной жизни, призвание оберегать и хранить живую сокровищницу.\nОднако не всегда человеческое сердце трепетно относится к хрупко ранимому миру, преданно и бережно окружающему его. О пагубном влиянии людской жестокости на размеренный ход природной жизни повествует Ч.Айтматов в повести \"Плаха\". Бесконечные Моюнкумские степи, жадно трепещущаяся сила бытия, миллионы живых душ...Но человек, непрошеным гостем ворвавшись в спокойно нетронутое течение жизни дикой природы, разрушает гармонию, царящую в ней и вовлекает её в кровопролитный хаос- тысячи бездыханных тел сайгаков разбросаны по степи, жизнь, едва успев вскрикнуть, замолкла навсегда. Виной тому-человек, которому от рождения вверено относиться к природе с трепетом и благоговейным покровительством. Выполнить план мясосдачи- вот единственная цель, которой руководствовались алчные убийцы. Жажда наживы... В какую непроходимую глушь мрака и бездушия забрело человечество! Всем строем своего произведения Ч. Айтматов призывает людей переосмыслить собственное отношение к бесценно хрупкому миру, нити единства и гармонии которого находятся в руках человека и всецело зависят от него.\nТаким образом, мы приходим к выводу о том что, неуловимо трепещущее духовное единство природы и человека необычайно сильно- эта нерушимая связь выражена в необходимости свято чтить природные богатства и бережно охранять окружающий покой, приложив для этого максимум усилий всех поколений рода людского.", "fileName": "0005780.json", "selections": [{"id": 0, "group": "error", "startSelection": 163, "endSelection": 173, "explanation": "Повторение однокоренных слов.", "tag": "", "type": "Р.тавт", "subtype": "", "comment": "", "correction": ""}, {"id": 1, "group": "error", "startSelection": 210, "endSelection": 224, "explanation": "Слово «свой» в контекстах вроде «писатель в своём тексте рассказывает...» избыточно.", "tag": "", "type": "Р.ЛИШН", "subtype": "лишн", "comment": "", "correction": ""}, {"id": 2, "group": "error", "startSelection": 241, "endSelection": 258, "explanation": "Проблему можно «поставить», «выдвинуть», «обозначить» или «рассмотреть», но лучше ее не «поднимать».", "tag": "", "type": "Р.СОЧЕТ", "subtype": null, "comment": "", "correction": ""}, {"id": 3, "group": "error", "startSelection": 259, "endSelection": 280, "explanation": "Повторение однокоренных слов.", "tag": "", "type": "Р.тавт", "subtype": "", "comment": "", "correction": ""}, {"id": 4, "group": "error", "startSelection": 281, "endSelection": 290, "explanation": "Повторение однокоренных слов.", "tag": "", "type": "Р.тавт", "subtype": "", "comment": "", "correction": ""}, {"id": 5, "group": "error", "startSelection": 491, "endSelection": 493, "explanation": "Лишние пробелы перед двоеточием.", "tag": "message.txt: 4:2", "type": "А.лекс", "subtype": "конт", "comment": "", "correction": ":"}, {"id": 6, "group": "error", "startSelection": 372, "endSelection": 380, "explanation": "Повторение однокоренных слов.", "tag": "", "type": "Р.тавт", "subtype": "", "comment": "", "correction": ""}, {"id": 7, "group": "error", "startSelection": 525, "endSelection": 529, "explanation": "Повторение однокоренных слов.", "tag": "", "type": "Р.тавт", "subtype": "", "comment": "", "correction": ""}, {"id": 8, "group": "error", "startSelection": 687, "endSelection": 689, "explanation": "Не хватает пробела.", "tag": "message.txt: 4:0", "type": "А.лекс", "subtype": "конт", "comment": "", "correction": ": \""}, {"id": 9, "group": "error", "startSelection": 697, "endSelection": 699, "explanation": "Лишние пробелы перед двоеточием.", "tag": "message.txt: 4:2", "type": "А.лекс", "subtype": "конт", "comment": "", "correction": ":"}, {"id": 10, "group": "error", "startSelection": 535, "endSelection": 539, "explanation": "Повторение одного и того же слова в разных формах.", "tag": "", "type": "Р.повтор", "subtype": "", "comment": "", "correction": ""}, {"id": 11, "group": "error", "startSelection": 540, "endSelection": 555, "explanation": "Повторение однокоренных слов.", "tag": "", "type": "Р.тавт", "subtype": "", "comment": "", "correction": ""}, {"id": 12, "group": "error", "startSelection": 636, "endSelection": 640, "explanation": "Повторение однокоренных слов.", "tag": "", "type": "Р.тавт", "subtype": "", "comment": "", "correction": ""}, {"id": 13, "group": "error", "startSelection": 658, "endSelection": 669, "explanation": "Повторение однокоренных слов.", "tag": "", "type": "Р.тавт", "subtype": "", "comment": "", "correction": ""}, {"id": 14, "group": "error", "startSelection": 672, "endSelection": 681, "explanation": "Повторение однокоренных слов.", "tag": "", "type": "Р.тавт", "subtype": "", "comment": "", "correction": ""}, {"id": 15, "group": "error", "startSelection": 694, "endSelection": 697, "explanation": "Повторение одного и того же слова в разных формах.", "tag": "", "type": "Р.повтор", "subtype": "", "comment": "", "correction": ""}, {"id": 16, "group": "error", "startSelection": 820, "endSelection": 822, "explanation": "Лишние пробелы перед двоеточием.", "tag": "message.txt: 4:2", "type": "А.лекс", "subtype": "конт", "comment": "", "correction": ":"}, {"id": 17, "group": "error", "startSelection": 795, "endSelection": 804, "explanation": "Повторение однокоренных слов.", "tag": "", "type": "Р.тавт", "subtype": "", "comment": "", "correction": ""}, {"id": 18, "group": "error", "startSelection": 924, "endSelection": 940, "explanation": "Повторение одного и того же слова в разных формах.", "tag": "", "type": "Р.повтор", "subtype": "", "comment": "", "correction": ""}, {"id": 19, "group": "error", "startSelection": 1021, "endSelection": 1260, "explanation": "Предложение сложно для восприятия, так как перегружено прилагательными. Попробуйте разбить его на несколько более коротких.", "tag": "message.txt: 3:2", "type": "А.лекс", "subtype": "конт", "comment": "", "correction": ""}, {"id": 20, "group": "error", "startSelection": 1037, "endSelection": 1044, "explanation": "Нет существительных, согласующихся с прилагательным или причастием {\"убеждён\"}.", "tag": "message.txt: 2:3", "type": "А.лекс", "subtype": "конт", "comment": "", "correction": ""}, {"id": 21, "group": "error", "startSelection": 1056, "endSelection": 1058, "explanation": "Не хватает пробела.", "tag": "message.txt: 4:0", "type": "А.лекс", "subtype": "конт", "comment": "", "correction": "а -"}, {"id": 22, "group": "error", "startSelection": 1050, "endSelection": 1058, "explanation": "Повторение одного и того же слова в разных формах.", "tag": "", "type": "Р.повтор", "subtype": "", "comment": "", "correction": ""}, {"id": 23, "group": "error", "startSelection": 1438, "endSelection": 1762, "explanation": "Слишком сложное предложение для согласования. Вероятно, оно также трудно для чтения. Попробуйте упростить предложение или разбить его на несколько более коротких.", "tag": "message.txt: 2:3", "type": "А.лекс", "subtype": "конт", "comment": "", "correction": ""}, {"id": 24, "group": "error", "startSelection": 1638, "endSelection": 1640, "explanation": "Не хватает пробела.", "tag": "message.txt: 4:0", "type": "А.лекс", "subtype": "конт", "comment": "", "correction": "е -"}, {"id": 25, "group": "error", "startSelection": 1473, "endSelection": 1477, "explanation": "Повторение однокоренных слов.", "tag": "", "type": "Р.тавт", "subtype": "", "comment": "", "correction": ""}, {"id": 26, "group": "error", "startSelection": 1575, "endSelection": 1579, "explanation": "Повторение однокоренных слов.", "tag": "", "type": "Р.тавт", "subtype": "", "comment": "", "correction": ""}, {"id": 27, "group": "error", "startSelection": 1655, "endSelection": 1659, "explanation": "Повторение одинаковых и однокоренных слов.", "tag": "", "type": "Р.тавт", "subtype": "", "comment": "", "correction": ""}, {"id": 28, "group": "error", "startSelection": 1746, "endSelection": 1752, "explanation": "Повторение одинаковых и однокоренных слов.", "tag": "", "type": "Р.повтор", "subtype": "", "comment": "", "correction": ""}, {"id": 29, "group": "error", "startSelection": 1888, "endSelection": 1890, "explanation": "Не хватает пробела.", "tag": "message.txt: 4:0", "type": "А.лекс", "subtype": "конт", "comment": "", "correction": "- з"}, {"id": 30, "group": "error", "startSelection": 1784, "endSelection": 1796, "explanation": "Повторение однокоренных слов.", "tag": "", "type": "Р.тавт", "subtype": "", "comment": "", "correction": ""}, {"id": 31, "group": "error", "startSelection": 1799, "endSelection": 1805, "explanation": "Повторение одинаковых и однокоренных слов.", "tag": "", "type": "Р.повтор", "subtype": "", "comment": "", "correction": ""}, {"id": 32, "group": "error", "startSelection": 1865, "endSelection": 1871, "explanation": "Повторение однокоренных слов.", "tag": "", "type": "Р.тавт", "subtype": "", "comment": "", "correction": ""}, {"id": 33, "group": "error", "startSelection": 1918, "endSelection": 1936, "explanation": "Части слова с дефисом не согласованы между собой.", "tag": "message.txt: 1:0", "type": "А.лекс", "subtype": "конт", "comment": "", "correction": ""}, {"id": 34, "group": "error", "startSelection": 1918, "endSelection": 1936, "explanation": "Две части слова с дефисом не согласованы между собой.", "tag": "message.txt: 2:7", "type": "А.лекс", "subtype": "конт", "comment": "", "correction": ""}, {"id": 35, "group": "error", "startSelection": 2013, "endSelection": 2019, "explanation": "Повторение однокоренных слов.", "tag": "", "type": "Р.тавт", "subtype": "", "comment": "", "correction": ""}, {"id": 36, "group": "error", "startSelection": 2055, "endSelection": 2057, "explanation": "Не хватает пробела.", "tag": "message.txt: 4:0", "type": "А.лекс", "subtype": "конт", "comment": "", "correction": "х -"}, {"id": 37, "group": "error", "startSelection": 2068, "endSelection": 2080, "explanation": "Устаревшее слово. В современном тексте оно, вероятнее всего, имеет высокопарный оттенок.", "tag": "Ustar.doc 1101352320", "type": "А.лекс", "subtype": "конт", "comment": "", "correction": ""}, {"id": 38, "group": "error", "startSelection": 2081, "endSelection": 2086, "explanation": "Повторение однокоренных слов.", "tag": "", "type": "Р.тавт", "subtype": "", "comment": "", "correction": ""}, {"id": 39, "group": "error", "startSelection": 2367, "endSelection": 2716, "explanation": "Слишком длинное предложение с точки зрения выбранного стиля проверки. Измените настройку, выберите более свободный стиль или разбейте это предложение на несколько более коротких.", "tag": "message.txt: 0:0", "type": "А.лекс", "subtype": "конт", "comment": "", "correction": ""}, {"id": 40, "group": "error", "startSelection": 2450, "endSelection": 2452, "explanation": "Не хватает пробела.", "tag": "message.txt: 4:0", "type": "А.лекс", "subtype": "конт", "comment": "", "correction": ". Н"}, {"id": 41, "group": "error", "startSelection": 2612, "endSelection": 2614, "explanation": "Не хватает пробела.", "tag": "message.txt: 4:0", "type": "А.лекс", "subtype": "конт", "comment": "", "correction": "с -"}, {"id": 42, "group": "error", "startSelection": 2723, "endSelection": 2735, "explanation": "Части слова с дефисом не согласованы между собой.", "tag": "message.txt: 1:0", "type": "А.лекс", "subtype": "конт", "comment": "", "correction": ""}, {"id": 43, "group": "error", "startSelection": 2737, "endSelection": 2745, "explanation": "Перед словом {\"которому\"} в пределах 2 слов перед запятой нет согласованных с ним существительных. Исправьте окончание или измените настройку данной опции.", "tag": "message.txt: 2:2", "type": "А.лекс", "subtype": "конт", "comment": "", "correction": ""}, {"id": 44, "group": "error", "startSelection": 2855, "endSelection": 2857, "explanation": "Не хватает пробела.", "tag": "message.txt: 4:0", "type": "А.лекс", "subtype": "конт", "comment": "", "correction": "и -"}, {"id": 45, "group": "error", "startSelection": 2946, "endSelection": 2958, "explanation": "Повторение однокоренных слов.", "tag": "", "type": "Р.тавт", "subtype": "", "comment": "", "correction": ""}, {"id": 46, "group": "error", "startSelection": 3160, "endSelection": 3169, "explanation": "Повторение однокоренных слов.", "tag": "", "type": "Р.тавт", "subtype": "", "comment": "", "correction": ""}, {"id": 47, "group": "error", "startSelection": 3335, "endSelection": 3337, "explanation": "Не хватает пробела.", "tag": "message.txt: 4:0", "type": "А.лекс", "subtype": "конт", "comment": "", "correction": "о -"}, {"id": 48, "group": "error", "startSelection": 3232, "endSelection": 3240, "explanation": "Повторение однокоренных слов.", "tag": "", "type": "Р.тавт", "subtype": "", "comment": "", "correction": ""}, {"id": 49, "group": "error", "startSelection": 3300, "endSelection": 3307, "explanation": "Повторение однокоренных слов.", "tag": "", "type": "Р.тавт", "subtype": "", "comment": "", "correction": ""}, {"id": 50, "group": "error", "startSelection": 3330, "endSelection": 3337, "explanation": "Повторение однокоренных слов.", "tag": "", "type": "Р.тавт", "subtype": "", "comment": "", "correction": ""}, {"id": 51, "group": "error", "startSelection": 3369, "endSelection": 3382, "explanation": "Повторение однокоренных слов.", "tag": "", "type": "Р.тавт", "subtype": "", "comment": "", "correction": ""}, {"id": 52, "group": "error", "startSelection": 3395, "endSelection": 3404, "explanation": "Повторение однокоренных слов.", "tag": "", "type": "Р.тавт", "subtype": "", "comment": "", "correction": ""}, {"id": 53, "group": "error", "startSelection": 3480, "endSelection": 3486, "explanation": "Повторение однокоренных слов.", "tag": "", "type": "Р.тавт", "subtype": "", "comment": "", "correction": ""}, {"id": 55, "group": "meaning", "startSelection": 0, "endSelection": 353, "type": "ПРОБЛЕМА", "subtype": "", "explanation": "", "correction": "", "tag": "", "comment": ""}, {"id": 56, "group": "meaning", "startSelection": 354, "endSelection": 531, "type": "ПРИМЕР", "subtype": "", "explanation": "", "correction": "", "tag": "", "comment": ""}, {"id": 57, "group": "meaning", "startSelection": 532, "endSelection": 964, "type": "ПРИМЕР", "subtype": "", "explanation": "", "correction": "", "tag": "", "comment": ""}, {"id": 58, "group": "meaning", "startSelection": 965, "endSelection": 1260, "type": "ПОЗИЦИЯ", "subtype": "", "explanation": "", "correction": "", "tag": "", "comment": ""}, {"id": 59, "group": "meaning", "startSelection": 1261, "endSelection": 3213, "type": "ОТНОШЕНИЕ", "subtype": "", "explanation": "", "correction": "", "tag": "", "comment": ""}]}