{"meta": {"uuid": "9b8f57c7-4dd3-47d7-a721-387fa7a1d052", "id": "0005880", "name": "0005880_ru_rus_problema_nravstvennogo_vybora_noexp.txt", "subject": "rus", "test": "егэ тренировка", "category": "", "year": 2019, "class": "11", "theme": "Проблема нравственного выбора (По А. Грина)", "taskText": "(1)Наконец я приехал в Одессу. (2)Этот огромный южный порт был, для моих шестнадцати лет, дверью мира, началом кругосветного плавания, к которому я стремился, имея весьма смутные представления о морской жизни.\n(3)Я проводил дни на улицах, рассматривая витрины или бродя в порту, где на каждом шагу открывал Америку. (4)3десь бился пульс мира.\n(5)«Береговой командой» были матросы, кочегары и другие мелкие служащие, почему-либо неспособные временно находиться на корабле. (6)Можно здесь было встретить также отставшего от рейса молодого матроса или живущего в ожидании места какого-нибудь старого служащего.\n(7)Отсюда-то и совершал я свои путешествия в порт, упиваясь музыкой рёва и грома, свистков и криков, лязга вагонов на эстакаде и звона якорных цепей, а также голубым заревом свободного синего Чёрного моря. (8)Я жил в полусне новых явлений. (9)Тогда один случай, может быть незначительный в сложном обиходе человеческих масс, наполняющих тысячи кораблей, показал мне, что я никуда не ушёл, что я не в преддверии сказочных стран, полных беззаветного ликования, а среди простых, грешных людей.\n(10)В казарму привезли раненого. (11)Это был молодой матрос, которого товарищ ударил ножом в спину. (12)Поссорились они или не поделили чего-нибудь этого я не помню. (13)У меня только осталось впечатление, что правда на стороне раненого, и я помню, что удар был нанесён внезапно, из-за угла. (14)Уже одно это направляло симпатии к пострадавшему. (15)Он рассказывал о случае серьёзно и кратко, не выражая обиды и гнева, как бы покоряясь печальному приключению. (16)Рана была не опасна. (17)Температура немного повысилась, но больной, хотя и лежал, ел с аппетитом и даже играл в карты с соседями.\n(18)Вечером раздался слух: «Доктор приехал, говорить будет».\n(19)Доктор? (20)Говорить? (21)Я направился к койке раненого.\n(22)Доктор, пожилой человек, по-видимому, сам лично принимающий горячее участие во всей этой истории, сидел возле койки. (23)Больной, лёжа， смотрел в сторону и слушал.\n(24)Доктор, стараясь не быть назойливым, осторожно и мягко пытался внушить раненому сострадание к судьбе обидчика. (25)Он послан им, пришёл по его просьбе.\n(26)У него жена, дети, сам он военный матрос. (27)Он полон раскаяния. (28)Его ожидают каторжные работы.\n—(29)Вы видите, — сказал доктор в заключение, — что от вас зависит, как поступить: «по закону» или «по человечеству». (30)Если «по человечеству», то мы замнём дело. (31)Если же «по закону», то мы обязаны начать следствие, и тогда этот человек погиб, потому что он виноват,\n(32)Была полная тишина. (33)Все мы, сидевшие, как бы не слушая, по своим койкам, но не проронившие ни одного слова, замерли в ожидании. (34)Что скажет раненый? (35)Какой приговор изречёт он? (36)Я ждал, верил, что он скажет: «По человечеству». (37)На его месте следовало простить. (38)Он выздоравливал. (39)Он был лицом типичный моряк, а «моряк» и «рыцарь» для меня тогда звучало неразделимо. (40)Его руки до плеч были татуированы фигурами тигров, змей, флагов, именами, лентами, цветами и ящерицами. (41)От него несло океаном, родиной больших душ. (42)И он был так симпатично мужествен, как умный атлет.\n(43)Раненый помолчал. (44)Видимо, он боролся с желанием простить и с каким-то ядовитым воспоминанием. (45)Он вздохнул, поморщился, взглянул доктору в глаза и нехотя, сдавленно произнёс:\n—Пусть... уж... по закону.\n(46)Доктор, тоже помолчав, встал.\n—(47)3начит, «по закону»?— повторил он.\n—(48)По закону. (49)Как сказал, — кивнул матрос и закрыл глаза.\n(50)Я был так взволнован, что не вытерпел и ушёл на двор. (51)Мне казалось, что у меня что-то отняли.\n(52)С этого дня я стал присматриваться к морю и морской жизни с её внутренних, настоящих сторон, впервые почувствовав, что здесь такие же люди, как и везде, и что чудеса в самих нас."}, "text": "Александр Грин, русский писатель, рассказывает о случае, произошедшем с героем-рассказчиком в путешествии: он встретил матроса, который решил не простить «по человечеству», а «по закону» наказать того, кто ударил его ножом в спину. Что такое нравственный выбор? Именно этот вопрос находится в центре внимания автора.\nРазмышляя над проблемой, Александр Грин показывает способы решения конфликта. Доктор говорит о возможности решить вопрос «по человечеству» - простить матроса, «замять дело» по той причине, что у него есть семья и он искренне раскаивается. В этом варианте развития событий герой поступил бы человечно, ведь милосердие – это проявление гуманизма, одно из лучших нравственных качеств. Этому способу решения проблемы противопоставляется выбор моряка, показанный в предложениях 44 и 45. Оказавшись в ситуации нравственного выбора, герой решает «по закону» наказать того, кто нанёс вред его здоровью. С одной стороны, это честно, ведь покушение на жизнь человека должно быть наказано, но с другой стороны, даже сам матрос задумался во время принятия решения, потому что одно его слово могло сломать судьбу молодого матроса: «…и тогда этот человек погиб, потому что он виноват». Так автор показывает, что нравственный выбор – это тяжёлая ситуация, которое сказывается на всех, кто так или иначе участвует в событиях, связанных с ним.\nАлександр Грин считает, что в такой ситуации нужно делать выбор в пользу гуманности. Это он подчёркивает в словах рассказчика: «На его месте следовало простить». Несмотря на непонятный и даже в какой-то степени неприемлемый для него выбор матроса, он верит в лучшее и надеется, что люди, перед которыми встал вопрос нравственного выбора, будут руководствоваться именно позициями человечного отношения к окружающим: «…чудеса – в самих нас».\nЯ согласна с позицией автора. Да, многие скажут, что герой справедливо наказал своего обидчика. Но решило ли это конфликт между ними? Компенсировало ли чужое горе и разрушение семьи причинённый здоровью ущерб, который на деле оказался незначительным? Нет. Всегда нужно с пониманием относиться к людям, ведь у каждого есть мотивы и причины, почему они поступили именно так, а не как-либо иначе. Если же человек искренне раскаивается в содеянном, а его поступок не принёс существенного вреда, необходимо проявить милосердие; возможно, в этом случае виноватый извлечёт для себя урок, а не станет несчастным из-за чьего-то необдуманного решения. Только так мы сможем сделать мир лучше.\nДля того, чтобы обосновать своё мнение, я обращусь к произведениям художественной литературы. В ситуации нравственного выбора оказывается герой рассказа В. Быкова «Очная ставка». Сделав выбор в пользу человечности, проявляя искреннюю любовь к жене, поняв её шаткое положение, он подтверждает её слова о том, что они не знакомы. Он сделал это из лучших побуждений, не щадя себя и своих чувств, ведь только его слова могли спасти его семью. Автор подчёркивает, что, руководствуясь идеалами гуманизма и принципами нравственности, человек может даже пожертвовать собой и своими интересами ради блага других. Это тяжело, однако только такие храбрые поступки, только такой выбор может принести пользу и кому-то помочь.\nИное решение в подобной ситуации принимает Евгений Онегин, главный герой одноименного романа в стихах А.С. Пушкина. Понимая, что веских причин для дуэли с Ленским нет, что её необходимость вызвана лишь давлением общества, «пружины чести», Онегин всё-таки решает стреляться с поэтом. Его решение, основанное не на справедливых суждениях о ситуации и дружеских чувствах, а на главенстве дворянских принципов над человечностью, приводит к плачевным последствиям. Смерть Ленского доказала, что в ситуации нравственного выбора главное, что должно руководить человеком, - это моральные идеалы и его совесть.\nТаким образом, нравственный выбор – это ситуация, в которой человек должен тщательно обдумывать свои решения. Нужно помнить о том, что твой выбор может повлиять на судьбу других людей.", "fileName": "0005880.json", "selections": [{"id": 0, "group": "error", "startSelection": 34, "endSelection": 46, "explanation": "Повторение однокоренных слов.", "tag": "", "type": "Р.тавт", "subtype": "", "comment": "", "correction": ""}, {"id": 1, "group": "error", "startSelection": 57, "endSelection": 69, "explanation": "Повторение однокоренных слов.", "tag": "", "type": "Р.тавт", "subtype": "", "comment": "", "correction": ""}, {"id": 2, "group": "error", "startSelection": 72, "endSelection": 91, "explanation": "Повторение однокоренных слов.", "tag": "", "type": "Р.тавт", "subtype": "", "comment": "", "correction": ""}, {"id": 3, "group": "error", "startSelection": 94, "endSelection": 105, "explanation": "Повторение однокоренных слов.", "tag": "", "type": "Р.тавт", "subtype": "", "comment": "", "correction": ""}, {"id": 4, "group": "error", "startSelection": 281, "endSelection": 290, "explanation": "Повторение однокоренных слов.", "tag": "", "type": "Р.тавт", "subtype": "", "comment": "", "correction": ""}, {"id": 5, "group": "error", "startSelection": 376, "endSelection": 383, "explanation": "Повторение однокоренных слов.", "tag": "", "type": "Р.тавт", "subtype": "", "comment": "", "correction": ""}, {"id": 6, "group": "error", "startSelection": 477, "endSelection": 483, "explanation": "Разговорное выражение, придающее тексту непринуждённый характер.", "tag": "RAZG.doc -1762191286", "type": "А.лекс", "subtype": "конт", "comment": "", "correction": ""}, {"id": 7, "group": "error", "startSelection": 424, "endSelection": 430, "explanation": "Повторение однокоренных слов.", "tag": "", "type": "Р.тавт", "subtype": "", "comment": "", "correction": ""}, {"id": 8, "group": "error", "startSelection": 636, "endSelection": 639, "explanation": "Повторение одного и того же слова в разных формах.", "tag": "", "type": "Р.повтор", "subtype": "", "comment": "", "correction": ""}, {"id": 9, "group": "error", "startSelection": 699, "endSelection": 704, "explanation": "Повторение одного и того же слова в разных формах.", "tag": "", "type": "Р.повтор", "subtype": "", "comment": "", "correction": ""}, {"id": 10, "group": "error", "startSelection": 713, "endSelection": 720, "explanation": "Повторение однокоренных слов.", "tag": "", "type": "Р.тавт", "subtype": "", "comment": "", "correction": ""}, {"id": 11, "group": "error", "startSelection": 750, "endSelection": 755, "explanation": "Повторение одного и того же слова в разных формах.", "tag": "", "type": "Р.повтор", "subtype": "", "comment": "", "correction": ""}, {"id": 12, "group": "error", "startSelection": 835, "endSelection": 841, "explanation": "Повторение одного и того же слова в разных формах.", "tag": "", "type": "Р.повтор", "subtype": "", "comment": "", "correction": ""}, {"id": 13, "group": "error", "startSelection": 849, "endSelection": 855, "explanation": "Повторение однокоренных слов.", "tag": "", "type": "Р.тавт", "subtype": "", "comment": "", "correction": ""}, {"id": 14, "group": "error", "startSelection": 868, "endSelection": 876, "explanation": "Повторение одного и того же слова в разных формах.", "tag": "", "type": "Р.повтор", "subtype": "", "comment": "", "correction": ""}, {"id": 15, "group": "error", "startSelection": 986, "endSelection": 994, "explanation": "Повторение одного и того же слова в разных формах.", "tag": "", "type": "Р.повтор", "subtype": "", "comment": "", "correction": ""}, {"id": 16, "group": "error", "startSelection": 1026, "endSelection": 1032, "explanation": "Повторение одного и того же слова в разных формах.", "tag": "", "type": "Р.повтор", "subtype": "", "comment": "", "correction": ""}, {"id": 17, "group": "error", "startSelection": 1070, "endSelection": 1076, "explanation": "Повторение одного и того же слова.", "tag": "", "type": "Р.повтор", "subtype": "", "comment": "", "correction": ""}, {"id": 18, "group": "error", "startSelection": 1126, "endSelection": 1133, "explanation": "Повторение одного и того же слова в разных формах.", "tag": "", "type": "Р.повтор", "subtype": "", "comment": "", "correction": ""}, {"id": 19, "group": "error", "startSelection": 1165, "endSelection": 1171, "explanation": "Повторение одного и того же слова.", "tag": "", "type": "Р.повтор", "subtype": "", "comment": "", "correction": ""}, {"id": 20, "group": "error", "startSelection": 1189, "endSelection": 1192, "explanation": "Повторение одного и того же слова.", "tag": "", "type": "Р.повтор", "subtype": "", "comment": "", "correction": ""}, {"id": 21, "group": "error", "startSelection": 1228, "endSelection": 1233, "explanation": "Повторение одного и того же слова в разных формах.", "tag": "", "type": "Р.повтор", "subtype": "", "comment": "", "correction": ""}, {"id": 22, "group": "error", "startSelection": 1291, "endSelection": 1294, "explanation": "Повторение одного и того же слова.", "tag": "", "type": "Р.повтор", "subtype": "", "comment": "", "correction": ""}, {"id": 23, "group": "error", "startSelection": 1402, "endSelection": 1407, "explanation": "Повторение одного и того же слова в разных формах.", "tag": "", "type": "Р.повтор", "subtype": "", "comment": "", "correction": ""}, {"id": 24, "group": "error", "startSelection": 1723, "endSelection": 1734, "explanation": "", "tag": "REPLACE_пр+чный_пр+ческий", "type": "А.лекс", "subtype": "конт", "comment": "", "correction": "человеческого"}, {"id": 25, "group": "error", "startSelection": 1577, "endSelection": 1582, "explanation": "Повторение одного и того же слова в разных формах.", "tag": "", "type": "Р.повтор", "subtype": "", "comment": "", "correction": ""}, {"id": 26, "group": "error", "startSelection": 1674, "endSelection": 1680, "explanation": "Повторение одного и того же слова в разных формах.", "tag": "", "type": "Р.повтор", "subtype": "", "comment": "", "correction": ""}, {"id": 27, "group": "error", "startSelection": 1713, "endSelection": 1722, "explanation": "Повторение одного и того же слова в разных формах.", "tag": "", "type": "Р.повтор", "subtype": "", "comment": "", "correction": ""}, {"id": 28, "group": "error", "startSelection": 1797, "endSelection": 1805, "explanation": "Повторение одного и того же слова в разных формах.", "tag": "", "type": "Р.повтор", "subtype": "", "comment": "", "correction": ""}, {"id": 29, "group": "error", "startSelection": 1893, "endSelection": 1896, "explanation": "", "tag": "REPLACE_это_этот", "type": "А.лекс", "subtype": "конт", "comment": "", "correction": "этот"}, {"id": 30, "group": "error", "startSelection": 2307, "endSelection": 2315, "explanation": "Повторение однокоренных слов.", "tag": "", "type": "Р.тавт", "subtype": "", "comment": "", "correction": ""}, {"id": 31, "group": "error", "startSelection": 2440, "endSelection": 2446, "explanation": "Повторение однокоренных слов.", "tag": "", "type": "Р.тавт", "subtype": "", "comment": "", "correction": ""}, {"id": 32, "group": "error", "startSelection": 2585, "endSelection": 2591, "explanation": "Повторение одного и того же слова в разных формах.", "tag": "", "type": "Р.повтор", "subtype": "", "comment": "", "correction": ""}, {"id": 33, "group": "error", "startSelection": 2652, "endSelection": 2657, "explanation": "Повторение одного и того же слова в разных формах.", "tag": "", "type": "Р.повтор", "subtype": "", "comment": "", "correction": ""}, {"id": 34, "group": "error", "startSelection": 2864, "endSelection": 2870, "explanation": "Повторение одного и того же слова.", "tag": "", "type": "Р.повтор", "subtype": "", "comment": "", "correction": ""}, {"id": 35, "group": "error", "startSelection": 2871, "endSelection": 2874, "explanation": "Повторение одного и того же слова.", "tag": "", "type": "Р.повтор", "subtype": "", "comment": "", "correction": ""}, {"id": 36, "group": "error", "startSelection": 2881, "endSelection": 2886, "explanation": "Повторение однокоренных слов.", "tag": "", "type": "Р.повтор", "subtype": "", "comment": "", "correction": ""}, {"id": 37, "group": "error", "startSelection": 2894, "endSelection": 2897, "explanation": "Повторение одного и того же слова.", "tag": "", "type": "Р.повтор", "subtype": "", "comment": "", "correction": ""}, {"id": 38, "group": "error", "startSelection": 3001, "endSelection": 3006, "explanation": "Повторение однокоренных слов.", "tag": "", "type": "Р.повтор", "subtype": "", "comment": "", "correction": ""}, {"id": 39, "group": "error", "startSelection": 3089, "endSelection": 3095, "explanation": "Повторение одного и того же слова.", "tag": "", "type": "Р.повтор", "subtype": "", "comment": "", "correction": ""}, {"id": 40, "group": "error", "startSelection": 3120, "endSelection": 3126, "explanation": "Повторение одного и того же слова.", "tag": "", "type": "Р.повтор", "subtype": "", "comment": "", "correction": ""}, {"id": 41, "group": "error", "startSelection": 3139, "endSelection": 3144, "explanation": "Повторение однокоренных слов.", "tag": "", "type": "Р.повтор", "subtype": "", "comment": "", "correction": ""}, {"id": 42, "group": "error", "startSelection": 3171, "endSelection": 3177, "explanation": "Повторение однокоренных слов.", "tag": "", "type": "Р.тавт", "subtype": "", "comment": "", "correction": ""}, {"id": 43, "group": "error", "startSelection": 3517, "endSelection": 3525, "explanation": "Повторение одного и того же слова.", "tag": "", "type": "Р.повтор", "subtype": "", "comment": "", "correction": ""}, {"id": 44, "group": "error", "startSelection": 3553, "endSelection": 3563, "explanation": "Повторение однокоренных слов.", "tag": "", "type": "Р.тавт", "subtype": "", "comment": "", "correction": ""}, {"id": 45, "group": "error", "startSelection": 3604, "endSelection": 3612, "explanation": "Повторение однокоренных слов.", "tag": "", "type": "Р.тавт", "subtype": "", "comment": "", "correction": ""}, {"id": 46, "group": "error", "startSelection": 3671, "endSelection": 3679, "explanation": "Повторение одного и того же слова.", "tag": "", "type": "Р.повтор", "subtype": "", "comment": "", "correction": ""}, {"id": 47, "group": "error", "startSelection": 3680, "endSelection": 3693, "explanation": "Повторение одного и того же слова в разных формах.", "tag": "", "type": "Р.повтор", "subtype": "", "comment": "", "correction": ""}, {"id": 48, "group": "error", "startSelection": 3694, "endSelection": 3700, "explanation": "Повторение одного и того же слова в разных формах.", "tag": "", "type": "Р.повтор", "subtype": "", "comment": "", "correction": ""}, {"id": 49, "group": "error", "startSelection": 3701, "endSelection": 3708, "explanation": "Повторение однокоренных слов.", "tag": "", "type": "Р.тавт", "subtype": "", "comment": "", "correction": ""}, {"id": 50, "group": "error", "startSelection": 3714, "endSelection": 3720, "explanation": "Повторение одного и того же слова в разных формах.", "tag": "", "type": "Р.повтор", "subtype": "", "comment": "", "correction": ""}, {"id": 51, "group": "error", "startSelection": 3721, "endSelection": 3731, "explanation": "Повторение однокоренных слов.", "tag": "", "type": "Р.тавт", "subtype": "", "comment": "", "correction": ""}, {"id": 52, "group": "error", "startSelection": 3732, "endSelection": 3741, "explanation": "Повторение одного и того же слова в разных формах.", "tag": "", "type": "Р.повтор", "subtype": "", "comment": "", "correction": ""}, {"id": 53, "group": "error", "startSelection": 3796, "endSelection": 3808, "explanation": "Повторение одного и того же слова в разных формах.", "tag": "", "type": "Р.повтор", "subtype": "", "comment": "", "correction": ""}, {"id": 54, "group": "error", "startSelection": 3809, "endSelection": 3814, "explanation": "Повторение одного и того же слова в разных формах.", "tag": "", "type": "Р.повтор", "subtype": "", "comment": "", "correction": ""}, {"id": 55, "group": "error", "startSelection": 3841, "endSelection": 3848, "explanation": "Повторение одного и того же слова в разных формах.", "tag": "", "type": "Р.повтор", "subtype": "", "comment": "", "correction": ""}, {"id": 56, "group": "error", "startSelection": 3849, "endSelection": 3855, "explanation": "Повторение одного и того же слова в разных формах.", "tag": "", "type": "Р.повтор", "subtype": "", "comment": "", "correction": ""}, {"id": 58, "group": "meaning", "startSelection": 317, "endSelection": 911, "type": "ПРОБЛЕМА", "subtype": "", "explanation": "", "correction": "", "tag": "", "comment": ""}, {"id": 59, "group": "meaning", "startSelection": 912, "endSelection": 1188, "type": "ПРИМЕР", "subtype": "", "explanation": "", "correction": "", "tag": "", "comment": ""}, {"id": 60, "group": "meaning", "startSelection": 1189, "endSelection": 1343, "type": "ПРОБЛЕМА", "subtype": "", "explanation": "", "correction": "", "tag": "", "comment": ""}, {"id": 61, "group": "meaning", "startSelection": 1344, "endSelection": 1428, "type": "ПОЗИЦИЯ", "subtype": "", "explanation": "", "correction": "", "tag": "", "comment": ""}, {"id": 62, "group": "meaning", "startSelection": 1429, "endSelection": 1783, "type": "ПРИМЕР", "subtype": "", "explanation": "", "correction": "", "tag": "", "comment": ""}, {"id": 63, "group": "meaning", "startSelection": 1784, "endSelection": 3780, "type": "ОТНОШЕНИЕ", "subtype": "", "explanation": "", "correction": "", "tag": "", "comment": ""}]}