{"meta": {"uuid": "0004f84a-6384-4c3a-8e3d-d3052e7171c4", "id": "0005891", "name": "0005891_ru_rus_problema_vajnosti_nadejdy_v_jizni_cheloveka_noexp.txt", "subject": "rus", "test": "егэ тренировка", "category": "", "year": 2019, "class": "11", "theme": "Проблема важности надежды в жизни человека (По тексту А. С. Грина)", "taskText": "(1)В Лондоне в 1920 году, зимой, на углу Пикадилли и одного переулка, остановились двое хорошо одетых людей среднего возраста.\n(2)Их внимание было привлечено лежащим без движения, плохо одетым человеком лет двадцати пяти.\n(3)– Стильтон! — брезгливо сказал толстый джентльмен высокому своему приятелю, видя, что тот нагнулся и всматривается в лежащего. (4)–Честное слово, не стоит так много заниматься этой падалью. (5)Он пьян или умер.\n(6)– Я голоден… и я жив, — пробормотал несчастный, приподнимаясь, чтобы взглянуть на Стильтона, который о чём-то задумался.\n(7)Беднягу звали Джон Ив. (8)Он приехал в Лондон из Ирландии искать работу. (9)Ив был сирота, воспитанный в семье лесничего. (10)Кроме начальной школы, он не получил никакого образования. (11)Когда Иву было 15 лет, его воспитатель умер, и Ив некоторое время работал у одного фермера. (12)Затем ему пришлось испытать труд углекопа, матроса, слуги в трактире, а в 22 он заболел воспалением лёгких и, выйдя из больницы, решил попытать счастья в Лондоне. (13)Но найти работу оказалось не так легко. (14)Он ночевал в парках, на пристанях, изголодался, отощал и был поднят Стильтоном, владельцем торговых складов в Сити.\n(15)Стильтон в 40 лет изведал всё, что может за деньги изведать холостой человек, не знающий забот о ночлеге и пище.\n(16)Когда Ив хорошо поел и рассказал Стильтону свою историю, Стильтон заявил:\n(17)– Я хочу сделать вам предложение, от которого у вас сразу блеснут глаза. (18)Слушайте: я выдаю вам десять фунтов с условием, что вы завтра же наймёте комнату на одной из центральных улиц, во втором этаже, с окном на улицу. (19)Каждый вечер, точно от пяти до двенадцати ночи, на подоконнике одного окна, всегда одного и того же, должна стоять зажжённая лампа, прикрытая зелёным абажуром. (20)Пока лампа горит назначенный ей срок, вы от пяти до двенадцати не будете выходить из дому, не будете никого принимать и ни с кем не будете говорить. (21)Одним словом, работа нетрудная, и, если вы согласны так поступить, — я буду ежемесячно присылать вам десять фунтов.\n(22)– Если вы не шутите, — отвечал Ив, страшно изумлённый предложением, — то я согласен. (23)Но скажите, пожалуйста, — как долго будет длиться такое моё благоденствие?\n(24)– Это неизвестно. (25)Может быть, год, может быть, — всю жизнь.\n(26)Так состоялась странная сделка, после которой бродяга и миллионер расстались, вполне довольные друг другом.\n(27)В 1928 году больница для бедных, помещающаяся на одной из лондонских окраин, огласилась дикими воплями: кричал от страшной боли только что привезённый старик, грязный, скверно одетый человек с истощённым лицом. (28)Он сломал ногу, оступившись на чёрной лестнице.\n(29)Хирург, осматривавший беднягу, заключил, что необходима операция. (30)Она была тут же произведена, после чего ослабевшего старика положили на койку, и он скоро уснул, а проснувшись, увидел, что перед ним сидит тот самый хирург, который лишил его правой ноги.\n(31)– Так вот как пришлось нам встретиться! — сказал доктор. (32)–Узнаёте ли вы меня, мистер Стильтон? (33)Я — Джон Ив, которому вы поручили дежурить каждый день у горящей зелёной лампы. (34)Я узнал вас с первого взгляда.\n(35)– Тысяча чертей! — пробормотал, вглядываясь, Стильтон.\n(36)–Что произошло? (37)Возможно ли это?\n(38)– Да. (39)Расскажите, что так резко изменило ваш образ жизни?\n(40)– Я разорился… (41)Вот уже три года, как я стал нищим.\n(42)А вы?\n(43)– Я несколько лет зажигал лампу, — улыбнулся Ив, — и вначале от скуки, а потом уже с увлечением начал читать всё, что мне попадалось под руку. (44)Однажды я раскрыл старую анатомию, лежавшую на этажерке той комнаты, где я жил, и был поражён. (45)Передо мной открылась увлекательная страна тайн человеческого организма. (46)Как пьяный, я просидел всю ночь над этой книгой, а утром отправился в библиотеку и спросил: (47)«Что надо изучить, чтобы сделаться доктором?» (48)Ответ был насмешлив: (49)«Изучите математику, геометрию, ботанику, зоологию, морфологию, биологию, фармакологию, латынь и т. д.» (50)Но я упрямо допрашивал, и я всё записал для себя на память.\n(51)К тому времени я уже два года жёг зелёную лампу.\n(52)У меня было куплено достаточно книг, чтобы учиться, учиться и учиться, несмотря ни на что.\n(53)– А дальше? — тихо спросил Стильтон.\n(54)– Дальше? (55)Хорошо. (56)Если желание сильно, то исполнение не замедлит. (57)В одной со мной квартире жил студент, который принял во мне участие и помог мне, года через полтора, сдать экзамены для поступления в медицинский колледж. (58)Как видите, я оказался способным человеком…\n(59)Наступило молчание.\n(60)– Я давно не подходил к вашему окну, — произнёс потрясённый рассказом Ива Стильтон, — давно… очень давно. (61)Но мне теперь кажется, что там все ещё горит зелёная лампа… лампа, озаряющая темноту ночи. (62)Простите меня.\n(63)Ив вынул часы.\n(64)– Десять часов. (65)Вам пора спать, — сказал он. (66)–Вероятно, через три недели вы сможете покинуть больницу. (67)Тогда позвоните мне, — быть может, я дам вам работу в нашей амбулатории: записывать имена приходящих больных. (68)А спускаясь по тёмной лестнице, зажигайте… хотя бы спичку."}, "text": "Необходима ли нам надежда? Какую роль она играет в судьбе человека? Эти вопросы ставит перед читателями А. С. Грин. Писатель поднимает проблему значимости надежды.\nАвтор рассуждает о важной роли веры в лучшее на примере своих героев. В качестве первого аргумента рассмотрим историю жизни Джона Ива. Мужчина “несколько лет зажигал лампу”, и “сначала от скуки, потом с увлечением” начал читать все, “что попадалось под руку”. Так он прочитал и книгу по анатомии, поразившую его, после чего захотел стать доктором. Несмотря на то, что для осуществления мечты Иву требовалось выучить многое, он начал подготовку. Джон поступил в медицинский колледж. И на протяжении всех лет подготовки хирурга сопровождал символ его надежды — зелёная лампа. Так, благодаря упорству, поддерживаемому надеждой, человек может осуществить свою мечту.\nЕсли вера в лучшее способна помочь человеку, то отчаяние напротив может сделать судьбу ещё более тяжелой. В качестве второго аргумента рассмотрим судьбу другого персонажа текста. Стильтон “бросил деньги” Иву. Мужчина считал Джона “классическим дураком”, так как “тот ждал обещанных чудесных вещей”. При этом Стильтон замечает, что у Ива есть надежда, противопоставляя в этом Джона себе. В конце повествования хирург говорит пациенту: ”А спускаясь по темной лестнице, зажигайте...хотя бы спичку”, тем самым говоря о необходимости сохранения хоть малейшей надежды на лучшее будущее. Так, жизнь человека не становится лучше, если он отчаивается.\nВ примерах, связанных по принципу противопоставления, А. С. Грин показывает нам значимость надежды для людей. Писатель убеждает нас в том, что надежда может сделать жизнь человека лучше, а отчаяние напротив не даст человеку изменить его судьбу.\nЯ не могу не согласиться с автором. Действительно, вера в лучшее играет важную роль в жизни каждого. Так, в произведении А. С. Грина “Алые паруса” надежда изменила жизнь главной героини. Поверив словам собирателя легенд, Ассоль ждала принца, который приплывет к ней на корабле с алыми парусами. Из-за этих фантазий девушку считали сумасшедшей, что ещё сильнее отдалило её от земляков. Находясь наедине с собой, Ассоль становилась мечтательнее, замечая множество вещей, непонятных и ненужных жителям Каперны. Благодаря этому её заметил Артур Грей, впоследствии осуществивший мечту девушки. Так, надежда изменяет и человека,и его судьбу.\nУ каждого бывают события, заставляющие отчаяться, но нам важно сохранять веру в лучшее, ведь только надежда может помочь стать лучше и изменить судьбу, о чем и говорит А. С. Грин в предложенном тексте.", "fileName": "0005891.json", "selections": [{"id": 0, "group": "error", "startSelection": 125, "endSelection": 143, "explanation": "Проблему можно «поставить», «выдвинуть», «обозначить» или «рассмотреть», но лучше ее не «поднимать».", "tag": "", "type": "Р.СОЧЕТ", "subtype": null, "comment": "", "correction": ""}, {"id": 1, "group": "error", "startSelection": 385, "endSelection": 391, "explanation": "Повторение однокоренных слов.", "tag": "", "type": "Р.тавт", "subtype": "", "comment": "", "correction": ""}, {"id": 2, "group": "error", "startSelection": 431, "endSelection": 439, "explanation": "Повторение однокоренных слов.", "tag": "", "type": "Р.тавт", "subtype": "", "comment": "", "correction": ""}, {"id": 3, "group": "error", "startSelection": 789, "endSelection": 796, "explanation": "Повторение одного и того же слова в разных формах.", "tag": "", "type": "Р.повтор", "subtype": "", "comment": "", "correction": ""}, {"id": 4, "group": "error", "startSelection": 797, "endSelection": 802, "explanation": "Повторение одного и того же слова.", "tag": "", "type": "Р.повтор", "subtype": "", "comment": "", "correction": ""}, {"id": 5, "group": "error", "startSelection": 855, "endSelection": 861, "explanation": "Повторение одинаковых и однокоренных слов.", "tag": "", "type": "Р.тавт", "subtype": "", "comment": "", "correction": ""}, {"id": 6, "group": "error", "startSelection": 862, "endSelection": 870, "explanation": "Повторение одного и того же слова в разных формах.", "tag": "", "type": "Р.повтор", "subtype": "", "comment": "", "correction": ""}, {"id": 7, "group": "error", "startSelection": 893, "endSelection": 898, "explanation": "Повторение одинаковых и однокоренных слов.", "tag": "", "type": "Р.повтор", "subtype": "", "comment": "", "correction": ""}, {"id": 8, "group": "error", "startSelection": 907, "endSelection": 913, "explanation": "Повторение одного и того же слова.", "tag": "", "type": "Р.повтор", "subtype": "", "comment": "", "correction": ""}, {"id": 9, "group": "error", "startSelection": 973, "endSelection": 979, "explanation": "Повторение одного и того же слова.", "tag": "", "type": "Р.повтор", "subtype": "", "comment": "", "correction": ""}, {"id": 10, "group": "error", "startSelection": 1071, "endSelection": 1078, "explanation": "Слово с ярко выраженной экспрессивной окраской.", "tag": "EXPRES.doc -1914384701", "type": "А.лекс", "subtype": "конт", "comment": "", "correction": ""}, {"id": 11, "group": "error", "startSelection": 1158, "endSelection": 1159, "explanation": "Предлог {\"у\"} не связан со словом {\"Ива\"}.", "tag": "message.txt: 2:3", "type": "А.лекс", "subtype": "конт", "comment": "", "correction": ""}, {"id": 12, "group": "error", "startSelection": 1160, "endSelection": 1163, "explanation": "Предлог {\"у\"} не связан со словом {\"Ива\"}.", "tag": "message.txt: 2:3", "type": "А.лекс", "subtype": "конт", "comment": "", "correction": ""}, {"id": 13, "group": "error", "startSelection": 1130, "endSelection": 1134, "explanation": "Повторение одного и того же слова.", "tag": "", "type": "Р.повтор", "subtype": "", "comment": "", "correction": ""}, {"id": 14, "group": "error", "startSelection": 1169, "endSelection": 1176, "explanation": "Повторение одного и того же слова в разных формах.", "tag": "", "type": "Р.повтор", "subtype": "", "comment": "", "correction": ""}, {"id": 15, "group": "error", "startSelection": 1197, "endSelection": 1201, "explanation": "Повторение одного и того же слова.", "tag": "", "type": "Р.повтор", "subtype": "", "comment": "", "correction": ""}, {"id": 16, "group": "error", "startSelection": 1305, "endSelection": 1307, "explanation": "Не хватает пробела.", "tag": "message.txt: 4:0", "type": "А.лекс", "subtype": "конт", "comment": "", "correction": ". х"}, {"id": 17, "group": "error", "startSelection": 1243, "endSelection": 1250, "explanation": "Повторение одного и того же слова в разных формах.", "tag": "", "type": "Р.повтор", "subtype": "", "comment": "", "correction": ""}, {"id": 18, "group": "error", "startSelection": 1277, "endSelection": 1283, "explanation": "Повторение однокоренных слов.", "tag": "", "type": "Р.тавт", "subtype": "", "comment": "", "correction": ""}, {"id": 19, "group": "error", "startSelection": 1323, "endSelection": 1326, "explanation": "Повторение однокоренных слов.", "tag": "", "type": "Р.тавт", "subtype": "", "comment": "", "correction": ""}, {"id": 20, "group": "error", "startSelection": 1333, "endSelection": 1339, "explanation": "Повторение одного и того же слова в разных формах.", "tag": "", "type": "Р.повтор", "subtype": "", "comment": "", "correction": ""}, {"id": 21, "group": "error", "startSelection": 1381, "endSelection": 1388, "explanation": "Повторение одного и того же слова в разных формах.", "tag": "", "type": "Р.повтор", "subtype": "", "comment": "", "correction": ""}, {"id": 22, "group": "error", "startSelection": 1546, "endSelection": 1549, "explanation": "Повторение одного и того же слова в разных формах.", "tag": "", "type": "Р.повтор", "subtype": "", "comment": "", "correction": ""}, {"id": 23, "group": "error", "startSelection": 1561, "endSelection": 1568, "explanation": "Повторение одного и того же слова в разных формах.", "tag": "", "type": "Р.повтор", "subtype": "", "comment": "", "correction": ""}, {"id": 24, "group": "error", "startSelection": 1598, "endSelection": 1601, "explanation": "Повторение одного и того же слова в разных формах.", "tag": "", "type": "Р.повтор", "subtype": "", "comment": "", "correction": ""}, {"id": 25, "group": "error", "startSelection": 1613, "endSelection": 1620, "explanation": "Повторение одного и того же слова в разных формах.", "tag": "", "type": "Р.повтор", "subtype": "", "comment": "", "correction": ""}, {"id": 26, "group": "error", "startSelection": 1621, "endSelection": 1626, "explanation": "Повторение одного и того же слова в разных формах.", "tag": "", "type": "Р.повтор", "subtype": "", "comment": "", "correction": ""}, {"id": 27, "group": "error", "startSelection": 1635, "endSelection": 1640, "explanation": "Повторение одного и того же слова в разных формах.", "tag": "", "type": "Р.повтор", "subtype": "", "comment": "", "correction": ""}, {"id": 28, "group": "error", "startSelection": 1720, "endSelection": 1724, "explanation": "Повторение одного и того же слова в разных формах.", "tag": "", "type": "Р.повтор", "subtype": "", "comment": "", "correction": ""}, {"id": 29, "group": "error", "startSelection": 1801, "endSelection": 1806, "explanation": "Повторение одного и того же слова в разных формах.", "tag": "", "type": "Р.повтор", "subtype": "", "comment": "", "correction": ""}, {"id": 30, "group": "error", "startSelection": 1879, "endSelection": 1884, "explanation": "Повторение одного и того же слова в разных формах.", "tag": "", "type": "Р.повтор", "subtype": "", "comment": "", "correction": ""}, {"id": 31, "group": "error", "startSelection": 2145, "endSelection": 2157, "explanation": "Повторение однокоренных слов.", "tag": "", "type": "Р.тавт", "subtype": "", "comment": "", "correction": ""}, {"id": 32, "group": "error", "startSelection": 2242, "endSelection": 2249, "explanation": "", "tag": "REPLACE_отметить_отменить", "type": "А.лекс", "subtype": "конт", "comment": "", "correction": "заменил"}, {"id": 33, "group": "error", "startSelection": 2289, "endSelection": 2294, "explanation": "Повторение однокоренных слов.", "tag": "", "type": "Р.тавт", "subtype": "", "comment": "", "correction": ""}, {"id": 34, "group": "error", "startSelection": 2336, "endSelection": 2338, "explanation": "Не хватает пробела.", "tag": "message.txt: 4:0", "type": "А.лекс", "subtype": "конт", "comment": "", "correction": ", и"}, {"id": 35, "group": "error", "startSelection": 2350, "endSelection": 2552, "explanation": "Предложение сложно для восприятия, так как перегружено глаголами. Попробуйте разбить его на несколько более коротких.", "tag": "message.txt: 3:2", "type": "А.лекс", "subtype": "конт", "comment": "", "correction": ""}, {"id": 36, "group": "error", "startSelection": 2361, "endSelection": 2367, "explanation": "Повторение однокоренных слов.", "tag": "", "type": "Р.тавт", "subtype": "", "comment": "", "correction": ""}, {"id": 37, "group": "error", "startSelection": 2368, "endSelection": 2375, "explanation": "Повторение однокоренных слов.", "tag": "", "type": "Р.тавт", "subtype": "", "comment": "", "correction": ""}, {"id": 38, "group": "error", "startSelection": 2459, "endSelection": 2464, "explanation": "Повторение однокоренных слов.", "tag": "", "type": "Р.тавт", "subtype": "", "comment": "", "correction": ""}, {"id": 39, "group": "error", "startSelection": 2465, "endSelection": 2471, "explanation": "Повторение однокоренных слов.", "tag": "", "type": "Р.тавт", "subtype": "", "comment": "", "correction": ""}, {"id": 41, "group": "meaning", "startSelection": 116, "endSelection": 163, "type": "ПРОБЛЕМА", "subtype": "", "explanation": "", "correction": "", "tag": "", "comment": ""}, {"id": 42, "group": "meaning", "startSelection": 164, "endSelection": 233, "type": "ПРИМЕР", "subtype": "", "explanation": "", "correction": "", "tag": "", "comment": ""}, {"id": 43, "group": "meaning", "startSelection": 234, "endSelection": 826, "type": "ПОЯСНЕНИЕ", "subtype": "", "explanation": "", "correction": "", "tag": "", "comment": ""}, {"id": 44, "group": "meaning", "startSelection": 1470, "endSelection": 1714, "type": "ПОЗИЦИЯ", "subtype": "", "explanation": "", "correction": "", "tag": "", "comment": ""}, {"id": 45, "group": "meaning", "startSelection": 1715, "endSelection": 2552, "type": "ОТНОШЕНИЕ", "subtype": "", "explanation": "", "correction": "", "tag": "", "comment": ""}]}