{"meta": {"uuid": "5ec89e40-9caa-4f21-bbab-9818d73b6bab", "id": "0005833", "name": "0005833_ru_rus_problema_dobra_i_zla_v_chelovecheskom_obshchestve_noexp.txt", "subject": "rus", "test": "егэ тренировка", "category": "", "year": 2019, "class": "11", "theme": "Проблема добра и зла в человеческом обществе (по тексту Д. С. Лихачёва)", "taskText": "(1)Человек должен излучать доброту и жить в сфере добра. (2)Эта сфера добра в значительной степени создаётся им самим. (3)Она создаётся из его добрых дел, добрых чувств, добрых воздействий на окружающую среду, памяти на добро.\n(4)Злое дело забывается быстрее, чем доброе. (5)Может быть, это происходит оттого, что вспоминать хорошее приятнее, чем злое? (6)Конечно, приятнее! (7)Но дело и в другом. (8)Зло дробит общество. (9)Оно «сепаратно» по своей природе. (10)Добро же социально в широком смысле этого слова. (11)Оно соединяет, объединяет, роднит. (12)Оно вызывает симпатию, дружбу, любовь. (13)Поэтому злые объединения недолговечны. (14)Они основываются на общности временных интересов.\n(15)«Волчья стая», обозлённая, дикая, жестокая, безжалостная, оскалившаяся, со вздыбленной шерстью, с налитыми кровью глазами, рано или поздно кончается дракой волков. (16)Объединение же на почве доброго дела, добрых чувств, доброты живёт даже тогда, когда завершено само доброе дело, послужившее причиной его создания. (17)Доброе объединение живёт в душах людей даже тогда, когда завершена и забыта практическая необходимость такого объединения.\n(18)Добро выше практической нужды! (19)Потому в жизни добро и, соответственно, доброта, пожалуй, ценнее всего, и при этом доброта умная, целенаправленная. (20)Умная доброта – самое ценное в человеке, самое к нему располагающее и самое в конечном счёте верное по пути к личному счастью. (21)Счастья достигает тот, кто стремится сделать счастливыми других и способен хоть на время забыть о своих интересах, о себе. (22)Это «неразменный рубль».\n(23)Вот тут обратим внимание ещё на одну черту сферы добра. (24)Она плотно связана с традициями родной культуры, с культурой человечества вообще, с его прошлым и будущим. (25)Сфера добра большая. (26)Сфера добра прочная, несокрушимая, хотя и труднее достигается, чем формируется сфера зла. (27)Сфера добра ближе к вечности.\n(28)Вот почему сфера добра требует от каждого из нас внимания к истории – своей и мировой, к культурным ценностям, накопленным всем человечеством, к ценностям гуманитарным в первую очередь. (29)Изобразительное искусство, литература, музыка, архитектура, градостроительство и природный ландшафт, созданный одной природой или природой в союзе с человеком, – изучение всех этих гуманитарных ценностей умножает, укрепляет, повышает нравственность отдельного человека и всего общества. (30)А без нравственности, в свою очередь, не действуют социальные и экономические, исторические и любые другие законы, которые создают благосостояние и самосознание человечества.\n(31)И в этом огромный практический результат «непрактического» по своей природе добра.\n(32)Вот почему дело каждого в отдельности и всех вместе – приумножать добро, чтить и хранить традиции, знать и уважать родную историю и историю всего человечества. (33)Знать это, помнить об этом всегда и следовать путями добра и доброты – очень и очень важно."}, "text": "Д. С. Лихачёв поднимает тему добра и зла в человеческом обществе. Насколько глубокое влияние они оказывают на социум, и как отражаются на людях. Автор отмечает, что доброта является естественной для человека: «человек должен излучать доброту и жить в сфере добра». Между тем, злые объединения «недолговечны» и «дробят общество», поскольку основаны на практических интересах, которые рано или поздно пересекутся. Добрые же дела и объединения существуют, даже когда отпадает практическая их необходимость, автор пишет: «сфера добра ближе к вечности».\nПозиция автора по данной проблеме ясно выражается на протяжении всего текста. Особенно явно её можно увидеть в предложениях 18-22. Лихачёв говорит о том, что доброта, особенно доброта целенаправленная, является высшей ценностью в жизни людей. Добрыми поступками, человек не только показывает себя с лучшей стороны как личность, но и преумножает доброту в окружающих его людях. При этом человек злой, натыкается на зло в ответ.\nЯ согласен с позицией, высказанной автором по данной проблеме: добрые поступки – одна из главных нравственных ценностей людей, их положительное влияние на общество в целом и личность в частности неоспоримо. Зло же деструктивно по своей природе и оказывает, в конечном итоге, только пагубное воздействие в жизни людей.\nКакую роль может оказать на отчаявшихся людей доброта, можно увидеть на примере Сони Мармеладовой в романе Ф. М, Достоевского «Преступление и наказание». Героиню в романе отличает трудолюбие, искренность и бескорыстность поступков. О её натуре многое говорит уже то, что она последовала за Родионом на каторгу, и даже там, в тяжелейших условиях, она не изменила своим душевным принципам, чем вызвала уважение и любовь каторжников. Ухаживая за Раскольниковым, она постепенно начала возвращать к жизни этого, фактически совершившего моральное самоубийство, человека.\nДругой пример того, как стремление к добру побуждает людей, вопреки собственному благополучию, совершать благородные поступки, виден на примере людей, которые во время Второй Мировой Войны укрывали у себя дома жертв нацистского режима. Рискуя не только своей жизнью, но и жизнью своей семьи, эти люди просто не могли поступить иначе, поскольку тогда они бы потеряли человечность в собственных глазах. Этот подвиг многих людей навеки вошел на страницы истории, как символ храбрости и силы человеческого духа.\nПодведя итоги, еще раз отмечу: доброта – одно из высших человеческих качеств, объединения на основе добра, в отличие от злых, могут существовать очень долго, поскольку они роднят людей и укрепляют социум. Без нравственности невозможно было бы нормального существования человечества.", "fileName": "0005833.json", "selections": [{"id": 0, "group": "error", "startSelection": 165, "endSelection": 172, "explanation": "Повторение одного и того же слова в разных формах.", "tag": "", "type": "Р.повтор", "subtype": "", "comment": "", "correction": ""}, {"id": 1, "group": "error", "startSelection": 199, "endSelection": 207, "explanation": "Повторение одного и того же слова в разных формах.", "tag": "", "type": "Р.повтор", "subtype": "", "comment": "", "correction": ""}, {"id": 2, "group": "error", "startSelection": 210, "endSelection": 217, "explanation": "Повторение одного и того же слова в разных формах.", "tag": "", "type": "Р.повтор", "subtype": "", "comment": "", "correction": ""}, {"id": 3, "group": "error", "startSelection": 234, "endSelection": 241, "explanation": "Повторение одного и того же слова в разных формах.", "tag": "", "type": "Р.повтор", "subtype": "", "comment": "", "correction": ""}, {"id": 4, "group": "error", "startSelection": 257, "endSelection": 262, "explanation": "Повторение одного и того же слова в разных формах.", "tag": "", "type": "Р.повтор", "subtype": "", "comment": "", "correction": ""}, {"id": 5, "group": "error", "startSelection": 281, "endSelection": 292, "explanation": "Повторение одного и того же слова.", "tag": "", "type": "Р.повтор", "subtype": "", "comment": "", "correction": ""}, {"id": 6, "group": "error", "startSelection": 351, "endSelection": 363, "explanation": "Повторение одного и того же слова в разных формах.", "tag": "", "type": "Р.повтор", "subtype": "", "comment": "", "correction": ""}, {"id": 7, "group": "error", "startSelection": 412, "endSelection": 418, "explanation": "Повторение одного и того же слова в разных формах.", "tag": "", "type": "Р.повтор", "subtype": "", "comment": "", "correction": ""}, {"id": 8, "group": "error", "startSelection": 429, "endSelection": 440, "explanation": "Повторение одного и того же слова.", "tag": "", "type": "Р.повтор", "subtype": "", "comment": "", "correction": ""}, {"id": 9, "group": "error", "startSelection": 473, "endSelection": 485, "explanation": "Повторение одного и того же слова в разных формах.", "tag": "", "type": "Р.повтор", "subtype": "", "comment": "", "correction": ""}, {"id": 10, "group": "error", "startSelection": 524, "endSelection": 529, "explanation": "Повторение одного и того же слова в разных формах.", "tag": "", "type": "Р.повтор", "subtype": "", "comment": "", "correction": ""}, {"id": 11, "group": "error", "startSelection": 627, "endSelection": 635, "explanation": "Повторение одного и того же слова.", "tag": "", "type": "Р.повтор", "subtype": "", "comment": "", "correction": ""}, {"id": 12, "group": "error", "startSelection": 636, "endSelection": 640, "explanation": "Повторение однокоренных слов.", "tag": "", "type": "Р.тавт", "subtype": "", "comment": "", "correction": ""}, {"id": 13, "group": "error", "startSelection": 707, "endSelection": 714, "explanation": "Повторение одного и того же слова в разных формах.", "tag": "", "type": "Р.повтор", "subtype": "", "comment": "", "correction": ""}, {"id": 14, "group": "error", "startSelection": 716, "endSelection": 724, "explanation": "Повторение одного и того же слова.", "tag": "", "type": "Р.повтор", "subtype": "", "comment": "", "correction": ""}, {"id": 15, "group": "error", "startSelection": 725, "endSelection": 732, "explanation": "Повторение одного и того же слова в разных формах.", "tag": "", "type": "Р.повтор", "subtype": "", "comment": "", "correction": ""}, {"id": 16, "group": "error", "startSelection": 751, "endSelection": 759, "explanation": "Повторение однокоренных слов.", "tag": "", "type": "Р.тавт", "subtype": "", "comment": "", "correction": ""}, {"id": 17, "group": "error", "startSelection": 882, "endSelection": 893, "explanation": "", "tag": "REPLACE_пре_при", "type": "А.лекс", "subtype": "конт", "comment": "", "correction": "приумножает"}, {"id": 18, "group": "error", "startSelection": 812, "endSelection": 819, "explanation": "Повторение одного и того же слова.", "tag": "", "type": "Р.повтор", "subtype": "", "comment": "", "correction": ""}, {"id": 19, "group": "error", "startSelection": 894, "endSelection": 901, "explanation": "Повторение одного и того же слова в разных формах.", "tag": "", "type": "Р.повтор", "subtype": "", "comment": "", "correction": ""}, {"id": 20, "group": "error", "startSelection": 960, "endSelection": 966, "explanation": "Если это наречие в значении {\"наперекор\"}, то оно пишется слитно.", "tag": "Equivale.doc -765688813", "type": "А.лекс", "subtype": "конт", "comment": "", "correction": ""}, {"id": 21, "group": "error", "startSelection": 935, "endSelection": 942, "explanation": "Повторение одного и того же слова.", "tag": "", "type": "Р.повтор", "subtype": "", "comment": "", "correction": ""}, {"id": 22, "group": "error", "startSelection": 943, "endSelection": 947, "explanation": "Повторение одного и того же слова в разных формах.", "tag": "", "type": "Р.повтор", "subtype": "", "comment": "", "correction": ""}, {"id": 23, "group": "error", "startSelection": 963, "endSelection": 966, "explanation": "Повторение одного и того же слова в разных формах.", "tag": "", "type": "Р.повтор", "subtype": "", "comment": "", "correction": ""}, {"id": 24, "group": "error", "startSelection": 1096, "endSelection": 1101, "explanation": "Повторение одного и того же слова.", "tag": "", "type": "Р.повтор", "subtype": "", "comment": "", "correction": ""}, {"id": 25, "group": "error", "startSelection": 1222, "endSelection": 1231, "explanation": "Повторение однокоренных слов.", "tag": "", "type": "Р.тавт", "subtype": "", "comment": "", "correction": ""}, {"id": 26, "group": "error", "startSelection": 1287, "endSelection": 1292, "explanation": "Повторение одного и того же слова.", "tag": "", "type": "Р.повтор", "subtype": "", "comment": "", "correction": ""}, {"id": 27, "group": "error", "startSelection": 1311, "endSelection": 1318, "explanation": "Повторение однокоренных слов.", "tag": "", "type": "Р.тавт", "subtype": "", "comment": "", "correction": ""}, {"id": 28, "group": "error", "startSelection": 1334, "endSelection": 1339, "explanation": "Повторение одного и того же слова.", "tag": "", "type": "Р.повтор", "subtype": "", "comment": "", "correction": ""}, {"id": 29, "group": "error", "startSelection": 1596, "endSelection": 1603, "explanation": "Повторение однокоренных слов.", "tag": "", "type": "Р.тавт", "subtype": "", "comment": "", "correction": ""}, {"id": 30, "group": "error", "startSelection": 1712, "endSelection": 1723, "explanation": "Повторение однокоренных слов.", "tag": "", "type": "Р.тавт", "subtype": "", "comment": "", "correction": ""}, {"id": 31, "group": "error", "startSelection": 1812, "endSelection": 1824, "explanation": "Повторение однокоренных слов.", "tag": "", "type": "Р.тавт", "subtype": "", "comment": "", "correction": ""}, {"id": 32, "group": "error", "startSelection": 1866, "endSelection": 1872, "explanation": "Повторение одного и того же слова в разных формах.", "tag": "", "type": "Р.повтор", "subtype": "", "comment": "", "correction": ""}, {"id": 33, "group": "error", "startSelection": 1912, "endSelection": 1917, "explanation": "Повторение одного и того же слова в разных формах.", "tag": "", "type": "Р.повтор", "subtype": "", "comment": "", "correction": ""}, {"id": 34, "group": "error", "startSelection": 1954, "endSelection": 1963, "explanation": "Повторение однокоренных слов.", "tag": "", "type": "Р.тавт", "subtype": "", "comment": "", "correction": ""}, {"id": 35, "group": "error", "startSelection": 1995, "endSelection": 2002, "explanation": "Повторение одного и того же слова в разных формах.", "tag": "", "type": "Р.повтор", "subtype": "", "comment": "", "correction": ""}, {"id": 36, "group": "error", "startSelection": 2003, "endSelection": 2008, "explanation": "Повторение одного и того же слова в разных формах.", "tag": "", "type": "Р.повтор", "subtype": "", "comment": "", "correction": ""}, {"id": 37, "group": "error", "startSelection": 2112, "endSelection": 2124, "explanation": "Слово «свой» применительно к жизни часто избыточно, поскольку жизнь у человека всегда «своя».", "tag": "", "type": "Р.ЛИШН", "subtype": "лишн", "comment": "", "correction": ""}, {"id": 38, "group": "error", "startSelection": 2155, "endSelection": 2159, "explanation": "Повторение одного и того же слова в разных формах.", "tag": "", "type": "Р.повтор", "subtype": "", "comment": "", "correction": ""}, {"id": 39, "group": "error", "startSelection": 2279, "endSelection": 2284, "explanation": "Повторение одного и того же слова в разных формах.", "tag": "", "type": "Р.повтор", "subtype": "", "comment": "", "correction": ""}, {"id": 40, "group": "error", "startSelection": 2347, "endSelection": 2360, "explanation": "Повторение одного и того же слова в разных формах.", "tag": "", "type": "Р.повтор", "subtype": "", "comment": "", "correction": ""}, {"id": 41, "group": "error", "startSelection": 2423, "endSelection": 2435, "explanation": "Повторение одного и того же слова в разных формах.", "tag": "", "type": "Р.повтор", "subtype": "", "comment": "", "correction": ""}, {"id": 42, "group": "error", "startSelection": 2499, "endSelection": 2511, "explanation": "Повторение однокоренных слов.", "tag": "", "type": "Р.тавт", "subtype": "", "comment": "", "correction": ""}, {"id": 43, "group": "error", "startSelection": 2622, "endSelection": 2635, "explanation": "Повторение однокоренных слов.", "tag": "", "type": "Р.тавт", "subtype": "", "comment": "", "correction": ""}, {"id": 45, "group": "meaning", "startSelection": 549, "endSelection": 626, "type": "ПРОБЛЕМА", "subtype": "", "explanation": "", "correction": "", "tag": "", "comment": ""}, {"id": 46, "group": "meaning", "startSelection": 627, "endSelection": 791, "type": "ПРИМЕР", "subtype": "", "explanation": "", "correction": "", "tag": "", "comment": ""}, {"id": 47, "group": "meaning", "startSelection": 792, "endSelection": 975, "type": "ПОЯСНЕНИЕ", "subtype": "", "explanation": "", "correction": "", "tag": "", "comment": ""}, {"id": 48, "group": "meaning", "startSelection": 976, "endSelection": 2649, "type": "ОТНОШЕНИЕ", "subtype": "", "explanation": "", "correction": "", "tag": "", "comment": ""}]}