{"meta": {"uuid": "b81872e5-09ca-427b-be1a-24d7b393282c", "id": "0005817", "name": "0005817_ru_rus_problema_sohraneniya_pamyatnikov_kultury_noexp.txt", "subject": "rus", "test": "егэ тренировка", "category": "", "year": 2018, "class": "11", "theme": "Проблема сохранения памятников культуры ( по тексту А. И. Солженицына)", "taskText": "(1)Яконов взбирался тропинкой через пустырь, не замечая — куда, не замечая подъёма. (2)И ноги устали, вывихиваясь от неровностей. (3)И тогда с высокого места, куда он забрёл, он уже разумными глазами огляделся, пытаясь понять, где он. (4)3емля под ногами в обломках кирпича, в щебне, в битом стекле, и какой-то покосившийся тесовый сарайчик или будка по соседству, и оставшийся внизу забор вокруг большой площади под неначатое строительство. (5)А в горке этой, подвергшейся странному запустению неподалёку от центра столицы, шли вверх белые ступени, числом около семи, потом прекращались и начинались, кажется, вновь. (6)Какое-то глухое воспоминание колыхнулось в Яконове при виде этих белых ступеней, а куда вели ступени, плохо различалось в темноте: здание странной формы, одновременно как бы разрушенное и уцелевшее. (7)Лестница поднималась к широким железным дверям, закрытым наглухо и по колено заваленным слежавшимся щебнем. (8)Да! (9)Да! (10)Разящее воспоминание подхлестнуло Яконова. (11)Он оглянулся. (12)Промеченная рядами фонарей, далеко внизу вилась река, странно знакомой излучиной уходя под мост и дальше к Кремлю. (13) Но колокольня? (14)Её нет. (15)Или эти груды камня — от колокольни? (16)Яконову стало горячо в глазах. (17)Он зажмурился, тихо сел. (18)На каменные обломки, завалившие паперть. (19)Двадцать два года назад на этом самом месте он стоял с девушкой, которую звали Агния. (20)Той самой осенью под вечер они шли переулками у Таганской площади, и Агния сказала своим тихим голосом, который трудно расслышивался в городском громыхании:\n—(21)Хочешь, я покажу тебе одно из самых красивых мест в Москве?\n(22)И подвела его к ограде маленькой кирпичной церкви, окрашенной в белую и красную краску и обращенной алтарём в кривой безымянный переулок. (23)Внутри ограды было тесно, шла только вокруг церквушки узкая дорожка для крестного хода. (24)И тут же рос, в углу ограды, старый большой дуб, он был выше церкви, его ветви, уже жёлтые, осеняли и купол, и переулок, отчего церковь казалась совсем крохотной.\n— (25)Вот эта церковь,— сказала Агния.\n— (26)Но не самое красивое место в Москве.\n— (27)А подожди.\n(28)Она провела его к паперти главного входа, вышла из тени в поток заката и села на низкий парапет, где обрывалась ограда и начинался просвет для ворот.\n—(29)Так смотри!\n(30)Антон ахнул. (31)Они вывалились из теснины города и вышли на крутую высоту с просторной открытой далью. (32) Река горела на солнце. (33)Слева лежало Замоскворечье, ослепляя жёлтым блеском стёкол, почти под ногами в Москву-реку вливалась Яуза, справа за ней высились резные контуры Кремля, а ещё дальше пламенели на солнце пять червонно-золотых куполов храма Христа Спасителя. (34)И во всём этом золотом сиянии Агния, в наброшенной жёлтой шали, тоже казавшаяся золотой, сидела, щурясь на солнце.\n— (35)Да! (Зб)Это — Москва! — захваченно произнёс Антон.\n— (37)Но она — уходит, Антон,— пропела Агния.— Москва — уходит!..\n— (38)Куда она там уходит? (39)Фантазия.\n— (40)Эту церковь снесут, Антон,— твердила своё Агния.\n—(41)Откуда ты знаешь? — рассердился Антон.— (42)Это художественный памятник, его как пить дать оставят.\n(43)Он смотрел на крохотную колоколенку, в прорези которой к колоколам заглядывали ветки дуба.\n—(44)Снесут! — уверенно пророчила Агния, сидя всё так же неподвижно, в жёлтом свете и в жёлтой шали.\n(45)Яконов очнулся. (46)Да,... разрушили шатровую колоколенку и разворотили лестницу, спускавшуюся к реке. (47)Совершенно даже не верилось, что тот солнечный вечер и этот декабрьский рассвет происходили на одних и тех же квадратных метрах московской земли. (48)Но всё так же был далёк обзор с холма, и те же были извивы реки, повторённые последними фонарями..."}, "text": "Проблем в современном мире много. Одна из них – проблема сохранения памятников культуры. Нужно ли беречь памятники культуры? Над этим вопросом и размышляет Александр Исаевич Солженицын, автор данного текста.\nРассуждая над проблемой, Солженицын обращается к случаю из жизни Антона Яконова, которому посчастливилось увидеть одно из самых красивых мест в Москве – маленькую кирпичную церковь, рядом с которой открывался удивительный пейзаж. Рассказчик с нескрываемым восхищением описывает картину, которую можно было увидеть здесь: “река горела на солнце”, “пламенели на солнце пять червонно-золотых куполов храма Христа Спасителя”…. Но Агния, девушка, познакомившая Антона с этим местом, была уверена: церковь снесут. И спустя двадцать два года Яконов, считавший, что художественный памятник никогда не будет тронутым рукой человека, понял верность ее слов. Повествователь со щемящей болью на сердце описывает то, что осталось после церкви: “земля под ногами в обломках кирпича, в щебне, в битом стекле….”. После увиденного “Яконову стало горячо в глазах”, и рассказчик разделяет с ним это чувство.\nАвторская позиция вполне ясна: нужно беречь памятники культуры и заботиться об их сохранности, так как они являются памятью о прошлом.\nНельзя не согласиться с мнением А.И. Солженицына. И я считаю, что мы должны бережно и с уважением относиться к культурному наследию своего народа. Разрушая памятники культуры, мы, в первую очередь, разрушаем самое ценное – духовную связь с прошлым.\nТак в одной из своих публицистических работ В.Г. Распутин отмечал, что в современном мире есть три опасности уничтожения человечества: ядерная, экологическая и опасность, связанная с разрушением культуры. По мнению писателя, самое страшное из них – уничтожение культурного наследия, приводящее к потере людьми нравственных ориентиров, к их отказу от прошлого, что неминуемо ведет к уничтожению самого человека.\nПроблема сохранения памятников культуры находится в центре внимания и в произведении В.А. Солоухина \"Письма из Русского музея\". Писатель рассказывает, какие величайшие сокровища древнерусской живописи – старинные иконы – хранятся в маленьких, почти забытых русских деревушках. К сожалению, памятники культуры, пришедшие из глубины веков, портятся и уничтожаются. Почему? Ни один из русских музеев не стал бы продавать достояние своей страны. А на вывоз, реставрацию и хранение требуется огромная сумма денег, которой не было у государства.\nХочется верить, что после прочтения текста Солженицына каждый поймет, насколько важно бережно относиться к памятникам культуры. Прежде чем разрушать культурное наследие, нужно сначала осознать, что это утрата будет невосполнимой!", "fileName": "0005817.json", "selections": [{"id": 0, "group": "error", "startSelection": 68, "endSelection": 78, "explanation": "Повторение одного и того же слова в разных формах.", "tag": "", "type": "Р.повтор", "subtype": "", "comment": "", "correction": ""}, {"id": 1, "group": "error", "startSelection": 79, "endSelection": 87, "explanation": "Повторение одного и того же слова.", "tag": "", "type": "Р.повтор", "subtype": "", "comment": "", "correction": ""}, {"id": 2, "group": "error", "startSelection": 105, "endSelection": 114, "explanation": "Повторение одного и того же слова в разных формах.", "tag": "", "type": "Р.повтор", "subtype": "", "comment": "", "correction": ""}, {"id": 3, "group": "error", "startSelection": 115, "endSelection": 123, "explanation": "Повторение одного и того же слова.", "tag": "", "type": "Р.повтор", "subtype": "", "comment": "", "correction": ""}, {"id": 4, "group": "error", "startSelection": 208, "endSelection": 231, "explanation": "Рассуждать можно «о чем-то», но не «над чем-то».", "tag": "", "type": "Г.УПР", "subtype": null, "comment": "", "correction": ""}, {"id": 5, "group": "error", "startSelection": 545, "endSelection": 551, "explanation": "Повторение одного и того же слова.", "tag": "", "type": "Р.повтор", "subtype": "", "comment": "", "correction": ""}, {"id": 6, "group": "error", "startSelection": 568, "endSelection": 574, "explanation": "Повторение одного и того же слова.", "tag": "", "type": "Р.повтор", "subtype": "", "comment": "", "correction": ""}, {"id": 7, "group": "error", "startSelection": 691, "endSelection": 698, "explanation": "Повторение однокоренных слов.", "tag": "", "type": "Р.тавт", "subtype": "", "comment": "", "correction": ""}, {"id": 8, "group": "error", "startSelection": 725, "endSelection": 733, "explanation": "Повторение однокоренных слов.", "tag": "", "type": "Р.тавт", "subtype": "", "comment": "", "correction": ""}, {"id": 9, "group": "error", "startSelection": 734, "endSelection": 737, "explanation": "Повторение однокоренных слов.", "tag": "", "type": "Р.тавт", "subtype": "", "comment": "", "correction": ""}, {"id": 10, "group": "error", "startSelection": 838, "endSelection": 846, "explanation": "Повторение однокоренных слов.", "tag": "", "type": "Р.тавт", "subtype": "", "comment": "", "correction": ""}, {"id": 11, "group": "error", "startSelection": 855, "endSelection": 1004, "explanation": "Предложение сложно для восприятия, так как перегружено предлогами. Попробуйте разбить его на несколько более коротких.", "tag": "message.txt: 3:2", "type": "А.лекс", "subtype": "конт", "comment": "", "correction": ""}, {"id": 12, "group": "error", "startSelection": 1001, "endSelection": 1003, "explanation": "Точку ставят после закрывающей кавычки.", "tag": "message.txt: 4:0", "type": "А.лекс", "subtype": "конт", "comment": "", "correction": ""}, {"id": 13, "group": "error", "startSelection": 925, "endSelection": 930, "explanation": "Повторение одного и того же слова.", "tag": "", "type": "Р.повтор", "subtype": "", "comment": "", "correction": ""}, {"id": 14, "group": "error", "startSelection": 1011, "endSelection": 1021, "explanation": "Нет существительных, согласующихся с причастием {\"увиденного\"}.", "tag": "message.txt: 2:3", "type": "А.лекс", "subtype": "конт", "comment": "", "correction": ""}, {"id": 15, "group": "error", "startSelection": 1005, "endSelection": 1010, "explanation": "Повторение одного и того же слова.", "tag": "", "type": "Р.повтор", "subtype": "", "comment": "", "correction": ""}, {"id": 16, "group": "error", "startSelection": 1141, "endSelection": 1150, "explanation": "Повторение однокоренных слов.", "tag": "", "type": "Р.тавт", "subtype": "", "comment": "", "correction": ""}, {"id": 17, "group": "error", "startSelection": 1213, "endSelection": 1220, "explanation": "Повторение однокоренных слов.", "tag": "", "type": "Р.тавт", "subtype": "", "comment": "", "correction": ""}, {"id": 18, "group": "error", "startSelection": 1343, "endSelection": 1354, "explanation": "Повторение однокоренных слов.", "tag": "", "type": "Р.тавт", "subtype": "", "comment": "", "correction": ""}, {"id": 19, "group": "error", "startSelection": 1440, "endSelection": 1445, "explanation": "Нет существительных, согласующихся с прилагательным {\"самое\"}.", "tag": "message.txt: 2:3", "type": "А.лекс", "subtype": "конт", "comment": "", "correction": ""}, {"id": 20, "group": "error", "startSelection": 1379, "endSelection": 1387, "explanation": "Повторение одного и того же слова в разных формах.", "tag": "", "type": "Р.повтор", "subtype": "", "comment": "", "correction": ""}, {"id": 21, "group": "error", "startSelection": 1398, "endSelection": 1406, "explanation": "Повторение однокоренных слов.", "tag": "", "type": "Р.тавт", "subtype": "", "comment": "", "correction": ""}, {"id": 22, "group": "error", "startSelection": 1430, "endSelection": 1439, "explanation": "Повторение одного и того же слова в разных формах.", "tag": "", "type": "Р.повтор", "subtype": "", "comment": "", "correction": ""}, {"id": 23, "group": "error", "startSelection": 1580, "endSelection": 1589, "explanation": "Повторение одного и того же слова в разных формах.", "tag": "", "type": "Р.повтор", "subtype": "", "comment": "", "correction": ""}, {"id": 24, "group": "error", "startSelection": 1641, "endSelection": 1650, "explanation": "Повторение одного и того же слова в разных формах.", "tag": "", "type": "Р.повтор", "subtype": "", "comment": "", "correction": ""}, {"id": 25, "group": "error", "startSelection": 1676, "endSelection": 1684, "explanation": "Повторение однокоренных слов.", "tag": "", "type": "Р.тавт", "subtype": "", "comment": "", "correction": ""}, {"id": 26, "group": "error", "startSelection": 1730, "endSelection": 1741, "explanation": "Повторение одного и того же слова в разных формах.", "tag": "", "type": "Р.повтор", "subtype": "", "comment": "", "correction": ""}, {"id": 27, "group": "error", "startSelection": 1742, "endSelection": 1753, "explanation": "Повторение однокоренных слов.", "tag": "", "type": "Р.тавт", "subtype": "", "comment": "", "correction": ""}, {"id": 28, "group": "error", "startSelection": 1764, "endSelection": 1774, "explanation": "Повторение однокоренных слов.", "tag": "", "type": "Р.тавт", "subtype": "", "comment": "", "correction": ""}, {"id": 29, "group": "error", "startSelection": 1855, "endSelection": 1860, "explanation": "Повторение однокоренных слов.", "tag": "", "type": "Р.тавт", "subtype": "", "comment": "", "correction": ""}, {"id": 30, "group": "error", "startSelection": 1863, "endSelection": 1874, "explanation": "Повторение одного и того же слова в разных формах.", "tag": "", "type": "Р.повтор", "subtype": "", "comment": "", "correction": ""}, {"id": 31, "group": "error", "startSelection": 1923, "endSelection": 1931, "explanation": "Повторение однокоренных слов.", "tag": "", "type": "Р.тавт", "subtype": "", "comment": "", "correction": ""}, {"id": 32, "group": "error", "startSelection": 2157, "endSelection": 2167, "explanation": "Разговорное выражение, придающее тексту непринуждённый характер.", "tag": "RAZG.doc 1211064166", "type": "А.лекс", "subtype": "конт", "comment": "", "correction": ""}, {"id": 33, "group": "error", "startSelection": 2550, "endSelection": 2558, "explanation": "Повторение однокоренных слов.", "tag": "", "type": "Р.тавт", "subtype": "", "comment": "", "correction": ""}, {"id": 34, "group": "error", "startSelection": 2581, "endSelection": 2591, "explanation": "Повторение однокоренных слов.", "tag": "", "type": "Р.тавт", "subtype": "", "comment": "", "correction": ""}, {"id": 36, "group": "meaning", "startSelection": 0, "endSelection": 88, "type": "ПРОБЛЕМА", "subtype": "", "explanation": "", "correction": "", "tag": "", "comment": ""}, {"id": 37, "group": "meaning", "startSelection": 208, "endSelection": 715, "type": "ПРИМЕР", "subtype": "", "explanation": "", "correction": "", "tag": "", "comment": ""}, {"id": 38, "group": "meaning", "startSelection": 716, "endSelection": 855, "type": "ПОЯСНЕНИЕ", "subtype": "", "explanation": "", "correction": "", "tag": "", "comment": ""}, {"id": 39, "group": "meaning", "startSelection": 856, "endSelection": 1096, "type": "ПРИМЕР", "subtype": "", "explanation": "", "correction": "", "tag": "", "comment": ""}, {"id": 40, "group": "meaning", "startSelection": 1097, "endSelection": 1231, "type": "ПОЗИЦИЯ", "subtype": "", "explanation": "", "correction": "", "tag": "", "comment": ""}, {"id": 41, "group": "meaning", "startSelection": 1232, "endSelection": 2661, "type": "ОТНОШЕНИЕ", "subtype": "", "explanation": "", "correction": "", "tag": "", "comment": ""}]}