{"meta": {"uuid": "62ad8397-0cad-4df4-8f15-a68cab0b7203", "id": "0005874", "name": "0005874_ru_rus_problema_istoricheskoy_pamyati_ili_kakie_lyudi_ostayutsya_v_pamyati_sleduyushchih_pokoleniy_noexp.txt", "subject": "rus", "test": "егэ тренировка", "category": "", "year": 2019, "class": "11", "theme": "Проблема исторической памяти или какие люди остаются в памяти следующих поколений (По тексту В.М. Пескова)", "taskText": "(1)– Здесь полюс, поздравляю вас, ребята! – именно эти слова сказал начальник полярной экспедиции Дмитрий Шпаро, когда в белёсой мгле ненадолго сверкнуло солнце и штурман Юрий Хмелевский определил: цель достигнута. (2)Несколько секунд друзья ещё стояли, пошатываясь, плотно прижавшись друг к другу. (3)И вдруг они кинулись обниматься, поздравлять друг друга, радуясь нелегко доставшейся победе. (4)Северный полюс столбиком не отмечен, на нём ничего нет, кроме льда и снега. (5)Это всего лишь символ, математическая точка, где сходятся меридианы и сходят на нет параллели. (6)На Южном полюсе исследователи, единожды вычислив точку, отметили её флагом и кругом из бочек. (7)На Севере из-за льда, постоянно перемещаемого течением, полюс всякий раз надо вычислять заново. (8)Этой точки Земли не раз достигали на собачьих упряжках, на мотосанях, дирижабле, на самолётах, на ней всплывали подводные лодки, сюда дошёл отечественный ледокол «Арктика», а после него ещё более шестидесяти ледоколов из разных стран. (9)А вот пешим ходом на лыжах полюса впервые достигла экспедиция из семерых человек под руководством Дмитрия Шпаро в 1979 году. (10)Печать большой и необычной дороги лежала теперь на этой семёрке. (11) Палатка выцвела – из оранжевой стала прозрачно-жёлтой, до дыр износились бахилы, лыжи были источены до предела. (12)Ну и, конечно, на лицах запечатлелось всё, что пришлось испытать. (13)Выросшие бороды, порыжевшие носы, обожжённые морозом, облупленные щёки. (14)Но это не были люди, до предела растратившие свои силы: они радовались, как дети, шутили, смеялись. (15)И в один голос готовы были сказать, что могли бы пройти ещё столько же.\n(16)Среди множества писем, приходивших в редакцию в те дни, писем с горячей поддержкой экспедиции и пониманием её задач, был и такой вопрос: (17)«Зачем?» (18)Вопрос этот столь же старый, как и вся история человечества. (19) Всегда кто-то шёл по земле, обрекая себя на лишения, даже на гибель. (20)А кто-то, сидя в спокойном тепле у костра в пещере или у телевизора в квартире, говорил: (21)«Зачем?»\n(22)Вопрошающих никто не помнит, так как они не совершили ничего значимого для будущих поколений. (23)Тех же, кто шёл, история знает. (24)Усилиями легиона смельчаков были открыты на Земле материки, острова, глубины, проливы, полюса, покорены горы, нанесены на карту мельчайшие очертания лика Земли. (25)«Плавать по морю необходимо, жить не так уж необходимо», – гласит древнее латинское изречение. (26)Людям хочется открывать неизведанное, хотя это всегда рискованно. (27)Человек с колыбели своей истории сознательно рисковал своей жизнью, чтобы совершать открытия. (28)Иначе мы не знали бы очертаний материков, глубин океана, пространства пустынь, высоты гор и толщи снегов. (29)Точка полюса – лишь некий итоговый символ. (30)Главное состоит в преодолении пространства до полюса, в преодолении полутора тысяч труднейших на всей земле километров, отделяющих остров Генриетты (точку старта) от полюса. (31) Степень трудности перехода наивысшая, она требует предела человеческих сил. (32) Мороз под сорок. (33)Торосы, разводья, которые надо преодолеть на лодках.\n(34) Постоянное напряжение, риск.\n(35)И вот он под ногами – полюс. (36)Величественный белый мир. (37)Чуть шевелится флаг на мачте, будто во сне. (38)Под ним на льду – шар-контейнер с такими дорогими для нас символами родной земли. (39)Это останется на полюсе. (40) Остаются у флага и портреты легендарных полярников: Седова, Русанова, Толля. (41)Володя Леденёв снимает на плёнку эти следы посещения полюса. (42)Снимает он и ледяной столбик, вокруг которого сегодня начерчены сажей параллели и меридианы.\n— (43)Ну вот всё и кончилось – дошли... (44)А Земля продолжает вертеться, – говорит Володя. — (45)Друзья, а как там, интересно, на Южном полюсе… потеплее будет?"}, "text": "Какие люди остаются в памяти следующих поколений? Ответ на этот вопрос ищет в своём тексте Василий Михайлович Песков.\nАвтор раскрывает проблему исторической памяти на примере полярной экспедиции. В. М. Песков изображает «семерых человек под руководством Дмитрия Шпаро». Особого внимания заслуживает такая художественная деталь, как портрет-характеристика: «…на лицах запечатлелось всё, что пришлось испытать. Выросшие бороды, порыжевшие носы, обожжённые морозом, облупленные щёки». Автор не случайно обращает наше внимание на полярников. Эти события советский журналист и писатель описывает, чтобы сохранить память об экспедициях, благодаря которым совершаются открытия. Я думаю, описанная ситуация заслуживает особого внимания, так как легендарные полярники, рискуя собственной жизнью, открыли неизведанное.\nВторым примером, важным для понимания проблемы является желание двигаться к новым достижениям и открытиям. Автор уверен в готовности полярников преодолевать любые трудности: «…они радовались, как дети, шутили, смеялись. И в один голос готовы были сказать, что могли бы пройти ещё столько же». Не случайно, постоянное напряжение и риск вознаграждаются величественным белым миром. Я согласен с автором, что точка полюса – определённый символ, путь к которому требовал предела человеческих сил и преодоления труднейших на земле километров.\nСравнивая эти примеры, мы можем увидеть, что они дополняют друг друга, показывают качества людей, которые остаются в памяти следующих поколений.\nВ. М. Песков считает, что в памяти последующих поколений остаются те люди, которые, несмотря на лишения и опасности, шли к новым открытиям. Авторская позиция мне ясна и я полностью согласен с ней. Действительно, только целеустремлённый, выносливый и решительный народ «знает история». Считаю, что если решить проблему сохранения воспоминаний о первооткрывателях, то будет положительный результат, так как историческая паять – это главная ценность нашего народа. Только она позволит оставаться России сильнейшим государством. Достоверность исторических событий, освещаемых сегодня, поможет сохранить правду фактов и ясность оценки прошлого опыта нашей страны\nИз вышеуказанного следует, что поднятая автором проблема является актуальной. В. М. Песков убеждает нс в том, что в памяти истории остаются целеустремленные, бесстрашные люди, которые, преодолевая трудности, совершают открытия. Хочется, чтобы все прислушались к словам писателя и стали более решительными, совершили что-либо значимое для будущих поколений.", "fileName": "0005874.json", "selections": [{"id": 0, "group": "error", "startSelection": 76, "endSelection": 90, "explanation": "Слово «свой» в контекстах вроде «писатель в своём тексте рассказывает...» избыточно.", "tag": "", "type": "Р.ЛИШН", "subtype": "лишн", "comment": "", "correction": ""}, {"id": 1, "group": "error", "startSelection": 572, "endSelection": 580, "explanation": "Повторение однокоренных слов.", "tag": "", "type": "Р.тавт", "subtype": "", "comment": "", "correction": ""}, {"id": 2, "group": "error", "startSelection": 581, "endSelection": 590, "explanation": "Повторение однокоренных слов.", "tag": "", "type": "Р.тавт", "subtype": "", "comment": "", "correction": ""}, {"id": 3, "group": "error", "startSelection": 795, "endSelection": 807, "explanation": "Нет существительных, согласующихся с прилагательным {\"неизведанное\"}.", "tag": "message.txt: 2:3", "type": "А.лекс", "subtype": "конт", "comment": "", "correction": ""}, {"id": 4, "group": "error", "startSelection": 680, "endSelection": 689, "explanation": "Повторение однокоренных слов.", "tag": "", "type": "Р.тавт", "subtype": "", "comment": "", "correction": ""}, {"id": 5, "group": "error", "startSelection": 931, "endSelection": 941, "explanation": "Повторение однокоренных слов.", "tag": "", "type": "Р.тавт", "subtype": "", "comment": "", "correction": ""}, {"id": 6, "group": "error", "startSelection": 1044, "endSelection": 1050, "explanation": "Повторение однокоренных слов.", "tag": "", "type": "Р.тавт", "subtype": "", "comment": "", "correction": ""}, {"id": 7, "group": "error", "startSelection": 1437, "endSelection": 1442, "explanation": "Повторение одного и того же слова в разных формах.", "tag": "", "type": "Р.повтор", "subtype": "", "comment": "", "correction": ""}, {"id": 8, "group": "error", "startSelection": 1452, "endSelection": 1460, "explanation": "Повторение одного и того же слова.", "tag": "", "type": "Р.повтор", "subtype": "", "comment": "", "correction": ""}, {"id": 9, "group": "error", "startSelection": 1463, "endSelection": 1469, "explanation": "Повторение одного и того же слова.", "tag": "", "type": "Р.повтор", "subtype": "", "comment": "", "correction": ""}, {"id": 10, "group": "error", "startSelection": 1470, "endSelection": 1479, "explanation": "Повторение однокоренных слов.", "tag": "", "type": "Р.тавт", "subtype": "", "comment": "", "correction": ""}, {"id": 11, "group": "error", "startSelection": 1480, "endSelection": 1489, "explanation": "Повторение одного и того же слова.", "tag": "", "type": "Р.повтор", "subtype": "", "comment": "", "correction": ""}, {"id": 12, "group": "error", "startSelection": 1519, "endSelection": 1525, "explanation": "Повторение одного и того же слова.", "tag": "", "type": "Р.повтор", "subtype": "", "comment": "", "correction": ""}, {"id": 13, "group": "error", "startSelection": 1526, "endSelection": 1537, "explanation": "Повторение однокоренных слов.", "tag": "", "type": "Р.тавт", "subtype": "", "comment": "", "correction": ""}, {"id": 14, "group": "error", "startSelection": 1538, "endSelection": 1547, "explanation": "Повторение одного и того же слова.", "tag": "", "type": "Р.повтор", "subtype": "", "comment": "", "correction": ""}, {"id": 15, "group": "error", "startSelection": 1548, "endSelection": 1556, "explanation": "Повторение одного и того же слова.", "tag": "", "type": "Р.повтор", "subtype": "", "comment": "", "correction": ""}, {"id": 16, "group": "error", "startSelection": 1560, "endSelection": 1564, "explanation": "Повторение одного и того же слова в разных формах.", "tag": "", "type": "Р.повтор", "subtype": "", "comment": "", "correction": ""}, {"id": 17, "group": "error", "startSelection": 1741, "endSelection": 1752, "explanation": "Повторение однокоренных слов.", "tag": "", "type": "Р.тавт", "subtype": "", "comment": "", "correction": ""}, {"id": 18, "group": "error", "startSelection": 1793, "endSelection": 1799, "explanation": "Повторение однокоренных слов.", "tag": "", "type": "Р.тавт", "subtype": "", "comment": "", "correction": ""}, {"id": 19, "group": "error", "startSelection": 2152, "endSelection": 2166, "explanation": "Нет существительных, согласующихся с прилагательным {\"вышеуказанного\"}.", "tag": "message.txt: 2:3", "type": "А.лекс", "subtype": "конт", "comment": "", "correction": ""}, {"id": 20, "group": "error", "startSelection": 2357, "endSelection": 2366, "explanation": "Повторение однокоренных слов.", "tag": "", "type": "Р.тавт", "subtype": "", "comment": "", "correction": ""}, {"id": 21, "group": "error", "startSelection": 2455, "endSelection": 2464, "explanation": "Повторение однокоренных слов.", "tag": "", "type": "Р.тавт", "subtype": "", "comment": "", "correction": ""}, {"id": 23, "group": "meaning", "startSelection": 0, "endSelection": 117, "type": "ПРОБЛЕМА", "subtype": "", "explanation": "", "correction": "", "tag": "", "comment": ""}, {"id": 24, "group": "meaning", "startSelection": 118, "endSelection": 670, "type": "ПРИМЕР", "subtype": "", "explanation": "", "correction": "", "tag": "", "comment": ""}, {"id": 25, "group": "meaning", "startSelection": 671, "endSelection": 808, "type": "ПОЯСНЕНИЕ", "subtype": "", "explanation": "", "correction": "", "tag": "", "comment": ""}, {"id": 26, "group": "meaning", "startSelection": 809, "endSelection": 1101, "type": "ПРИМЕР", "subtype": "", "explanation": "", "correction": "", "tag": "", "comment": ""}, {"id": 27, "group": "meaning", "startSelection": 1102, "endSelection": 1187, "type": "ПОЯСНЕНИЕ", "subtype": "", "explanation": "", "correction": "", "tag": "", "comment": ""}, {"id": 28, "group": "meaning", "startSelection": 1188, "endSelection": 1490, "type": "ОТНОШЕНИЕ", "subtype": "", "explanation": "", "correction": "", "tag": "", "comment": ""}]}