{"meta": {"uuid": "ca16276e-0a82-4996-a7fc-d248edfb1355", "id": "0006010", "name": "0006010_ru_rus_na_chto_gotova_mat_radi_sobstvennogo_rebenka_noexp.txt", "subject": "rus", "test": "егэ тренировка", "category": "", "year": 2020, "class": "11", "theme": "На что готова мать ради собственного ребенка? (по тексту В. Г. Короленко)", "taskText": "(1) Мы ехали берегом Лены на юг, а зима догоняла нас с севера.\n(2) Однако река упорно боролась с морозом: ближе к берегам она превращалась в застывшую безобразную грязно-белую массу, а в середине лёд всё ещё ворочался тяжёлыми, беспорядочными валами, скрывая от глаз застывающее русло, как одичалая толпа скрывает место казни.\n(3) И вот однажды с небольшого берегового мыса мы увидели среди тихо передвигавшихся ледяных глыб какой-то чёрный предмет, ясно выделявшийся на бело-жёлтом фоне.\n(4)— Ворона, — сказал один из ямщиков.\n(5)— Медведь, — возражал другой ямщик.\n(6)— Откуда же взяться медведю на середине реки? — спросил я у него.\n(7)— С того берега. (8)В третьем годе медведица вон с того острова переправилась с тремя медвежатами. (9)Нонче тоже зверь с того берега на наш идёт. (10)Видно, зима будет лютая...\n(11) Наш караван остановился у мыса, ожидая приближения заинтересовавшего всех предмета.\n(12)— А ведь это, братцы, козули, — сказал наконец один из ямщиков.\n(13) Действительно, это оказались две горные козы. (14)Теперь уже ясно были видны их тёмные изящные фигурки среди настоящего ледяного кошмара. (15)Одна из коз была побольше, другая поменьше. (16)Мы предположили, что это были мать и дочь. (17)Причём старшая явно руководила переправой. (18)Вокруг них безжалостные льдины бились, сталкивались, вертелись и крошились; в промежутках что-то кипело и брызгало пеной, а нежные животные, насторожившись, стояли на ледяном куске, подобрав в одно место свои тоненькие ножки... (19)Наверное, им было страшно, ведь их жизнь могла оборваться в любую секунду. (20)Но, видимо, оставаться на том берегу им было ещё страшнее, раз они, так чудовищно рискуя, затеяли эту опаснейшую переправу.\n(21) Огромная льдина, плывшая впереди той, где стояли козы, стала как будто замедлять ход и начала разворачиваться, останавливая движение задних. (22)От этого вокруг животных поднялся вновь целый ад разрушения и плеска. (23)На мгновение два жалких тёмных пятнышка совсем было исчезли в этом хаосе, но затем мы их заметили на другой льдине. (24)Опять собрав свои тоненькие дрожащие ножки, козы стояли, готовые к очередному прыжку. (25)Это повторилось несколько раз, и каждый новый прыжок с рассчитанной неуклонностью приближал их к нашему берегу.\n(26) Когда льдина, на которой находились козы, подошла к роковому месту столкновения с берегом, у нас мороз по коже пробежал от страха за их судьбу: в таком аду из скопившихся ледяных масс выжить было сложно.\n(27) Сухой треск, хаос обломков, вдруг поднявшихся кверху и поползших на обледенелые края мыса, — и два чёрных тела легко, как брошенный камень, метнулись на берег.\n(28) Мы, стоя на мысу, невольно заслоняли козам вольготный проход.\n(29) Однако умное животное, решив бороться за жизнь до конца, ничуть не побоялось нас, врагов в будничной жизни, и не задумалось ни на минуту.\n(30) Я заметил взгляд её круглых глаз, глядевших с каким-то странным доверием, и затем она понеслась сама и направила младшую прямо к нам.\n(31) От такой смелости и решительности даже наша большая хищная собака Полкан, вместо того чтобы кинуться на добычу, сконфуженно посторонилась. (32)И старшая коза, бережно загораживая собою младшую, пробежала мимо пса, бесстрашно коснувшись боком его шерсти...\n(33)— Эти бедные животные на наших глазах преодолели столько опасностей... (34)Вот оно — желание жить, — задумчиво произнес Сокольский, наш случайный попутчик, когда мы вновь отправились в путь.\n(35)— А заметили ли вы, с каким самоотвержением старшая помогала младшей и как закрыла младшую от собаки? (36)Вот оно — желание спасти...\n(37)— Всякий ли человек сделает это при таких обстоятельствах?\n(38)— Всякая мать, я думаю... — сказал я, улыбнувшись."}, "text": "О материнской любви написано много произведений и снято тысячи кинолент. Не ошибусь, если скажу, что любовь матери к ребенку – одно из самых сильных человеческих чувств. Ведь материнская любовь не только о нежности, внимании, заботе, но и об огромной ответственности, самоотверженности и, порой, самопожертвовании. На что готова мать ради собственного ребенка? Именно эта проблема привлекла внимание автора текста В. Г. Короленко.\nАвтор рассматривает поведение диких горных коз в суровых природных условиях. Мать и дочь самоотверженно переправлялись на другой берег через реку, покрытую ломающимися льдинами. Мать-коза смело и ответственно руководила переправой, направляя испуганную дочь через огромные куски льда(16, 17). Этот пример показывает, что несмотря на огромный риск, страх, мать вела своего ребенка к спасению.\nПосле успешного преодоления реки, мать и дочь настигает новая опасность – собака Полкан. Мать-козуля, бесстрашно загородив своего детеныша, прошла мимо пса, коснувшись его шерсти(31, 32). От такой смелости даже собака экспедиторов посторонилась и дала проход диким животным. Я думаю, описанная ситуация заслуживает особого внимания, потому что бесстрашие, желание спасти своего ребенка, отвага помогли матери преодолеть все трудности и спасти себя и дочь.\nОба эти примера, дополняя и расширяя друг друга, показывают, что ни суровые условия, ни опасность природных явлений, ни боязнь других животных не смогли сломать желание матери привести дитя к спасению и дать возможность на спокойную жизнь. Особого внимания заслуживает бесстрашие и ответственность матери, потому что ее стремление спасти их жизни помогло им преодолеть все трудности.\nАвтор завершает свой рассказ вполне закономерным выводом о том, что всякая мать готова на все, чтобы спасти своего ребенка и сохранить его здоровье невредимым. И у каждой есть осознание того, что в любую минуту, где бы она ни была, она ответственна за свое дитя.\nНельзя не согласиться с автором текста в том, что мать, будь то человек или животное, готова отдать все детям, зачастую, жертвуя собой, своим здоровьем, целями, увлечениями. Ярким примером материнского самопожертвования является история Лили Поттер – героини серии книг о юном волшебнике. Закрыв своим телом и отдав всю свою силу, молодая мать спасла своего ребенка от заклятия злого мага. Гарри выжил и всю жизнь помнил о геройском поступке своей мамы.\nВсе вышесказанное позволяет сделать вывод о том, что главная цель матери после рождения ребенка – это жизнь и здоровье своего дитя. Независимо от того, человек это или животное, всякая мама готова отдать все, что у нее есть ради ребенка, каждая готова жертвовать всем имеющимся, но сохранить спокойное существование своего чада.", "fileName": "0006010.json", "selections": [{"id": 0, "group": "error", "startSelection": 2, "endSelection": 13, "explanation": "Повторение одинаковых и однокоренных слов.", "tag": "", "type": "Р.тавт", "subtype": "", "comment": "", "correction": ""}, {"id": 1, "group": "error", "startSelection": 108, "endSelection": 114, "explanation": "Повторение одинаковых и однокоренных слов.", "tag": "", "type": "Р.тавт", "subtype": "", "comment": "", "correction": ""}, {"id": 2, "group": "error", "startSelection": 175, "endSelection": 186, "explanation": "Повторение однокоренных слов.", "tag": "", "type": "Р.тавт", "subtype": "", "comment": "", "correction": ""}, {"id": 3, "group": "error", "startSelection": 329, "endSelection": 333, "explanation": "Повторение однокоренных слов.", "tag": "", "type": "Р.тавт", "subtype": "", "comment": "", "correction": ""}, {"id": 4, "group": "error", "startSelection": 508, "endSelection": 512, "explanation": "Повторение одного и того же слова в разных формах.", "tag": "", "type": "Р.повтор", "subtype": "", "comment": "", "correction": ""}, {"id": 5, "group": "error", "startSelection": 515, "endSelection": 519, "explanation": "Повторение одного и того же слова.", "tag": "", "type": "Р.повтор", "subtype": "", "comment": "", "correction": ""}, {"id": 6, "group": "error", "startSelection": 535, "endSelection": 549, "explanation": "Повторение однокоренных слов.", "tag": "", "type": "Р.тавт", "subtype": "", "comment": "", "correction": ""}, {"id": 7, "group": "error", "startSelection": 566, "endSelection": 571, "explanation": "Повторение одного и того же слова.", "tag": "", "type": "Р.повтор", "subtype": "", "comment": "", "correction": ""}, {"id": 8, "group": "error", "startSelection": 599, "endSelection": 607, "explanation": "Повторение однокоренных слов.", "tag": "", "type": "Р.тавт", "subtype": "", "comment": "", "correction": ""}, {"id": 9, "group": "error", "startSelection": 609, "endSelection": 618, "explanation": "Повторение одного и того же слова в разных формах.", "tag": "", "type": "Р.повтор", "subtype": "", "comment": "", "correction": ""}, {"id": 10, "group": "error", "startSelection": 651, "endSelection": 661, "explanation": "Повторение однокоренных слов.", "tag": "", "type": "Р.тавт", "subtype": "", "comment": "", "correction": ""}, {"id": 11, "group": "error", "startSelection": 684, "endSelection": 688, "explanation": "Повторение одного и того же слова.", "tag": "", "type": "Р.повтор", "subtype": "", "comment": "", "correction": ""}, {"id": 12, "group": "error", "startSelection": 689, "endSelection": 694, "explanation": "Повторение одного и того же слова.", "tag": "", "type": "Р.повтор", "subtype": "", "comment": "", "correction": ""}, {"id": 13, "group": "error", "startSelection": 695, "endSelection": 703, "explanation": "Повторение одного и того же слова в разных формах.", "tag": "", "type": "Р.повтор", "subtype": "", "comment": "", "correction": ""}, {"id": 14, "group": "error", "startSelection": 710, "endSelection": 714, "explanation": "Повторение однокоренных слов.", "tag": "", "type": "Р.тавт", "subtype": "", "comment": "", "correction": ""}, {"id": 15, "group": "error", "startSelection": 764, "endSelection": 772, "explanation": "Повторение одного и того же слова в разных формах.", "tag": "", "type": "Р.повтор", "subtype": "", "comment": "", "correction": ""}, {"id": 16, "group": "error", "startSelection": 786, "endSelection": 790, "explanation": "Повторение одного и того же слова в разных формах.", "tag": "", "type": "Р.повтор", "subtype": "", "comment": "", "correction": ""}, {"id": 17, "group": "error", "startSelection": 857, "endSelection": 861, "explanation": "Повторение одного и того же слова в разных формах.", "tag": "", "type": "Р.повтор", "subtype": "", "comment": "", "correction": ""}, {"id": 18, "group": "error", "startSelection": 864, "endSelection": 868, "explanation": "Повторение одного и того же слова.", "tag": "", "type": "Р.повтор", "subtype": "", "comment": "", "correction": ""}, {"id": 19, "group": "error", "startSelection": 912, "endSelection": 923, "explanation": "Повторение одного и того же слова в разных формах.", "tag": "", "type": "Р.повтор", "subtype": "", "comment": "", "correction": ""}, {"id": 20, "group": "error", "startSelection": 963, "endSelection": 969, "explanation": "Повторение однокоренных слов.", "tag": "", "type": "Р.тавт", "subtype": "", "comment": "", "correction": ""}, {"id": 21, "group": "error", "startSelection": 1075, "endSelection": 1081, "explanation": "Повторение однокоренных слов.", "tag": "", "type": "Р.тавт", "subtype": "", "comment": "", "correction": ""}, {"id": 22, "group": "error", "startSelection": 1187, "endSelection": 1193, "explanation": "Повторение одного и того же слова.", "tag": "", "type": "Р.повтор", "subtype": "", "comment": "", "correction": ""}, {"id": 23, "group": "error", "startSelection": 1259, "endSelection": 1265, "explanation": "Повторение одного и того же слова.", "tag": "", "type": "Р.повтор", "subtype": "", "comment": "", "correction": ""}, {"id": 24, "group": "error", "startSelection": 1464, "endSelection": 1468, "explanation": "Устаревшее, если речь идёт о ребёнке, или высокопарное (дитя своего времени и т.п.) слово.", "tag": "Ustar.doc 1952617338", "type": "А.лекс", "subtype": "конт", "comment": "", "correction": ""}, {"id": 25, "group": "error", "startSelection": 1425, "endSelection": 1431, "explanation": "Повторение однокоренных слов.", "tag": "", "type": "Р.тавт", "subtype": "", "comment": "", "correction": ""}, {"id": 26, "group": "error", "startSelection": 1448, "endSelection": 1454, "explanation": "Повторение одного и того же слова в разных формах.", "tag": "", "type": "Р.повтор", "subtype": "", "comment": "", "correction": ""}, {"id": 27, "group": "error", "startSelection": 1471, "endSelection": 1479, "explanation": "Повторение одинаковых и однокоренных слов.", "tag": "", "type": "Р.тавт", "subtype": "", "comment": "", "correction": ""}, {"id": 28, "group": "error", "startSelection": 1487, "endSelection": 1498, "explanation": "Повторение однокоренных слов.", "tag": "", "type": "Р.тавт", "subtype": "", "comment": "", "correction": ""}, {"id": 29, "group": "error", "startSelection": 1577, "endSelection": 1583, "explanation": "Повторение одного и того же слова в разных формах.", "tag": "", "type": "Р.повтор", "subtype": "", "comment": "", "correction": ""}, {"id": 30, "group": "error", "startSelection": 1610, "endSelection": 1616, "explanation": "Повторение одинаковых и однокоренных слов.", "tag": "", "type": "Р.тавт", "subtype": "", "comment": "", "correction": ""}, {"id": 31, "group": "error", "startSelection": 1626, "endSelection": 1633, "explanation": "Повторение однокоренных слов.", "tag": "", "type": "Р.тавт", "subtype": "", "comment": "", "correction": ""}, {"id": 32, "group": "error", "startSelection": 1679, "endSelection": 1683, "explanation": "Повторение одного и того же слова в разных формах.", "tag": "", "type": "Р.повтор", "subtype": "", "comment": "", "correction": ""}, {"id": 33, "group": "error", "startSelection": 1738, "endSelection": 1742, "explanation": "Повторение одного и того же слова в разных формах.", "tag": "", "type": "Р.повтор", "subtype": "", "comment": "", "correction": ""}, {"id": 34, "group": "error", "startSelection": 1764, "endSelection": 1770, "explanation": "Повторение одинаковых и однокоренных слов.", "tag": "", "type": "Р.тавт", "subtype": "", "comment": "", "correction": ""}, {"id": 35, "group": "error", "startSelection": 1771, "endSelection": 1777, "explanation": "Повторение одного и того же слова в разных формах.", "tag": "", "type": "Р.повтор", "subtype": "", "comment": "", "correction": ""}, {"id": 36, "group": "error", "startSelection": 1920, "endSelection": 1924, "explanation": "Устаревшее, если речь идёт о ребёнке, или высокопарное (дитя своего времени и т.п.) слово.", "tag": "Ustar.doc 1952617338", "type": "А.лекс", "subtype": "конт", "comment": "", "correction": ""}, {"id": 37, "group": "error", "startSelection": 1915, "endSelection": 1919, "explanation": "Повторение одного и того же слова в разных формах.", "tag": "", "type": "Р.повтор", "subtype": "", "comment": "", "correction": ""}, {"id": 38, "group": "error", "startSelection": 1976, "endSelection": 1980, "explanation": "Повторение одинаковых и однокоренных слов.", "tag": "", "type": "Р.тавт", "subtype": "", "comment": "", "correction": ""}, {"id": 39, "group": "error", "startSelection": 2047, "endSelection": 2054, "explanation": "Повторение однокоренных слов.", "tag": "", "type": "Р.тавт", "subtype": "", "comment": "", "correction": ""}, {"id": 40, "group": "error", "startSelection": 2062, "endSelection": 2067, "explanation": "Повторение одного и того же слова в разных формах.", "tag": "", "type": "Р.повтор", "subtype": "", "comment": "", "correction": ""}, {"id": 41, "group": "error", "startSelection": 2115, "endSelection": 2127, "explanation": "Повторение одинаковых и однокоренных слов.", "tag": "", "type": "Р.тавт", "subtype": "", "comment": "", "correction": ""}, {"id": 42, "group": "error", "startSelection": 2128, "endSelection": 2145, "explanation": "Повторение однокоренных слов.", "tag": "", "type": "Р.тавт", "subtype": "", "comment": "", "correction": ""}, {"id": 43, "group": "error", "startSelection": 2295, "endSelection": 2303, "explanation": "Устаревшее слово. В современном тексте оно имеет архаический характер.", "tag": "Ustar.doc 1590789955", "type": "А.лекс", "subtype": "конт", "comment": "", "correction": ""}, {"id": 44, "group": "error", "startSelection": 2222, "endSelection": 2227, "explanation": "Повторение одного и того же слова в разных формах.", "tag": "", "type": "Р.повтор", "subtype": "", "comment": "", "correction": ""}, {"id": 45, "group": "error", "startSelection": 2246, "endSelection": 2250, "explanation": "Повторение одного и того же слова в разных формах.", "tag": "", "type": "Р.повтор", "subtype": "", "comment": "", "correction": ""}, {"id": 46, "group": "error", "startSelection": 2265, "endSelection": 2269, "explanation": "Повторение одинаковых и однокоренных слов.", "tag": "", "type": "Р.тавт", "subtype": "", "comment": "", "correction": ""}, {"id": 47, "group": "error", "startSelection": 2277, "endSelection": 2283, "explanation": "Повторение одного и того же слова в разных формах.", "tag": "", "type": "Р.повтор", "subtype": "", "comment": "", "correction": ""}, {"id": 48, "group": "error", "startSelection": 2322, "endSelection": 2327, "explanation": "Повторение однокоренных слов.", "tag": "", "type": "Р.тавт", "subtype": "", "comment": "", "correction": ""}, {"id": 49, "group": "error", "startSelection": 2334, "endSelection": 2339, "explanation": "Повторение однокоренных слов.", "tag": "", "type": "Р.тавт", "subtype": "", "comment": "", "correction": ""}, {"id": 50, "group": "error", "startSelection": 2368, "endSelection": 2373, "explanation": "Повторение одного и того же слова в разных формах.", "tag": "", "type": "Р.повтор", "subtype": "", "comment": "", "correction": ""}, {"id": 51, "group": "error", "startSelection": 2506, "endSelection": 2510, "explanation": "Устаревшее, если речь идёт о ребёнке, или высокопарное (дитя своего времени и т.п.) слово.", "tag": "Ustar.doc 1952617338", "type": "А.лекс", "subtype": "конт", "comment": "", "correction": ""}, {"id": 52, "group": "error", "startSelection": 2446, "endSelection": 2452, "explanation": "Повторение одинаковых и однокоренных слов.", "tag": "", "type": "Р.тавт", "subtype": "", "comment": "", "correction": ""}, {"id": 53, "group": "error", "startSelection": 2478, "endSelection": 2481, "explanation": "Повторение одного и того же слова.", "tag": "", "type": "Р.повтор", "subtype": "", "comment": "", "correction": ""}, {"id": 54, "group": "error", "startSelection": 2499, "endSelection": 2505, "explanation": "Повторение одного и того же слова в разных формах.", "tag": "", "type": "Р.повтор", "subtype": "", "comment": "", "correction": ""}, {"id": 55, "group": "error", "startSelection": 2540, "endSelection": 2543, "explanation": "Повторение одного и того же слова.", "tag": "", "type": "Р.повтор", "subtype": "", "comment": "", "correction": ""}, {"id": 56, "group": "error", "startSelection": 2570, "endSelection": 2576, "explanation": "Повторение одного и того же слова.", "tag": "", "type": "Р.повтор", "subtype": "", "comment": "", "correction": ""}, {"id": 57, "group": "error", "startSelection": 2625, "endSelection": 2631, "explanation": "Повторение одного и того же слова.", "tag": "", "type": "Р.повтор", "subtype": "", "comment": "", "correction": ""}, {"id": 58, "group": "error", "startSelection": 2696, "endSelection": 2702, "explanation": "Повторение одного и того же слова в разных формах.", "tag": "", "type": "Р.повтор", "subtype": "", "comment": "", "correction": ""}, {"id": 60, "group": "meaning", "startSelection": 361, "endSelection": 430, "type": "ПРОБЛЕМА", "subtype": "", "explanation": "", "correction": "", "tag": "", "comment": ""}, {"id": 61, "group": "meaning", "startSelection": 431, "endSelection": 822, "type": "ПОЯСНЕНИЕ", "subtype": "", "explanation": "", "correction": "", "tag": "", "comment": ""}, {"id": 62, "group": "meaning", "startSelection": 1279, "endSelection": 1662, "type": "СВЯЗЬ", "subtype": "", "explanation": "", "correction": "", "tag": "", "comment": ""}, {"id": 63, "group": "meaning", "startSelection": 1926, "endSelection": 2708, "type": "ОТНОШЕНИЕ", "subtype": "", "explanation": "", "correction": "", "tag": "", "comment": ""}]}