{"meta": {"uuid": "8718e0da-9162-49bf-8a6d-2d258bac665a", "id": "0008124", "name": "0008124_ru_rus_problema_otnosheniya_k_velikim_sovremennikam_noexp.txt", "subject": "rus", "test": "егэ тренировка", "category": "", "year": 2019, "class": "11", "theme": "Проблема отношения к великим современникам (По В. Ганичеву)", "taskText": "(1)На берегу реки сидел старый человек в морском мундире. (2)Последние предосенние стрекозы трепетали над ним, некоторые садились на потертые эполеты, передыхали и вспархивали, когда человек изредка шевелился. (3)Ему было душно, он расслаблял рукой уже давно расстегнутый воротник и замирал, вглядывался слезящимися глазами в ладошки небольших волн, похлопывающих речку. (4)Что виделось ему сейчас в этом мелководье? (5)О чем думал он?\n(6)До недавнего времени он еще знал, что одержал великие победы, что сумел вырваться из плена старых теорий и открыл новые законы морского боя, что создал не одну непобедимую эскадру, воспитал немало славных командиров и экипажей боевых кораблей.\n(7)Но прошло едва ли десять лет после его отставки, и о нем постарались забыть и в императорском дворце, и в Адмиралтействе, и в штабах флотов и морских училищ. (8)Вот и заканчивал свой век забытый властью и флотскими командирами здесь, в центре России, на Тамбовщине, Федор Федорович Ушаков, опальный русский флотоводец. (9)Сорок кампаний провел он, ни в одном сражении не потерпел поражения. (10)Блестящие победы русского флота под его началом сделали имя Федора Ушакова легендарным. (11)Но мало кто помнил об этом тогда в России…\n(12)Современники часто не замечают таланта, гения, пророка в своем окружении. (13)Они не могут, а если вспомнить историю, то и не хотят выделять выдающиеся, их превосходящие способности ближнего. (14)С раздражением говорят о таком человеке, возводя его в лучшем случае в разряд чудаков и людей везучих…\n(15)Звуки того дня перемешивались в нем, наплывали один на другой, заставляя вздрагивать, озираться. (16)Он вспоминал о дальних походах и сражениях. (17)Глаза его были открыты, но взор бродил где-то там, по далеким рейдам, бухтам и гаваням, натыкался на крепостные стены и прибрежные рифы.\n(18)Набежал ветер, пытаясь закутать, запеленать одинокого адмирала, а тот отстранял его рукой, пробуя задержать видения прошлого.\n"}, "text": "Как люди относятся к своим талантливым, великим современникам? Всегда ли они признают их талант? Всегда ли они проявляют к ним то уважение, которое те заслуживают? Проблему отношения современников к талантливым людям затрагивает в своём тексте писатель В. Ганичев.\nРазмышляя над данной проблемой, автор описывает судьбу знаменитого полководца Фёдора Ушакова. С горечью пишет Ганичев о судьбе всеми забытого полководца. Ведь еще совсем недавно он прославил свою жизнь тем, что «открыл новые законы морского боя», что не потерпел ни одного поражения, а теперь эти победы, боевое прошлое живут только в его памяти, памяти опального адмирала, доживающего свой век в одиночестве на Тамбовщине. Ганичев размышляет о причине забвения гениального человека. Главным поводом он считает человеческую психологию: людям часто трудно признать рядом живущего человека более талантливым, более одаренным, чем они. Их нередко раздражают чужие успехи, которые они приписывают не уму и труду великого человека, а просто везению. Таким образом, автор показывает читателю то, что привело Фёдора Ушакова к такому печальному концу.\nПозиция автора очевидна: современники не всегда могут по достоинству оценить выдающегося человека и воздать ему те почести, которые он заслуживает.\nЯ придерживаюсь того же мнения на проблему отношения современников к талантливым людям, что и автор. Люди не ценят того, что совершили великие люди, они не уделяют должного внимания их поступкам, действиям. Вместо этого они стараются оградиться от талантливых людей, окружающих их, стремятся забыть пользу, оказанную ими. Постараюсь доказать это конкретными примерами.\nВспомним произведение Льва Николаевича Толстого «Война и мир». В этом произведении большое внимание уделяется русскому полководцу Кутузову. В настоящие дни Кутузов является опытным боевым генералом, который одержал большое количество побед и смог поспособствовать победе на войне 1812 года. Однако в своём произведении автор показывает нам отношение к Кутузову его современниками, которые не в состоянии справедливо оценить этого человека. Не только солдаты, но и многие люди из светского общества говорят о нем насмешливо, неуважительно. Они хотят отстранить его от должности главнокомандующего, считая, что он своими действиями ведёт Россию к поражению. Окончательно это мнение укрепляется после разгромного поражения русских армий на Аустерлицком сражении. Однако только Кутузов правильно понимал существующее на фронте положение дел и осознавал, что нападение неизбежно. Он проработал собственную тактику, которую не понимали другие командиры. Таким образом, современники не всегда способны оказать должное уважение людям, которые этого заслуживают.\nПрочитав данный текст, понимаешь, что автор стремился убедить нас в том, что необходимо справедливо относиться к великим, талантливым людям, оказывать им должное уважение, уделять соответствующее внимание. Важно помнить о том, что тот вклад, который они внесли в нашу жизнь, неизмеримо важен для каждого из нас.", "fileName": "0008124.json", "selections": [{"id": 0, "group": "error", "startSelection": 63, "endSelection": 69, "explanation": "Повторение одного и того же слова.", "tag": "", "type": "Р.повтор", "subtype": "", "comment": "", "correction": ""}, {"id": 1, "group": "error", "startSelection": 97, "endSelection": 103, "explanation": "Повторение одного и того же слова.", "tag": "", "type": "Р.повтор", "subtype": "", "comment": "", "correction": ""}, {"id": 2, "group": "error", "startSelection": 229, "endSelection": 243, "explanation": "Слово «свой» в контекстах вроде «писатель в своём тексте рассказывает...» избыточно.", "tag": "", "type": "Р.ЛИШН", "subtype": "лишн", "comment": "", "correction": ""}, {"id": 3, "group": "error", "startSelection": 244, "endSelection": 252, "explanation": "Повторение однокоренных слов.", "tag": "", "type": "Р.тавт", "subtype": "", "comment": "", "correction": ""}, {"id": 4, "group": "error", "startSelection": 303, "endSelection": 312, "explanation": "Повторение однокоренных слов.", "tag": "", "type": "Р.тавт", "subtype": "", "comment": "", "correction": ""}, {"id": 5, "group": "error", "startSelection": 313, "endSelection": 319, "explanation": "Повторение одного и того же слова в разных формах.", "tag": "", "type": "Р.повтор", "subtype": "", "comment": "", "correction": ""}, {"id": 6, "group": "error", "startSelection": 332, "endSelection": 342, "explanation": "Повторение одного и того же слова.", "tag": "", "type": "Р.повтор", "subtype": "", "comment": "", "correction": ""}, {"id": 7, "group": "error", "startSelection": 369, "endSelection": 374, "explanation": "Повторение однокоренных слов.", "tag": "", "type": "Р.тавт", "subtype": "", "comment": "", "correction": ""}, {"id": 8, "group": "error", "startSelection": 385, "endSelection": 391, "explanation": "Повторение одного и того же слова в разных формах.", "tag": "", "type": "Р.повтор", "subtype": "", "comment": "", "correction": ""}, {"id": 9, "group": "error", "startSelection": 407, "endSelection": 417, "explanation": "Повторение одного и того же слова.", "tag": "", "type": "Р.повтор", "subtype": "", "comment": "", "correction": ""}, {"id": 10, "group": "error", "startSelection": 456, "endSelection": 466, "explanation": "Слово «свой» применительно к жизни часто избыточно, поскольку жизнь у человека всегда «своя».", "tag": "", "type": "Р.ЛИШН", "subtype": "лишн", "comment": "", "correction": ""}, {"id": 11, "group": "error", "startSelection": 506, "endSelection": 509, "explanation": "Повторение однокоренных слов.", "tag": "", "type": "Р.тавт", "subtype": "", "comment": "", "correction": ""}, {"id": 12, "group": "error", "startSelection": 531, "endSelection": 537, "explanation": "Повторение однокоренных слов.", "tag": "", "type": "Р.тавт", "subtype": "", "comment": "", "correction": ""}, {"id": 13, "group": "error", "startSelection": 570, "endSelection": 576, "explanation": "Повторение однокоренных слов.", "tag": "", "type": "Р.тавт", "subtype": "", "comment": "", "correction": ""}, {"id": 14, "group": "error", "startSelection": 585, "endSelection": 590, "explanation": "Повторение однокоренных слов.", "tag": "", "type": "Р.тавт", "subtype": "", "comment": "", "correction": ""}, {"id": 15, "group": "error", "startSelection": 639, "endSelection": 650, "explanation": "Повторение однокоренных слов.", "tag": "", "type": "Р.тавт", "subtype": "", "comment": "", "correction": ""}, {"id": 16, "group": "error", "startSelection": 662, "endSelection": 673, "explanation": "Повторение однокоренных слов.", "tag": "", "type": "Р.тавт", "subtype": "", "comment": "", "correction": ""}, {"id": 17, "group": "error", "startSelection": 739, "endSelection": 747, "explanation": "Повторение одного и того же слова.", "tag": "", "type": "Р.повтор", "subtype": "", "comment": "", "correction": ""}, {"id": 18, "group": "error", "startSelection": 835, "endSelection": 843, "explanation": "Повторение однокоренных слов.", "tag": "", "type": "Р.тавт", "subtype": "", "comment": "", "correction": ""}, {"id": 19, "group": "error", "startSelection": 844, "endSelection": 852, "explanation": "Повторение одного и того же слова.", "tag": "", "type": "Р.повтор", "subtype": "", "comment": "", "correction": ""}, {"id": 20, "group": "error", "startSelection": 853, "endSelection": 858, "explanation": "Повторение одного и того же слова.", "tag": "", "type": "Р.повтор", "subtype": "", "comment": "", "correction": ""}, {"id": 21, "group": "error", "startSelection": 872, "endSelection": 877, "explanation": "Повторение одного и того же слова.", "tag": "", "type": "Р.повтор", "subtype": "", "comment": "", "correction": ""}, {"id": 22, "group": "error", "startSelection": 982, "endSelection": 990, "explanation": "Повторение одного и того же слова.", "tag": "", "type": "Р.повтор", "subtype": "", "comment": "", "correction": ""}, {"id": 23, "group": "error", "startSelection": 1198, "endSelection": 1206, "explanation": "Повторение одного и того же слова.", "tag": "", "type": "Р.повтор", "subtype": "", "comment": "", "correction": ""}, {"id": 24, "group": "error", "startSelection": 1273, "endSelection": 1277, "explanation": "Повторение одного и того же слова.", "tag": "", "type": "Р.повтор", "subtype": "", "comment": "", "correction": ""}, {"id": 25, "group": "error", "startSelection": 1338, "endSelection": 1343, "explanation": "Повторение одного и того же слова в разных формах.", "tag": "", "type": "Р.повтор", "subtype": "", "comment": "", "correction": ""}, {"id": 26, "group": "error", "startSelection": 1358, "endSelection": 1362, "explanation": "Повторение одного и того же слова в разных формах.", "tag": "", "type": "Р.повтор", "subtype": "", "comment": "", "correction": ""}, {"id": 27, "group": "error", "startSelection": 1372, "endSelection": 1376, "explanation": "Повторение одного и того же слова.", "tag": "", "type": "Р.повтор", "subtype": "", "comment": "", "correction": ""}, {"id": 28, "group": "error", "startSelection": 1400, "endSelection": 1404, "explanation": "Повторение одного и того же слова в разных формах.", "tag": "", "type": "Р.повтор", "subtype": "", "comment": "", "correction": ""}, {"id": 29, "group": "error", "startSelection": 1471, "endSelection": 1476, "explanation": "Повторение одного и того же слова в разных формах.", "tag": "", "type": "Р.повтор", "subtype": "", "comment": "", "correction": ""}, {"id": 30, "group": "error", "startSelection": 1481, "endSelection": 1490, "explanation": "Повторение однокоренных слов.", "tag": "", "type": "Р.тавт", "subtype": "", "comment": "", "correction": ""}, {"id": 31, "group": "error", "startSelection": 1517, "endSelection": 1522, "explanation": "Повторение одного и того же слова в разных формах.", "tag": "", "type": "Р.повтор", "subtype": "", "comment": "", "correction": ""}, {"id": 32, "group": "error", "startSelection": 1579, "endSelection": 1589, "explanation": "Повторение однокоренных слов.", "tag": "", "type": "Р.тавт", "subtype": "", "comment": "", "correction": ""}, {"id": 33, "group": "error", "startSelection": 1599, "endSelection": 1602, "explanation": "Повторение одного и того же слова в разных формах.", "tag": "", "type": "Р.повтор", "subtype": "", "comment": "", "correction": ""}, {"id": 34, "group": "error", "startSelection": 1635, "endSelection": 1647, "explanation": "Повторение одного и того же слова в разных формах.", "tag": "", "type": "Р.повтор", "subtype": "", "comment": "", "correction": ""}, {"id": 35, "group": "error", "startSelection": 1691, "endSelection": 1695, "explanation": "Повторение одного и того же слова в разных формах.", "tag": "", "type": "Р.повтор", "subtype": "", "comment": "", "correction": ""}, {"id": 36, "group": "error", "startSelection": 1696, "endSelection": 1708, "explanation": "Повторение одного и того же слова в разных формах.", "tag": "", "type": "Р.повтор", "subtype": "", "comment": "", "correction": ""}, {"id": 37, "group": "error", "startSelection": 1860, "endSelection": 1865, "explanation": "Повторение одного и того же слова в разных формах.", "tag": "", "type": "Р.повтор", "subtype": "", "comment": "", "correction": ""}, {"id": 38, "group": "error", "startSelection": 1890, "endSelection": 1896, "explanation": "Повторение одного и того же слова в разных формах.", "tag": "", "type": "Р.повтор", "subtype": "", "comment": "", "correction": ""}, {"id": 39, "group": "error", "startSelection": 1924, "endSelection": 1944, "explanation": "Слово «свой» в контекстах вроде «писатель в своём тексте рассказывает...» избыточно.", "tag": "", "type": "Р.ЛИШН", "subtype": "лишн", "comment": "", "correction": ""}, {"id": 40, "group": "error", "startSelection": 2271, "endSelection": 2280, "explanation": "Повторение однокоренных слов.", "tag": "", "type": "Р.повтор", "subtype": "", "comment": "", "correction": ""}, {"id": 41, "group": "error", "startSelection": 2360, "endSelection": 2362, "explanation": "", "tag": "REPLACE_на_в", "type": "А.лекс", "subtype": "конт", "comment": "", "correction": "в"}, {"id": 42, "group": "error", "startSelection": 2336, "endSelection": 2345, "explanation": "Повторение однокоренных слов.", "tag": "", "type": "Р.повтор", "subtype": "", "comment": "", "correction": ""}, {"id": 43, "group": "error", "startSelection": 2376, "endSelection": 2384, "explanation": "Повторение однокоренных слов.", "tag": "", "type": "Р.тавт", "subtype": "", "comment": "", "correction": ""}, {"id": 44, "group": "error", "startSelection": 2418, "endSelection": 2425, "explanation": "Повторение одного и того же слова в разных формах.", "tag": "", "type": "Р.повтор", "subtype": "", "comment": "", "correction": ""}, {"id": 45, "group": "error", "startSelection": 2547, "endSelection": 2555, "explanation": "Повторение одного и того же слова в разных формах.", "tag": "", "type": "Р.повтор", "subtype": "", "comment": "", "correction": ""}, {"id": 46, "group": "error", "startSelection": 2703, "endSelection": 2712, "explanation": "Повторение одного и того же слова в разных формах.", "tag": "", "type": "Р.повтор", "subtype": "", "comment": "", "correction": ""}, {"id": 47, "group": "error", "startSelection": 2748, "endSelection": 2751, "explanation": "Повторение одного и того же слова.", "tag": "", "type": "Р.повтор", "subtype": "", "comment": "", "correction": ""}, {"id": 48, "group": "error", "startSelection": 2886, "endSelection": 2891, "explanation": "Повторение одного и того же слова в разных формах.", "tag": "", "type": "Р.повтор", "subtype": "", "comment": "", "correction": ""}, {"id": 49, "group": "error", "startSelection": 2902, "endSelection": 2905, "explanation": "Повторение одного и того же слова.", "tag": "", "type": "Р.повтор", "subtype": "", "comment": "", "correction": ""}, {"id": 50, "group": "error", "startSelection": 2966, "endSelection": 2971, "explanation": "Повторение одного и того же слова в разных формах.", "tag": "", "type": "Р.повтор", "subtype": "", "comment": "", "correction": ""}, {"id": 52, "group": "meaning", "startSelection": 164, "endSelection": 264, "type": "ПРОБЛЕМА", "subtype": "", "explanation": "", "correction": "", "tag": "", "comment": ""}, {"id": 53, "group": "meaning", "startSelection": 265, "endSelection": 358, "type": "ПРИМЕР", "subtype": "", "explanation": "", "correction": "", "tag": "", "comment": ""}, {"id": 54, "group": "meaning", "startSelection": 359, "endSelection": 1009, "type": "ПОЯСНЕНИЕ", "subtype": "", "explanation": "", "correction": "", "tag": "", "comment": ""}, {"id": 55, "group": "meaning", "startSelection": 1010, "endSelection": 1108, "type": "ПОЗИЦИЯ", "subtype": "", "explanation": "", "correction": "", "tag": "", "comment": ""}, {"id": 56, "group": "meaning", "startSelection": 1109, "endSelection": 1256, "type": "ПОЗИЦИЯ", "subtype": "", "explanation": "", "correction": "", "tag": "", "comment": ""}, {"id": 57, "group": "meaning", "startSelection": 1257, "endSelection": 1625, "type": "ОТНОШЕНИЕ", "subtype": "", "explanation": "", "correction": "", "tag": "", "comment": ""}]}