{"meta": {"uuid": "66c48fce-2635-4763-973d-765d4e764c56", "id": "0008568", "name": "0008568_ru_rus_problema_roli_podderjki_v_jizni_cheloveka_noexp.txt", "subject": "rus", "test": "егэ тренировка", "category": "", "year": 2018, "class": "11", "theme": "Проблема роли поддержки в жизни человека (По тексту Ф. М. Достоевского)", "taskText": "(1)Было мне тогда всего девять лет от роду. (2)Как-то раз в лесу, среди глубокой тишины, ясно и отчётливо почудился мне крик: «Волк бежит!» (3)Я вскрикнул и вне себя от испуга выбежал на поляну, прямо на пашущего землю мужика.\n(4)Это был Марей – наш крепостной лет пятидесяти, плотный, довольно рослый, с сильною проседью в тёмно-русой бороде. (5)Я немного знал его, но до того почти никогда не случалось мне заговорить с ним. (6)Я в детстве мало общался с крепостными: эти чужие, с грубыми лицами и узловатыми руками мужики казались мне опасными, разбойными людьми. (7)Марей остановил кобылёнку, заслышав мой напуганный голос, и когда я, разбежавшись, уцепился одной рукой за его соху, а другою за его рукав, то он разглядел мой испуг.\n− (8)Волк бежит! – прокричал я, задыхаясь.\n(9)Он вскинул голову и невольно огляделся кругом, на мгновенье почти мне поверив.\n− (10)Что ты, какой волк, померещилось: вишь! (11)Какому тут волку быть! – бормотал он, ободряя меня. (12)Но я весь трясся и ещё крепче уцепился за его зипун и, должно быть, был очень бледен. (13)Он смотрел с беспокойною улыбкою, видимо боясь и тревожась за меня.\n− (14)Ишь ведь испужался, ай-ай! – качал он головой. – (15)Полно, родный. (16)Ишь, малец, ай!\n(17)Он протянул руку и вдруг погладил меня по щеке.\n− (18)Полно же, ну, Христос с тобой, окстись.\n(19)Но я не крестился: углы моих губ вздрагивали, и, кажется, это особенно его поразило. (20)И тогда Марей протянул свой толстый, с чёрным ногтем, запачканный в земле палец и тихонько дотронулся до вспрыгивающих моих губ.\n− (21)Ишь ведь, − улыбнулся он мне какою-то материнскою и длинною улыбкой, − господи, да что это, ишь ведь, ай, ай!\n(22)Я понял наконец, что волка нет и что мне крик про волка померещился.\n− (23)Ну, я пойду, − сказал я, вопросительно и робко смотря на него.\n− (24)Ну и ступай, а я те вослед посмотрю. (25)Уж я тебя волку не дам! − прибавил он, всё так же матерински мне улыбаясь. – (26)Ну, Христос с тобой, − и он перекрестил меня рукой и сам перекрестился.\n(27)Пока я шёл, Марей всё стоял со своей кобылёнкой и смотрел мне вслед, каждый раз кивая головой, когда я оглядывался. (28)И даже когда я был далеко и уже не мог разглядеть его лица, чувствовал, что он всё точно так же ласково улыбается.\n(29)Всё это разом мне припомнилось сейчас, двадцать лет спустя, здесь, на каторге в Сибири… (30)Эта нежная материнская улыбка крепостного мужика, его неожиданное сочувствие, покачивания головой. (31)Конечно, всякий бы ободрил ребёнка, но в той уединённой встрече случилось как бы что-то совсем другое. (32)И только бог, может быть, видел сверху, каким глубоким и просвещённым человеческим чувством было наполнено сердце грубого, зверски невежественного человека и какая тонкая нежность таилась в нём.\n(33)И вот когда здесь, на каторге, я сошёл с нар и огляделся кругом, я вдруг почувствовал, что могу смотреть на этих несчастных каторжников совсем другим взглядом и что вдруг исчезли всякий страх и всякая ненависть\nв сердце моём. (34)Я пошёл, вглядываясь в встречавшиеся лица. (35)Этот обритый и шельмованный мужик, с клеймами на лице, хмельной, орущий свою рьяную сиплую песню, может быть, такой же Марей. (36)Ведь я же не могу заглянуть в его сердце.\n"}, "text": "Так ли важно человеку иметь того, на кого можно положиться? Возможно ли в трудной ситуации оставаться одному, и при этом не терять силу духа? В тексте автор, рассказывая историю из детства героя, раскрывает проблему роли поддержки в жизни человека.\nФ. М. Достоевский повествует нам о случае из детства мальчика, когда, будучи очень напуганным, он встретил крепостного Марея (предл. 3-4). Мужчина успокоил разволновавшегося героя, сказав пару ласковых слов и улыбнувшись «материнской улыбкой». Автор очень трепетно описывает каждую эмоцию Марея, показывая нам, как важно было крепостному успокоить мальчика.\nФ. М. Достоевский понимает, что испуганного ребенка, не успокоил бы только очень жестокий человек, но писатель восхищается потрясающей искренностью простого, с первого взгляда очень невежественного и неприятного человека. Он уверен в том, что только великодушные люди способны сострадать и оказывать поддержку. Более того, писатель говорит нам о том, что зачастую внешний облик человека складывают неверное впечатление о нем. Только в поступках могут проявиться настоящие качества личности.\nЯ полностью согласна с позицией автора. Порой, даже несмотря на жесткий характер, люди могут открыться с новых сторон. Одной из таких и есть способность поддерживать. Какая разница, сколько человек окончил классов или как он одевается, если ради тебя, он готов переступить через свои принципы, стать мягким и протянуть руку помощи.\nНемало примеров, подтверждающих данную точку зрения, можно найти в литературе. В рассказе «Уроки французского» В. Г. Распутина учитель старался всячески помочь мальчику, оказавшемуся в бедственном положении. Ему не хватает денег на жизненно необходимые продукты, сожители воруют у него еду, он начинает играть в азартные игры, но они не приносят ему ничего, кроме побоев от злых детей. Преподаватель узнает о всех проблемах мальчика, и, рискуя своей должностью, старается различными способами помочь герою. Учителя не имели больших зарплат, да и никто не хотел бы потерять работу, но, несмотря на то, что мальчик, по сути, никем не являлся преподавателю, женщина проявляет сострадание и пытается всяческие оказать поддержку.\nИной пример можно привести из такого произведения, как «Преступление и наказание» Ф. М Достоевского Соня Мармеладова живет в очень бедной семье, с виду - самая обычная девушка, но именно она полностью переворачивает внутренний мир Родиона Раскольникова. Соня регулярно терпит насмешки, насилие в семье, ей даже приходится получить желтый билет, чтобы хоть как-то прокормить братьев и сестер, девушка отдает последние деньги на алкоголь отцу, по сути, помогает таким же бедным, как и она сама. Именно такие поступки позволят сделать вывод о человеческой сущность. Сонечка достойна уважения за свое милосердие и характер.\nТаким образом, судить человека по внешности – это неправильно, ведь только благодаря поступкам можно судить об истинном великодушие личности.", "fileName": "0008568.json", "selections": [{"id": 0, "group": "error", "startSelection": 42, "endSelection": 47, "explanation": "Повторение однокоренных слов.", "tag": "", "type": "Р.тавт", "subtype": "", "comment": "", "correction": ""}, {"id": 1, "group": "error", "startSelection": 60, "endSelection": 68, "explanation": "Повторение однокоренных слов.", "tag": "", "type": "Р.тавт", "subtype": "", "comment": "", "correction": ""}, {"id": 2, "group": "error", "startSelection": 181, "endSelection": 188, "explanation": "Повторение одного и того же слова.", "tag": "", "type": "Р.повтор", "subtype": "", "comment": "", "correction": ""}, {"id": 3, "group": "error", "startSelection": 248, "endSelection": 381, "explanation": "Возможно, поставлена лишняя открывающая круглая скобка. Проверьте правильность расстановки скобок.", "tag": "message.txt: 3:10", "type": "А.лекс", "subtype": "конт", "comment": "", "correction": ""}, {"id": 4, "group": "error", "startSelection": 267, "endSelection": 281, "explanation": "Указание на адресата «повествования» обычно излишне.", "tag": "", "type": "Р.СОЧЕТ", "subtype": null, "comment": "", "correction": ""}, {"id": 5, "group": "error", "startSelection": 294, "endSelection": 301, "explanation": "Повторение одного и того же слова.", "tag": "", "type": "Р.повтор", "subtype": "", "comment": "", "correction": ""}, {"id": 6, "group": "error", "startSelection": 405, "endSelection": 422, "explanation": "Разговорное выражение, придающее тексту непринуждённый характер.", "tag": "RAZG.doc 67592794", "type": "А.лекс", "subtype": "конт", "comment": "", "correction": ""}, {"id": 7, "group": "error", "startSelection": 396, "endSelection": 404, "explanation": "Повторение одного и того же слова в разных формах.", "tag": "", "type": "Р.повтор", "subtype": "", "comment": "", "correction": ""}, {"id": 8, "group": "error", "startSelection": 587, "endSelection": 596, "explanation": "Повторение одного и того же слова в разных формах.", "tag": "", "type": "Р.повтор", "subtype": "", "comment": "", "correction": ""}, {"id": 9, "group": "error", "startSelection": 663, "endSelection": 671, "explanation": "Повторение одного и того же слова в разных формах.", "tag": "", "type": "Р.повтор", "subtype": "", "comment": "", "correction": ""}, {"id": 10, "group": "error", "startSelection": 841, "endSelection": 844, "explanation": "Повторение одного и того же слова.", "tag": "", "type": "Р.повтор", "subtype": "", "comment": "", "correction": ""}, {"id": 11, "group": "error", "startSelection": 953, "endSelection": 956, "explanation": "Повторение одного и того же слова.", "tag": "", "type": "Р.повтор", "subtype": "", "comment": "", "correction": ""}, {"id": 12, "group": "error", "startSelection": 1662, "endSelection": 1670, "explanation": "Повторение однокоренных слов.", "tag": "", "type": "Р.тавт", "subtype": "", "comment": "", "correction": ""}, {"id": 13, "group": "error", "startSelection": 1693, "endSelection": 1701, "explanation": "Повторение однокоренных слов.", "tag": "", "type": "Р.тавт", "subtype": "", "comment": "", "correction": ""}, {"id": 14, "group": "error", "startSelection": 1733, "endSelection": 1739, "explanation": "Повторение однокоренных слов.", "tag": "", "type": "Р.тавт", "subtype": "", "comment": "", "correction": ""}, {"id": 15, "group": "error", "startSelection": 1751, "endSelection": 1755, "explanation": "Повторение однокоренных слов.", "tag": "", "type": "Р.тавт", "subtype": "", "comment": "", "correction": ""}, {"id": 16, "group": "error", "startSelection": 1837, "endSelection": 1838, "explanation": "В данном контексте рекомендуется употребление предлога [\"обо\"].", "tag": "message.txt: 5:0", "type": "А.лекс", "subtype": "конт", "comment": "", "correction": "обо"}, {"id": 17, "group": "error", "startSelection": 1837, "endSelection": 1838, "explanation": "", "tag": "REPLACE_о_обо", "type": "А.лекс", "subtype": "конт", "comment": "", "correction": "обо"}, {"id": 18, "group": "error", "startSelection": 2070, "endSelection": 2084, "explanation": "", "tag": "REPLACE_n-am_n-om", "type": "А.лекс", "subtype": "конт", "comment": "", "correction": "???"}, {"id": 19, "group": "error", "startSelection": 2062, "endSelection": 2069, "explanation": "Повторение однокоренных слов.", "tag": "", "type": "Р.тавт", "subtype": "", "comment": "", "correction": ""}, {"id": 20, "group": "error", "startSelection": 2093, "endSelection": 2102, "explanation": "Повторение однокоренных слов.", "tag": "", "type": "Р.тавт", "subtype": "", "comment": "", "correction": ""}, {"id": 21, "group": "error", "startSelection": 2647, "endSelection": 2717, "explanation": "Возможно, предложение не согласовано.", "tag": "message.txt: 2:3", "type": "А.лекс", "subtype": "конт", "comment": "", "correction": ""}, {"id": 22, "group": "error", "startSelection": 2886, "endSelection": 2894, "explanation": "Нет существительных, согласующихся с прилагательным {\"истинном\"}.", "tag": "message.txt: 2:3", "type": "А.лекс", "subtype": "конт", "comment": "", "correction": ""}, {"id": 23, "group": "error", "startSelection": 2895, "endSelection": 2906, "explanation": "", "tag": "REPLACE_n-e-n_n-i-n", "type": "А.лекс", "subtype": "конт", "comment": "", "correction": "великодушии"}, {"id": 24, "group": "error", "startSelection": 2790, "endSelection": 2796, "explanation": "Повторение одного и того же слова.", "tag": "", "type": "Р.повтор", "subtype": "", "comment": "", "correction": ""}, {"id": 25, "group": "error", "startSelection": 2876, "endSelection": 2882, "explanation": "Повторение одного и того же слова.", "tag": "", "type": "Р.повтор", "subtype": "", "comment": "", "correction": ""}, {"id": 27, "group": "meaning", "startSelection": 142, "endSelection": 248, "type": "ПРОБЛЕМА", "subtype": "", "explanation": "", "correction": "", "tag": "", "comment": ""}, {"id": 28, "group": "meaning", "startSelection": 249, "endSelection": 492, "type": "ПРИМЕР", "subtype": "", "explanation": "", "correction": "", "tag": "", "comment": ""}, {"id": 29, "group": "meaning", "startSelection": 493, "endSelection": 606, "type": "ПОЯСНЕНИЕ", "subtype": "", "explanation": "", "correction": "", "tag": "", "comment": ""}, {"id": 30, "group": "meaning", "startSelection": 607, "endSelection": 1032, "type": "ПРИМЕР", "subtype": "", "explanation": "", "correction": "", "tag": "", "comment": ""}, {"id": 31, "group": "meaning", "startSelection": 1033, "endSelection": 1097, "type": "ПОЯСНЕНИЕ", "subtype": "", "explanation": "", "correction": "", "tag": "", "comment": ""}, {"id": 32, "group": "meaning", "startSelection": 1098, "endSelection": 2774, "type": "ОТНОШЕНИЕ", "subtype": "", "explanation": "", "correction": "", "tag": "", "comment": ""}]}