{"meta": {"uuid": "3f1f2001-4fe8-47cf-9321-3fcd3a15c801", "id": "0008706", "name": "0008706_ru_rus_kakova_rol_materi_v_jizni_cheloveka_noexp.txt", "subject": "rus", "test": "егэ тренировка", "category": "", "year": 2020, "class": "11", "theme": "Какова роль матери в жизни человека? (По тексту Ф. Искандера)", "taskText": "(1)Он летел на похороны матери. (2)Рейс на его самолёт уже несколько раз откладывали. (3)И другие рейсы отодвигали. (4)Аэропорт был переполнен пассажирами.\n(5)Он ходил и ходил между сидящими и снующими пассажирами уже несколько часов.\n(6)Сейчас, когда он стал прилично зарабатывать и мог уже в полную силу помогать матери, она заболела и умерла. (7)Он думал, что никто в мире никогда не узнает о самоотверженности его матери, о её великом терпении, любви, о её невероятных усилиях, чтобы одной вырастить своих детей.\n(8)И вот, поставив всех на ноги, почти внезапно она умерла, вместо того чтобы долго и тихо угасать, лаская внуков и чувствуя на себе благодарную любовь своих взрослых детей.\n(9)Мать — короткий праздник на Земле.\n(10)Эти слова неведомого ему поэта сейчас звенели у него в голове. (11)Какая несправедливость! (12)И никто никогда не поймёт, чем она была для своих близких, и этого никак не пересказать, потому что её любовь и самоотверженность заключались в тысячах деталей, которые хранило его сердце, и в словах это не выразить, и не найдётся человека, который всё это захотел бы выслушать и понять. (13)«Какая несправедливость», — думал он, шагая и шагая между людьми, сидящими на скамьях и снующими по залу аэропорта.\n(14)Мать — короткий праздник на Земле.\n(15)Вдруг его внимание привлекла женщина лет тридцати, по одежде явно крестьянка, сидевшая с узелками у ног. (16)Его внимание привлекло выражение необычайной скорби на её лице, и тогда он заметил мальчика лет шести, сидящего рядом с ней. (17)Над глазом мальчика краснела чудовищная опухоль величиной с голубиное яйцо. (18)Лицо мальчика было безмятежно, видно, он не испытывал никакой боли, тем более что руки его беспрерывно двигались, он занят был игрушечной машинкой.\n(19)Он остановился, поражённый лицом этой женщины. (20)Ко- нечно, выражение скорби на её лице было связано с болезнью этого мальчика. (21)Конечно, она прилетела в Москву показать его врачам. (22)Что они ей сказали? (23)Вряд ли что-нибудь утешительное. (24)Иначе откуда такая скорбь на её лице?\n(25)Он смотрел и смотрел на обыкновенное лицо русской женщины. (26)В обычном смысле оно не было ни уродливым, ни красивым. (27)Но сейчас оно было необыкновенным. (28)Она молча смотрела в какую-то непомерную даль, и лицо её светилось тихой, безропотной скорбью.\n(29)Оно вмещало в себя всю скорбь мира, и он почувствовал, что оно вмещает в себя и скорбь по его матери, словно не хуже него знает о её самоотверженно-мужественной, терпеливой жизни. (30)И он вспомнил, что всю жизнь скорбь была главным выражением лица его матери, но он так привык к этому выражению, что не понимал его. (31)И только сейчас понял. (32)И эта женщина, которая была намного моложе не только его матери, но и его самого, вдруг показалась ему похожей на его мать.\n(33)В своей жизни он видел немало хорошеньких, милых, красивых женских лиц. (34)И только теперь, потрясённый, понял, что впервые видит прекрасное лицо.\n(35)И ему вдруг захотелось упасть на колени перед этой женщиной и поцеловать её руку в знак благодарности, сказать ей всё, что не успел сказать своей матери.\n(36)Однако он не двигался, а только смотрел на её лицо. (37)Он знал, что, даже если бы аэропорт был пуст и не было ни одного свидетеля, он бы не пал перед ней на колени. (38)Он был сыном своего времени, и стыд перед откровенностью благоговения мешал ему это сделать.\n(39)И он смотрел и смотрел на это светящееся скорбью лицо, обращённое в непомерную даль. (40)И ему почему-то становилось легче, просветлённее. (41)«В этом мире всё прекрасное скорбит, — подумал он, — и всё скорбящее прекрасно». (42)И он вдруг с абсолютной уверенностью понял, что только скорбь прекрасна и только она спасёт мир. (43)И разве случайно, что лицо Богоматери всегда печально?.. (44)А мальчик с чудовищной опухолью над глазом безмятежно играл своей машинкой.\n"}, "text": "Какова роль матери в жизни человека? Эту серьёзную проблему ставит в своем тексте известный русский писатель Ф. Искандер.\nРазмышляя над поставленным вопросом, автор знакомит читателя с историей мужчины, который летит на похороны своей матери. Ф. Искандер приводит исполненные любовью воспоминания героя, сожалеющего о том, что «никто в мире никогда не узнает о самоотверженности его матери, о её великом терпении, любви, о её невероятных усилиях». Автор подчеркивает, что описать безграничную поддержку и жертвенность женщины, вырастившей детей в одиночку, давшей им все необходимое, невозможно, ведь глубина её души заключалась в тысячах деталей, которые теперь хранило сердце героя. Ф. Искандер приводит неожиданно вспомнившиеся мужчине слова поэта: «Мать — короткий праздник на земле». В них отражаются не только внутренние переживания героя насчет несправедливой смерти человека, так много сделавшего для своих близких, но и мысли самого автора.\nФ. Искандер обращает особое внимание мальчика и его мать, которых герой текста встретил в аэропорту. Автор подчеркивает, что выражение скорби, связанное с тяжёлой болезнью сына, безуспешными попытками женщины облегчить его страдания, отражает её терпеливую и самоотверженно-мужественную жизнь. В связи с этим «обыкновенное лицо русской женщины» становится для героя «прекрасным», напоминающим ему о собственной матери. Оба приведенных аргумента позволяют читателю почувствовать глубину материнской любви, её важнейшую роль в жизни каждого человека.\nАвторская позиция, как мне кажется, заключается в том, что, проявляя самоотверженную заботу, терпение, любовь, мать прилагает невероятные усилия, чтобы вырастить своих детей и стать для них духовной опорой.\nЯ полностью согласна с мнением Ф. Искандера и считаю, что роль матери в жизни каждого человека огромна. Её поддержка и любовь помогают почувствовать свои силы, стать уверенней, пережить трудности. В подтверждение можно привести стихотворение А. Павлова-Бессоновского «Спасибо, мамочка». Автор понимает, насколько важна мать в жизни человека, поэтому его произведение исполнено чувством благодарности к близкому человеку, которого он сравнивает с ангелом. Однако иногда осознание важности матери приходит слишком поздно. Так героиня рассказа К. Г. Паустовского «Телеграмма», Катерина Петровна, три года не видевшаяся со своей матерью из-за отсутствия времени ее навестить, понимает глубину своей любви и благодарности к самому родному на свете человеку, лишь на его могиле.\nВ заключение я бы хотела призвать всех людей ценить своих матерей, их любовь, терпение и самоотверженность, ведь согласно великому русскому писателю М. Горькому: «Всё прекрасное в человеке — от лучей солнца и от молока Матери».", "fileName": "0008706.json", "selections": [{"id": 0, "group": "error", "startSelection": 67, "endSelection": 81, "explanation": "Слово «свой» в контекстах вроде «писатель в своём тексте рассказывает...» избыточно.", "tag": "", "type": "Р.ЛИШН", "subtype": "лишн", "comment": "", "correction": ""}, {"id": 1, "group": "error", "startSelection": 229, "endSelection": 241, "explanation": "Слово «свой» применительно к словам, обозначающим отношение (друг, сестра, коллега) часто избыточно.", "tag": "", "type": "Р.ЛИШН", "subtype": "лишн", "comment": "", "correction": ""}, {"id": 2, "group": "error", "startSelection": 1008, "endSelection": 1015, "explanation": "Перед словом {\"которых\"} в пределах 2 слов перед запятой нет согласованных с ним существительных. Исправьте окончание или измените настройку данной опции.", "tag": "message.txt: 2:2", "type": "А.лекс", "subtype": "конт", "comment": "", "correction": ""}, {"id": 3, "group": "error", "startSelection": 1022, "endSelection": 1028, "explanation": "", "tag": "REPLACE_текст_тест", "type": "А.лекс", "subtype": "конт", "comment": "", "correction": "теста"}, {"id": 4, "group": "error", "startSelection": 1075, "endSelection": 1084, "explanation": "Повторение однокоренных слов.", "tag": "", "type": "Р.тавт", "subtype": "", "comment": "", "correction": ""}, {"id": 5, "group": "error", "startSelection": 1093, "endSelection": 1102, "explanation": "Повторение однокоренных слов.", "tag": "", "type": "Р.тавт", "subtype": "", "comment": "", "correction": ""}, {"id": 6, "group": "error", "startSelection": 1151, "endSelection": 1158, "explanation": "Повторение одного и того же слова.", "tag": "", "type": "Р.повтор", "subtype": "", "comment": "", "correction": ""}, {"id": 7, "group": "error", "startSelection": 1184, "endSelection": 1192, "explanation": "Повторение однокоренных слов.", "tag": "", "type": "Р.тавт", "subtype": "", "comment": "", "correction": ""}, {"id": 8, "group": "error", "startSelection": 1246, "endSelection": 1251, "explanation": "Повторение однокоренных слов.", "tag": "", "type": "Р.тавт", "subtype": "", "comment": "", "correction": ""}, {"id": 9, "group": "error", "startSelection": 1286, "endSelection": 1293, "explanation": "Повторение одного и того же слова.", "tag": "", "type": "Р.повтор", "subtype": "", "comment": "", "correction": ""}, {"id": 10, "group": "error", "startSelection": 1778, "endSelection": 1783, "explanation": "Повторение однокоренных слов.", "tag": "", "type": "Р.тавт", "subtype": "", "comment": "", "correction": ""}, {"id": 11, "group": "error", "startSelection": 1883, "endSelection": 1891, "explanation": "Повторение однокоренных слов.", "tag": "", "type": "Р.тавт", "subtype": "", "comment": "", "correction": ""}, {"id": 12, "group": "error", "startSelection": 1983, "endSelection": 1990, "explanation": "Разговорное выражение, придающее тексту непринуждённый характер.", "tag": "RAZG.doc c138da757", "type": "А.лекс", "subtype": "конт", "comment": "", "correction": ""}, {"id": 13, "group": "error", "startSelection": 2092, "endSelection": 2107, "explanation": "Слово «благодарность» управляет дательным падежом без предлога: «благодарность кому-либо», а не «к кому-либо».", "tag": "", "type": "Г.УПР", "subtype": "упр", "comment": "", "correction": ""}, {"id": 14, "group": "error", "startSelection": 2032, "endSelection": 2037, "explanation": "Повторение однокоренных слов.", "tag": "", "type": "Р.тавт", "subtype": "", "comment": "", "correction": ""}, {"id": 15, "group": "error", "startSelection": 2038, "endSelection": 2046, "explanation": "Повторение одного и того же слова в разных формах.", "tag": "", "type": "Р.повтор", "subtype": "", "comment": "", "correction": ""}, {"id": 16, "group": "error", "startSelection": 2117, "endSelection": 2125, "explanation": "Повторение одного и того же слова в разных формах.", "tag": "", "type": "Р.повтор", "subtype": "", "comment": "", "correction": ""}, {"id": 17, "group": "error", "startSelection": 2325, "endSelection": 2338, "explanation": "Слово «свой» применительно к словам, обозначающим отношение (друг, сестра, коллега) часто избыточно.", "tag": "", "type": "Р.ЛИШН", "subtype": "лишн", "comment": "", "correction": ""}, {"id": 18, "group": "error", "startSelection": 2409, "endSelection": 2424, "explanation": "Слово «благодарность» управляет дательным падежом без предлога: «благодарность кому-либо», а не «к кому-либо».", "tag": "", "type": "Г.УПР", "subtype": "упр", "comment": "", "correction": ""}, {"id": 19, "group": "error", "startSelection": 2325, "endSelection": 2330, "explanation": "Повторение одного и того же слова в разных формах.", "tag": "", "type": "Р.повтор", "subtype": "", "comment": "", "correction": ""}, {"id": 20, "group": "error", "startSelection": 2395, "endSelection": 2400, "explanation": "Повторение одного и того же слова в разных формах.", "tag": "", "type": "Р.повтор", "subtype": "", "comment": "", "correction": ""}, {"id": 21, "group": "error", "startSelection": 2531, "endSelection": 2544, "explanation": "Слово «свой» применительно к словам, обозначающим отношение (друг, сестра, коллега) часто избыточно.", "tag": "", "type": "Р.ЛИШН", "subtype": "лишн", "comment": "", "correction": ""}, {"id": 22, "group": "error", "startSelection": 2531, "endSelection": 2536, "explanation": "Повторение одного и того же слова в разных формах.", "tag": "", "type": "Р.повтор", "subtype": "", "comment": "", "correction": ""}, {"id": 24, "group": "meaning", "startSelection": 37, "endSelection": 121, "type": "ПРОБЛЕМА", "subtype": "", "explanation": "", "correction": "", "tag": "", "comment": ""}, {"id": 25, "group": "meaning", "startSelection": 122, "endSelection": 788, "type": "ПРИМЕР", "subtype": "", "explanation": "", "correction": "", "tag": "", "comment": ""}, {"id": 26, "group": "meaning", "startSelection": 789, "endSelection": 949, "type": "ПОЯСНЕНИЕ", "subtype": "", "explanation": "", "correction": "", "tag": "", "comment": ""}, {"id": 27, "group": "meaning", "startSelection": 950, "endSelection": 1050, "type": "ПРИМЕР", "subtype": "", "explanation": "", "correction": "", "tag": "", "comment": ""}, {"id": 28, "group": "meaning", "startSelection": 1051, "endSelection": 1368, "type": "ПОЗИЦИЯ", "subtype": "", "explanation": "", "correction": "", "tag": "", "comment": ""}, {"id": 29, "group": "meaning", "startSelection": 1369, "endSelection": 1498, "type": "СВЯЗЬ", "subtype": "", "explanation": "", "correction": "", "tag": "", "comment": ""}, {"id": 30, "group": "meaning", "startSelection": 1499, "endSelection": 2478, "type": "ОТНОШЕНИЕ", "subtype": "", "explanation": "", "correction": "", "tag": "", "comment": ""}]}