{"meta": {"uuid": "aae281a4-1531-4f60-8043-3e5e3a1be1f2", "id": "0008511", "name": "0008511_ru_rus_problema_ravenstva_i_spravedlivosti_noexp.txt", "subject": "rus", "test": "егэ тренировка", "category": "", "year": 2018, "class": "11", "theme": "Проблема равенства и справедливости (по тексту И. Ильина)", "taskText": "(1)О несправедливости говорят и пишут с древних времён — возможно, с тех пор, как человечество вообще научилось говорить и писать. (2)Что же такое несправедливость — всё ещё не ясно.\n(3)Очень непросто прийти к согласию в этом вопросе, поскольку в данном случае спор ведётся с достаточной долей заинтересованности. (4)Каждый хочет, чтобы с ним обошлись «справедливо», и жалуется на «несправедливость», однако пытается так истолковать ситуацию, чтобы сразу же стала очевидной несправедливость по отношению к нему. (5)И каждый обладает достаточным самомнением, чтобы судить «справедливо» об отношении к другим людям, и совсем не замечает, что другие возмущаются его мнимой «справедливостью». (6)Так проблема искажается страстями и окутывается предрассудками. (7)Целые поколения застревают в этих предрассудках, и замечаешь порой, как само слово «справедливость» вызывает язвительную улыбку.\n(8)От предыдущих поколений человечеству досталось по наследству убеждение, будто люди от рождения равны и вследствие этого с ними надо обходиться одинаково. (9)Однако сущность справедливости состоит как раз в неодинаковом обхождении с неодинаковыми людьми.\n(10)Если бы люди были действительно равны, жизнь была бы предельно простой и справедливость было бы чрезвычайно легко найти. (11)Стоило бы только сказать: одинаковым людям — одинаковую долю или всем всего поровну. (12)Тогда справедливость можно было бы обосновывать арифметически и создавать механически; и все были бы довольны, потому что люди стали бы не чем иным, как одинаковыми атомами, своего рода всюду катящимися механическими шариками, которые были бы похожи внешне и имели бы внутренне одинаковый душевный склад. (13)Как наивно, как просто, как мелко!\n(14)На самом же деле люди не равны ни телом, ни душою, ни духом. (15)Они родятся существами различного пола, с различным здоровьем и силой, с совершенно различными предрасположенностями, дарами, инстинктами и желаниями, они принадлежат к различному духовному уровню, и с ними (в силу справедливости!) надо обходиться различно. (16)В этом заключается основа и главная трудность справедливости: людей — бесконечное множество; все они различны; как сделать, чтобы каждый получил согласно справедливости? (17)Если люди неодинаковы, значит, и обходиться с ними надо каждый раз согласно их живому своеобразию. (18)Иначе возникает несправедливость.\n(19)Таким образом, справедливость означает именно неравенство: беречь ребёнка, помогать слабому, снисходить к уставшему, ухаживать за больным; проявлять больше строгости к безвольному, больше доверия честному, больше осторожности к болтуну; герою оказывать почести.\n(20)Справедливость поэтому — искусство неравенства, и она присуща лишь благородным душам. (21) У неё обострённое чувство реальности; проистекающая от доброго сердца и живой наблюдательности, она отвергает механический подход к людям. (22)Она хочет индивидуально подойти к каждому случаю, располагая человека к состраданию. (23)Она старается уловить в человеке его сущность и своеобразие и соответственно этому обходиться с ним.\n"}, "text": "Что же такое справедливость? Как же она связана с равенством? Действительно ли справедливость предполагает то, что все люди-разные? Именно на эти вопросы стремится найти ответы И.Ильин в своём тексте. Для этого автор поднимает проблему справедливости.\nИльин рассматривает ее на примере определения значения этого понятия. Он говорит, что справедливость подразумевает неравенство, ведь она строится на том, что люди-разные, а потому заслуживают разного к себе отношения.Автор стремится донести до нас, что справедливость требует от человека максимальной душевной открытости и сострадания, ведь каждый человек должен видеть в другом уникальное существо с присущими ему потребностями. Также важен эпизод, в котором Ильин говорит о том, как часто люди используют мнимую справедливость в своих корыстных целях.Этим публицист стремится доказать читателю, как важно верное истолкование этого понятия.Он показывает нам, что иначе она может обесцениться, будет забыто, а мир без справедливости уже никогда не станет прежним.\nВсем же текстом стремится сказать, что справедливость-невероятно важная часть жизни человека, т.к. она приносит она привносит больше добра и взаимопонимания в наше общество. Я полностью согласна с автором и считаю, что справедливость положительно влияет на человека и на его взаимоотношения с другими людьми, а посему в нашем сердце всегда должно оставаться для нее место.\nДанная проблема неоднократно появляется в работах зарубежных писателей. В частности, о ней говорил в своем романе \"1984\" Джордж Оруэлл. В своем произведении он описывает тоталитарное общество, в котором все люди являются своеобразными винтиками гос. машины. В этом обществе не существует равенства, т.к. высший класс является более привилегированным, нежели класс низший. Что же говорить о справедливости, которая не существует в данном социуме. Таким образом, автор стремится показать нам, что мир, в котором не существует этого понятия, обречен на деградацию и духовное разложение.\nТакже в качестве аргумента можно использовать книгу \"Преступление и наказание\" Д.М.Достоевского. В ней мы знакомимся с Родионом Раскольниковым, который в самом начале произведения совершает преступление.На протяжении всего романа его будет преследовать угрызение совести, пока он не поймет, что единственное, что спасет его душу от окончательного забвения-это справедливость, ради которой он и отправился на каторгу.Таким образом, автор показывает нам важность данной проблемы. Справедливость подчас необходима человеку как исповедь, без нее он не способен нормально жить, без нее он не может чувствовать себя полноценным.\nЯ хотела поблагодарить автора за этот текст, ведь только благодаря нему я наконец задумалась о том, как важна и необходима справедливость в нашей жизни.Она способна нравственно исцелить человека, способна показать ему его место в мире. Поэтому это понятие всегда должно занимать важное место в нашей душе.", "fileName": "0008511.json", "selections": [{"id": 0, "group": "error", "startSelection": 119, "endSelection": 130, "explanation": "Части слова с дефисом не согласованы между собой.", "tag": "message.txt: 1:0", "type": "А.лекс", "subtype": "конт", "comment": "", "correction": ""}, {"id": 1, "group": "error", "startSelection": 119, "endSelection": 130, "explanation": "Две части слова с дефисом не согласованы между собой.", "tag": "message.txt: 2:7", "type": "А.лекс", "subtype": "конт", "comment": "", "correction": ""}, {"id": 2, "group": "error", "startSelection": 185, "endSelection": 199, "explanation": "Слово «свой» в контекстах вроде «писатель в своём тексте рассказывает...» избыточно.", "tag": "", "type": "Р.ЛИШН", "subtype": "лишн", "comment": "", "correction": ""}, {"id": 3, "group": "error", "startSelection": 217, "endSelection": 235, "explanation": "Проблему можно «поставить», «выдвинуть», «обозначить» или «рассмотреть», но лучше ее не «поднимать».", "tag": "", "type": "Р.СОЧЕТ", "subtype": null, "comment": "", "correction": ""}, {"id": 4, "group": "error", "startSelection": 321, "endSelection": 681, "explanation": "Слишком длинное предложение с точки зрения выбранного стиля проверки. Измените настройку, выберите более свободный стиль или разбейте это предложение на несколько более коротких.", "tag": "message.txt: 0:0", "type": "А.лекс", "subtype": "конт", "comment": "", "correction": ""}, {"id": 5, "group": "error", "startSelection": 410, "endSelection": 421, "explanation": "Части слова с дефисом не согласованы между собой.", "tag": "message.txt: 1:0", "type": "А.лекс", "subtype": "конт", "comment": "", "correction": ""}, {"id": 6, "group": "error", "startSelection": 410, "endSelection": 421, "explanation": "Две части слова с дефисом не согласованы между собой.", "tag": "message.txt: 2:7", "type": "А.лекс", "subtype": "конт", "comment": "", "correction": ""}, {"id": 7, "group": "error", "startSelection": 468, "endSelection": 470, "explanation": "Не хватает пробела.", "tag": "message.txt: 4:0", "type": "А.лекс", "subtype": "конт", "comment": "", "correction": ". А"}, {"id": 8, "group": "error", "startSelection": 485, "endSelection": 504, "explanation": "Можно «донести мысль, что...», но не «донести, что...».", "tag": "", "type": "Г.СЛОЖН", "subtype": null, "comment": "", "correction": ""}, {"id": 9, "group": "error", "startSelection": 540, "endSelection": 561, "explanation": "Поменяйте эти прилагательные местами или выберите менее строгий стиль грамматической  проверки. Обычно качественное прилагательное предшествует относительному.", "tag": "message.txt: 3:13", "type": "А.лекс", "subtype": "конт", "comment": "", "correction": "душевной максимальной"}, {"id": 10, "group": "error", "startSelection": 410, "endSelection": 421, "explanation": "Повторение одного и того же слова в разных формах.", "tag": "", "type": "Р.повтор", "subtype": "", "comment": "", "correction": ""}, {"id": 11, "group": "error", "startSelection": 444, "endSelection": 451, "explanation": "Повторение одного и того же слова в разных формах.", "tag": "", "type": "Р.повтор", "subtype": "", "comment": "", "correction": ""}, {"id": 12, "group": "error", "startSelection": 459, "endSelection": 468, "explanation": "Повторение однокоренных слов.", "tag": "", "type": "Р.тавт", "subtype": "", "comment": "", "correction": ""}, {"id": 13, "group": "error", "startSelection": 485, "endSelection": 492, "explanation": "Повторение однокоренных слов.", "tag": "", "type": "Р.тавт", "subtype": "", "comment": "", "correction": ""}, {"id": 14, "group": "error", "startSelection": 520, "endSelection": 527, "explanation": "Повторение однокоренных слов.", "tag": "", "type": "Р.тавт", "subtype": "", "comment": "", "correction": ""}, {"id": 15, "group": "error", "startSelection": 531, "endSelection": 539, "explanation": "Повторение одного и того же слова в разных формах.", "tag": "", "type": "Р.повтор", "subtype": "", "comment": "", "correction": ""}, {"id": 16, "group": "error", "startSelection": 600, "endSelection": 607, "explanation": "Повторение одного и того же слова в разных формах.", "tag": "", "type": "Р.повтор", "subtype": "", "comment": "", "correction": ""}, {"id": 17, "group": "error", "startSelection": 667, "endSelection": 680, "explanation": "Повторение однокоренных слов.", "tag": "", "type": "Р.тавт", "subtype": "", "comment": "", "correction": ""}, {"id": 18, "group": "error", "startSelection": 681, "endSelection": 1015, "explanation": "Слишком длинное предложение с точки зрения выбранного стиля проверки. Измените настройку, выберите более свободный стиль или разбейте это предложение на несколько более коротких.", "tag": "message.txt: 0:0", "type": "А.лекс", "subtype": "конт", "comment": "", "correction": ""}, {"id": 19, "group": "error", "startSelection": 804, "endSelection": 806, "explanation": "Не хватает пробела.", "tag": "message.txt: 4:0", "type": "А.лекс", "subtype": "конт", "comment": "", "correction": ". Э"}, {"id": 20, "group": "error", "startSelection": 817, "endSelection": 823, "explanation": "Слишком много идущих подряд согласных на стыке слов. Попробуйте построить фразу иначе.", "tag": "message.txt: 6:0", "type": "А.лекс", "subtype": "конт", "comment": "", "correction": ""}, {"id": 21, "group": "error", "startSelection": 892, "endSelection": 894, "explanation": "Не хватает пробела.", "tag": "message.txt: 4:0", "type": "А.лекс", "subtype": "конт", "comment": "", "correction": ". О"}, {"id": 22, "group": "error", "startSelection": 766, "endSelection": 780, "explanation": "Повторение одного и того же слова в разных формах.", "tag": "", "type": "Р.повтор", "subtype": "", "comment": "", "correction": ""}, {"id": 23, "group": "error", "startSelection": 970, "endSelection": 984, "explanation": "Повторение одного и того же слова в разных формах.", "tag": "", "type": "Р.повтор", "subtype": "", "comment": "", "correction": ""}, {"id": 24, "group": "error", "startSelection": 1055, "endSelection": 1080, "explanation": "Части слова с дефисом не согласованы между собой.", "tag": "message.txt: 1:0", "type": "А.лекс", "subtype": "конт", "comment": "", "correction": ""}, {"id": 25, "group": "error", "startSelection": 1055, "endSelection": 1080, "explanation": "Две части слова с дефисом не согласованы между собой.", "tag": "message.txt: 2:7", "type": "А.лекс", "subtype": "конт", "comment": "", "correction": ""}, {"id": 26, "group": "error", "startSelection": 1055, "endSelection": 1080, "explanation": "Повторение одного и того же слова в разных формах.", "tag": "", "type": "Р.повтор", "subtype": "", "comment": "", "correction": ""}, {"id": 27, "group": "error", "startSelection": 1119, "endSelection": 1127, "explanation": "Повторение однокоренных слов.", "tag": "", "type": "Р.тавт", "subtype": "", "comment": "", "correction": ""}, {"id": 28, "group": "error", "startSelection": 1132, "endSelection": 1141, "explanation": "Повторение однокоренных слов.", "tag": "", "type": "Р.тавт", "subtype": "", "comment": "", "correction": ""}, {"id": 29, "group": "error", "startSelection": 1291, "endSelection": 1308, "explanation": "«Взаимоотношения» бывают «между кем-то и кем-то» (например, «между коллегами»), а не «с кем-то».", "tag": "", "type": "Г.УПР", "subtype": "упр", "comment": "", "correction": ""}, {"id": 30, "group": "error", "startSelection": 1235, "endSelection": 1249, "explanation": "Повторение одного и того же слова в разных формах.", "tag": "", "type": "Р.повтор", "subtype": "", "comment": "", "correction": ""}, {"id": 31, "group": "error", "startSelection": 1418, "endSelection": 1428, "explanation": "Повторение одинаковых и однокоренных слов.", "tag": "", "type": "Р.тавт", "subtype": "", "comment": "", "correction": ""}, {"id": 32, "group": "error", "startSelection": 1488, "endSelection": 1502, "explanation": "Слово «свой» в контекстах вроде «писатель в своём тексте рассказывает...» избыточно.", "tag": "", "type": "Р.ЛИШН", "subtype": "лишн", "comment": "", "correction": ""}, {"id": 33, "group": "error", "startSelection": 1490, "endSelection": 1495, "explanation": "Повторение однокоренных слов.", "tag": "", "type": "Р.повтор", "subtype": "", "comment": "", "correction": ""}, {"id": 34, "group": "error", "startSelection": 1525, "endSelection": 1545, "explanation": "Слово «свой» в контекстах вроде «писатель в своём тексте рассказывает...» избыточно.", "tag": "", "type": "Р.ЛИШН", "subtype": "лишн", "comment": "", "correction": ""}, {"id": 35, "group": "error", "startSelection": 1527, "endSelection": 1532, "explanation": "Повторение однокоренных слов.", "tag": "", "type": "Р.повтор", "subtype": "", "comment": "", "correction": ""}, {"id": 36, "group": "error", "startSelection": 1572, "endSelection": 1580, "explanation": "Повторение одного и того же слова в разных формах.", "tag": "", "type": "Р.повтор", "subtype": "", "comment": "", "correction": ""}, {"id": 37, "group": "error", "startSelection": 1601, "endSelection": 1609, "explanation": "Повторение одинаковых и однокоренных слов.", "tag": "", "type": "Р.повтор", "subtype": "", "comment": "", "correction": ""}, {"id": 38, "group": "error", "startSelection": 1610, "endSelection": 1623, "explanation": "Повторение однокоренных слов.", "tag": "", "type": "Р.тавт", "subtype": "", "comment": "", "correction": ""}, {"id": 39, "group": "error", "startSelection": 1740, "endSelection": 1746, "explanation": "Устаревшее слово, придающее тексту архаический оттенок. В современном тексте обычно употребляется слово \"чем\".", "tag": "Ustar.doc 570098782", "type": "А.лекс", "subtype": "конт", "comment": "", "correction": ""}, {"id": 40, "group": "error", "startSelection": 1654, "endSelection": 1662, "explanation": "Повторение одного и того же слова в разных формах.", "tag": "", "type": "Р.повтор", "subtype": "", "comment": "", "correction": ""}, {"id": 41, "group": "error", "startSelection": 1666, "endSelection": 1676, "explanation": "Повторение одного и того же слова.", "tag": "", "type": "Р.повтор", "subtype": "", "comment": "", "correction": ""}, {"id": 42, "group": "error", "startSelection": 1700, "endSelection": 1705, "explanation": "Повторение одного и того же слова.", "tag": "", "type": "Р.повтор", "subtype": "", "comment": "", "correction": ""}, {"id": 43, "group": "error", "startSelection": 1706, "endSelection": 1714, "explanation": "Повторение одинаковых и однокоренных слов.", "tag": "", "type": "Р.повтор", "subtype": "", "comment": "", "correction": ""}, {"id": 44, "group": "error", "startSelection": 1747, "endSelection": 1752, "explanation": "Повторение одного и того же слова.", "tag": "", "type": "Р.повтор", "subtype": "", "comment": "", "correction": ""}, {"id": 45, "group": "error", "startSelection": 1806, "endSelection": 1816, "explanation": "Повторение одного и того же слова.", "tag": "", "type": "Р.повтор", "subtype": "", "comment": "", "correction": ""}, {"id": 46, "group": "error", "startSelection": 1902, "endSelection": 1912, "explanation": "Повторение одного и того же слова.", "tag": "", "type": "Р.повтор", "subtype": "", "comment": "", "correction": ""}, {"id": 47, "group": "error", "startSelection": 2069, "endSelection": 2450, "explanation": "Возможно, предложение не согласовано.", "tag": "message.txt: 2:3", "type": "А.лекс", "subtype": "конт", "comment": "", "correction": ""}, {"id": 48, "group": "error", "startSelection": 2069, "endSelection": 2450, "explanation": "Слишком длинное предложение с точки зрения выбранного стиля проверки. Измените настройку, выберите более свободный стиль или разбейте это предложение на несколько более коротких.", "tag": "message.txt: 0:0", "type": "А.лекс", "subtype": "конт", "comment": "", "correction": ""}, {"id": 49, "group": "error", "startSelection": 2175, "endSelection": 2177, "explanation": "Не хватает пробела.", "tag": "message.txt: 4:0", "type": "А.лекс", "subtype": "конт", "comment": "", "correction": ". Н"}, {"id": 50, "group": "error", "startSelection": 2226, "endSelection": 2235, "explanation": "Устаревшее слово. В современном тексте оно имеет архаический характер.", "tag": "Ustar.doc -1915704630", "type": "А.лекс", "subtype": "конт", "comment": "", "correction": ""}, {"id": 51, "group": "error", "startSelection": 2320, "endSelection": 2332, "explanation": "Части слова с дефисом не согласованы между собой.", "tag": "message.txt: 1:0", "type": "А.лекс", "subtype": "конт", "comment": "", "correction": ""}, {"id": 52, "group": "error", "startSelection": 2320, "endSelection": 2332, "explanation": "Две части слова с дефисом не согласованы между собой.", "tag": "message.txt: 2:7", "type": "А.лекс", "subtype": "конт", "comment": "", "correction": ""}, {"id": 53, "group": "error", "startSelection": 2388, "endSelection": 2390, "explanation": "Не хватает пробела.", "tag": "message.txt: 4:0", "type": "А.лекс", "subtype": "конт", "comment": "", "correction": ". Т"}, {"id": 54, "group": "error", "startSelection": 2203, "endSelection": 2206, "explanation": "Повторение одного и того же слова.", "tag": "", "type": "Р.повтор", "subtype": "", "comment": "", "correction": ""}, {"id": 55, "group": "error", "startSelection": 2293, "endSelection": 2296, "explanation": "Повторение одного и того же слова.", "tag": "", "type": "Р.повтор", "subtype": "", "comment": "", "correction": ""}, {"id": 56, "group": "error", "startSelection": 2333, "endSelection": 2347, "explanation": "Повторение одного и того же слова.", "tag": "", "type": "Р.повтор", "subtype": "", "comment": "", "correction": ""}, {"id": 57, "group": "error", "startSelection": 2451, "endSelection": 2465, "explanation": "Повторение одного и того же слова.", "tag": "", "type": "Р.повтор", "subtype": "", "comment": "", "correction": ""}, {"id": 58, "group": "error", "startSelection": 2511, "endSelection": 2514, "explanation": "Повторение одного и того же слова.", "tag": "", "type": "Р.повтор", "subtype": "", "comment": "", "correction": ""}, {"id": 59, "group": "error", "startSelection": 2550, "endSelection": 2553, "explanation": "Повторение одного и того же слова.", "tag": "", "type": "Р.повтор", "subtype": "", "comment": "", "correction": ""}, {"id": 60, "group": "error", "startSelection": 2663, "endSelection": 2667, "explanation": "", "tag": "REPLACE_ней_ей", "type": "А.лекс", "subtype": "конт", "comment": "", "correction": "ему"}, {"id": 61, "group": "error", "startSelection": 2747, "endSelection": 2749, "explanation": "Не хватает пробела.", "tag": "message.txt: 4:0", "type": "А.лекс", "subtype": "конт", "comment": "", "correction": ". О"}, {"id": 62, "group": "error", "startSelection": 2752, "endSelection": 2760, "explanation": "Повторение одного и того же слова.", "tag": "", "type": "Р.повтор", "subtype": "", "comment": "", "correction": ""}, {"id": 63, "group": "error", "startSelection": 2792, "endSelection": 2800, "explanation": "Повторение одного и того же слова.", "tag": "", "type": "Р.повтор", "subtype": "", "comment": "", "correction": ""}, {"id": 65, "group": "meaning", "startSelection": 201, "endSelection": 251, "type": "ПРОБЛЕМА", "subtype": "", "explanation": "", "correction": "", "tag": "", "comment": ""}, {"id": 66, "group": "meaning", "startSelection": 252, "endSelection": 681, "type": "ПРИМЕР", "subtype": "", "explanation": "", "correction": "", "tag": "", "comment": ""}, {"id": 67, "group": "meaning", "startSelection": 682, "endSelection": 1015, "type": "ПРИМЕР", "subtype": "", "explanation": "", "correction": "", "tag": "", "comment": ""}, {"id": 68, "group": "meaning", "startSelection": 1016, "endSelection": 2901, "type": "ОТНОШЕНИЕ", "subtype": "", "explanation": "", "correction": "", "tag": "", "comment": ""}]}