{"meta": {"uuid": "94027d09-3041-469a-8cb1-6948a27ee0cb", "id": "0008600", "name": "0008600_ru_rus_chto_mojno_nazvat_po_nastoyashchemu_pagubnoy_poshlostyu_noexp.txt", "subject": "rus", "test": "егэ тренировка", "category": "", "year": 2020, "class": "11", "theme": "Что можно назвать по-настоящему пагубной пошлостью? (Пот тексту Е. Долгиновой)", "taskText": "(1)Пошлость, как сказал писатель Владимир Набоков, это «нечто ложно значительное, ложно красивое, ложно умное и ложно привлекательное».\n(2)Пошлость есть уязвление нашего чувства прекрасного или приличного, царапина по нашему вкусу. (3)Сосед наш вроде не дурак и не урод, но почти всегда можно пригвоздить его «пошляком». (4)К примеру, он как-то некрасиво, нелепо одет — следовательно, пошляк. (5)Но оденься он безупречно — ещё хуже: только о тряпках и думает. (6)Рассказывает анекдоты при малознакомых дамах — чудовищная пошлость! (7)Говорит о политике — пошло интересничает… (8)Эта музыка будет вечной. (9)Не убережётся никто.\n(10)Значение слова до начала XIX века было, в общем-то, безобидным: пошлость — это то, что пошло (в люди, в массы), расхожее, общее, обычное, ординарное. (11)Потом у слова появился особый, оценочный прищур, и уже в словаре В. И. Даля (1847) «пошлый» значит «ныне: избитый, общеизвестный и надокучивший, вышедший из обычая; неприличный, почитаемый грубым, простым, низким, подлым, площадным; вульгарный, тривиальный». (12)Пошлость по Чехову — душная мещанская жизнь без идеалов и стремлений («Меня окружает пошлость и пошлость. …Горшочки со сметаной, кувшины с молоком, тараканы, глупые женщины…»), по Набокову — величественная самодовольная буржуазность и ложная претензия. (13)Основное условие пошлости — поддельность, притворство, фальшивость. (14)К примеру, есть честная нужда, но есть нужда, притворяющаяся нарядной, развешивающая дешёвые постеры с котятами, чтобы скрыть тараканьи пятна на обоях, — фу! (15)Это оно! (16)Пошло отсюда, пошлое!\n(17)В раннесоветское время пошлым считали элементарный уют и комфорт. (18) «На „Известиях” лёжа, котёночек греется. (19)А из-под потолочка верещала оголтелая канареица», — глумился Маяковский над нэпманским бытом. (20)Пошлость традиционно находили в сервантах с фарфоровыми слониками, особенная ненависть почему-то доставалась безвинным коврикам с лебедями, а потом и просто настенным коврам, пластмассовым розам и вязаным салфеткам на телевизоре — и с удивительной яростью порицался мир жалких вещиц за одну только робкую, застенчивую претензию на нарядность.\n(21)Огнеопасное дело — обличать в пошлости: непременно прилетит бумерангом да заискрит промеж глаз. (22)Все мы живём, увы, в слишком стеклянных домах. (23)Соседка считает пошлой вашу короткую юбку, а вы считаете лютой пошлостью её берет с начёсом, и вам не договориться. (24)Есть критики, рассуждающие о пошлости массовой культуры и ТВ таким плоским, уныло-пафосным, в высшей степени пошлым языком, что после них даже Стас Михайлов покажется мыслящим тростником.\n(25)Лев Кассиль, например, полагал, что пошлость совсем не безобидна: «У человека с плохим, пошлым вкусом постепенно вырабатывается неверное отношение к людям, к жизни. (26)Это в свою очередь порождает скверный стиль существования». (27)На это можно возразить: пошлый человек очень даже часто бывает добродетельным. (28)Мало ли мы знаем утончённых эстетов — носителей тяжелейших нравственных патологий? (29)И напротив: безвкусные во многих отношениях люди (и коврики, и сальные анекдоты, и примитивные суждения) могут в какие-то острые моменты демонстрировать такую высокую душу, такое благородство, что только ахнешь. (30)Ибо русский человек широк, сколько бы там его ни хотели сузить, и от противоречий только расширяется.\n(31)И всё же. (32)Есть такие виды пошлости, к которым нельзя относиться снисходительно.\n(33)Первый — это когда сильные начинают издеваться над слабыми, богатые — над бедными, образованные — над теми, кому с образованием не очень повезло. (34)Мы в последнее время, увы, часто наблюдаем небывалые приливы социального чванства и самого низкопробного снобизма. (35)Вот в карликовом мозгу какой-нибудь гламурной рептилии набухает Мария Антуанетта («нет хлеба — пусть едят пирожные»), и она верещит на все интернеты, что надо сократить пособия и пенсии, хватит паразитировать, быдло надо лишить избирательных прав, а потом, без перехода, про духовное — как искала «розавинький» шёлк для своей кроватки с видом на Лувр. (36)Или какая-нибудь совесть нации причмокивая размышляет про генетические дефекты народонаселения — о нет, он не человеконенавистник, он просто пошляк, но кому от этого легче?\n(37)И другая пошлость — когда «знающий жизнь» вползает в чужие восторги. (38)В мире есть иные области, луной мучительно томимы, любовь и поэзия, самоотверженность и благородство, бескорыстие и высокое служение, но пошляк знает по своей свиной философии, что все прекрасные порывы обусловлены инстинктом и кормом, а больше — ничем. (39)Нажористость корыта — его эталон. (40)Любовь для него — игра гормона. (41)Подвиг народа в войне — «забросали пушечным мясом». (42)Стих пишут, чтобы у станка не стоять, а благотворительностью занимаются «для пиару». (43)И далее, и далее, и меркнет свет, и нас всех тошнит, но юная душа, попавшая в зону облучения похабной мудростью, может съёжиться и заболеть.\n(44)Такой пошлости — агрессивному жлобству — до лжно сопротивляться. (45)А всё прочее — нелепое, смешное, неуклюжее, некрасивое — пусть живёт. (46)Жёлтая канарейка, газетный котёночек, Стас Михайлов и ковровый лебедь — тоже краски мира, тоже растения Божьего сада.\n"}, "text": "Что можно назвать по-настоящему пагубной пошлостью? Именно этим вопросом задаётся Евгения Долгинова.\nВ поисках ответа на этот вопрос автор обращается к определениям пошлости известных писателей и общественному пониманию этого понятия, обобщая все приведённые ей примеры словами: «Основное условие пошлости — поддельность, притворство, фальшивость». Однако писатель отмечает, что попытки скрыть неблагополучие избитыми или безвкусными эстетическими решениями и прочие распространённые виды пошлости, попадающие под это определение совершенно безобидны и не преуменьшают положительные качества людей, практикующих такого рода «пошлость». Таким образом автор отрицает мысль о том, что пошлость, в классическом понимании этого слова, не несёт никакого вреда, а значит не может являться ни признаком, ни причиной безнравственности и упадка.\nПродолжая эту мысль, Долгинова приводит своё определение двух видов пошлости, к которым нельзя относиться снисходительно: «Первый — это когда сильные начинают издеваться над слабыми… И другая пошлость — когда «знающий жизнь» вползает в чужие восторги.» Иными словами, автор утверждает, что осуждаться и наказываться должна только пошлость, произрастающая из «социального чванства» и «низкопробного снобизма» и выражающаяся в лицемерии и недостатке эмпатии.\nАвтор считает пагубной пошлостью глухоту к чувствам и пренебрежение обстоятельствами окружающих людей, а главным признаком такой пошлости — эгоцентризм и лицемерие.\nЯ полностью согласна с мнением автора, ведь устаревший дизайн интерьера или неправильный баланс цвета в одежде в худшем случае может вызвать раздражение у человека, осведомлённого о том, какие дизайны сейчас в моде и как соблюсти баланс цвета, а вот безразличие и лицемерие власть имущих, вне зависимости от того, какого рода власть они имеют, может привести к поистине ужасающим последствиям. Так, например, утончённая ценительница моды, известная своей тягой к прекрасному, Мария Антуанетта, своей чрезмерной любовью к изысканным драгоценностям, роскошным балам и модным платьям привела свою страну и свой народ к голоду, упадку и революции. Конечно, она достигла этого не без помощи остальной французской аристократии, чьё бездумное расточительство стало ярчайшим примером истинной пошлости в истории человечества.\nЕдинственный способ эффективной борьбы с по-настоящему пагубной пошлостью заключается в том, что человек, получивший власть и авторитет, будь их источником знания, капитал, сила или известность, должен пресекать в себе любое высокомерие и презрение к людям, не обладающим равноценной властью.", "fileName": "0008600.json", "selections": [{"id": 0, "group": "error", "startSelection": 41, "endSelection": 50, "explanation": "Повторение одного и того же слова в разных формах.", "tag": "", "type": "Р.повтор", "subtype": "", "comment": "", "correction": ""}, {"id": 1, "group": "error", "startSelection": 64, "endSelection": 72, "explanation": "Повторение одного и того же слова в разных формах.", "tag": "", "type": "Р.повтор", "subtype": "", "comment": "", "correction": ""}, {"id": 2, "group": "error", "startSelection": 126, "endSelection": 132, "explanation": "Повторение одного и того же слова в разных формах.", "tag": "", "type": "Р.повтор", "subtype": "", "comment": "", "correction": ""}, {"id": 3, "group": "error", "startSelection": 165, "endSelection": 173, "explanation": "Повторение одного и того же слова в разных формах.", "tag": "", "type": "Р.повтор", "subtype": "", "comment": "", "correction": ""}, {"id": 4, "group": "error", "startSelection": 210, "endSelection": 219, "explanation": "Повторение однокоренных слов.", "tag": "", "type": "Р.тавт", "subtype": "", "comment": "", "correction": ""}, {"id": 5, "group": "error", "startSelection": 226, "endSelection": 233, "explanation": "Повторение однокоренных слов.", "tag": "", "type": "Р.тавт", "subtype": "", "comment": "", "correction": ""}, {"id": 6, "group": "error", "startSelection": 297, "endSelection": 305, "explanation": "Повторение одного и того же слова в разных формах.", "tag": "", "type": "Р.повтор", "subtype": "", "comment": "", "correction": ""}, {"id": 7, "group": "error", "startSelection": 757, "endSelection": 763, "explanation": "Повторение однокоренных слов.", "tag": "", "type": "Р.тавт", "subtype": "", "comment": "", "correction": ""}, {"id": 8, "group": "error", "startSelection": 785, "endSelection": 794, "explanation": "Повторение однокоренных слов.", "tag": "", "type": "Р.тавт", "subtype": "", "comment": "", "correction": ""}, {"id": 9, "group": "error", "startSelection": 1010, "endSelection": 1017, "explanation": "Нет существительных, согласующихся с прилагательным {\"слабыми\"}.", "tag": "message.txt: 2:3", "type": "А.лекс", "subtype": "конт", "comment": "", "correction": ""}, {"id": 10, "group": "error", "startSelection": 904, "endSelection": 912, "explanation": "Повторение одного и того же слова в разных формах.", "tag": "", "type": "Р.повтор", "subtype": "", "comment": "", "correction": ""}, {"id": 11, "group": "error", "startSelection": 1046, "endSelection": 1053, "explanation": "Нет существительных, согласующихся с причастием {\"знающий\"}.", "tag": "message.txt: 2:3", "type": "А.лекс", "subtype": "конт", "comment": "", "correction": ""}, {"id": 12, "group": "error", "startSelection": 1086, "endSelection": 1088, "explanation": "Перед закрывающей кавычкой не ставится точка, за исключением случая с сокращением. Точку, обозначающую конец предложения, ставят после закрывающей кавычки.", "tag": "message.txt: 4:0", "type": "А.лекс", "subtype": "конт", "comment": "", "correction": ""}, {"id": 13, "group": "error", "startSelection": 1028, "endSelection": 1036, "explanation": "Повторение одного и того же слова в разных формах.", "tag": "", "type": "Р.повтор", "subtype": "", "comment": "", "correction": ""}, {"id": 14, "group": "error", "startSelection": 1207, "endSelection": 1215, "explanation": "Слово с ярко выраженной экспрессивной окраской.", "tag": "EXPRES.doc 686027483", "type": "А.лекс", "subtype": "конт", "comment": "", "correction": ""}, {"id": 15, "group": "error", "startSelection": 1166, "endSelection": 1174, "explanation": "Повторение одного и того же слова в разных формах.", "tag": "", "type": "Р.повтор", "subtype": "", "comment": "", "correction": ""}, {"id": 16, "group": "error", "startSelection": 1316, "endSelection": 1325, "explanation": "Повторение одного и того же слова в разных формах.", "tag": "", "type": "Р.повтор", "subtype": "", "comment": "", "correction": ""}, {"id": 17, "group": "error", "startSelection": 1422, "endSelection": 1430, "explanation": "Повторение одного и того же слова в разных формах.", "tag": "", "type": "Р.повтор", "subtype": "", "comment": "", "correction": ""}, {"id": 18, "group": "error", "startSelection": 1457, "endSelection": 1851, "explanation": "Слишком длинное предложение с точки зрения выбранного стиля проверки. Измените настройку, выберите более свободный стиль или разбейте это предложение на несколько более коротких.", "tag": "message.txt: 0:0", "type": "А.лекс", "subtype": "конт", "comment": "", "correction": ""}, {"id": 19, "group": "error", "startSelection": 1739, "endSelection": 1745, "explanation": "Нет существительных, согласующихся с прилагательным {\"имущих\"}.", "tag": "message.txt: 2:3", "type": "А.лекс", "subtype": "конт", "comment": "", "correction": ""}, {"id": 20, "group": "error", "startSelection": 1513, "endSelection": 1519, "explanation": "Повторение одного и того же слова в разных формах.", "tag": "", "type": "Р.повтор", "subtype": "", "comment": "", "correction": ""}, {"id": 21, "group": "error", "startSelection": 1651, "endSelection": 1658, "explanation": "Повторение одного и того же слова в разных формах.", "tag": "", "type": "Р.повтор", "subtype": "", "comment": "", "correction": ""}, {"id": 22, "group": "error", "startSelection": 1732, "endSelection": 1738, "explanation": "Повторение одного и того же слова.", "tag": "", "type": "Р.повтор", "subtype": "", "comment": "", "correction": ""}, {"id": 23, "group": "error", "startSelection": 1739, "endSelection": 1745, "explanation": "Повторение однокоренных слов.", "tag": "", "type": "Р.тавт", "subtype": "", "comment": "", "correction": ""}, {"id": 24, "group": "error", "startSelection": 1784, "endSelection": 1790, "explanation": "Повторение одного и того же слова.", "tag": "", "type": "Р.повтор", "subtype": "", "comment": "", "correction": ""}, {"id": 25, "group": "error", "startSelection": 1795, "endSelection": 1800, "explanation": "Повторение однокоренных слов.", "tag": "", "type": "Р.тавт", "subtype": "", "comment": "", "correction": ""}, {"id": 26, "group": "error", "startSelection": 1851, "endSelection": 2101, "explanation": "Слишком сложное предложение для согласования. Вероятно, оно также трудно для чтения. Попробуйте упростить предложение или разбить его на несколько более коротких.", "tag": "message.txt: 2:3", "type": "А.лекс", "subtype": "конт", "comment": "", "correction": ""}, {"id": 27, "group": "error", "startSelection": 1878, "endSelection": 1890, "explanation": "Повторение однокоренных слов.", "tag": "", "type": "Р.тавт", "subtype": "", "comment": "", "correction": ""}, {"id": 28, "group": "error", "startSelection": 1891, "endSelection": 1895, "explanation": "Повторение однокоренных слов.", "tag": "", "type": "Р.тавт", "subtype": "", "comment": "", "correction": ""}, {"id": 29, "group": "error", "startSelection": 1907, "endSelection": 1912, "explanation": "Повторение одного и того же слова в разных формах.", "tag": "", "type": "Р.повтор", "subtype": "", "comment": "", "correction": ""}, {"id": 30, "group": "error", "startSelection": 1952, "endSelection": 1957, "explanation": "Повторение одного и того же слова в разных формах.", "tag": "", "type": "Р.повтор", "subtype": "", "comment": "", "correction": ""}, {"id": 31, "group": "error", "startSelection": 1990, "endSelection": 2004, "explanation": "Повторение однокоренных слов.", "tag": "", "type": "Р.тавт", "subtype": "", "comment": "", "correction": ""}, {"id": 32, "group": "error", "startSelection": 2024, "endSelection": 2030, "explanation": "Повторение однокоренных слов.", "tag": "", "type": "Р.тавт", "subtype": "", "comment": "", "correction": ""}, {"id": 33, "group": "error", "startSelection": 2047, "endSelection": 2051, "explanation": "Повторение одного и того же слова в разных формах.", "tag": "", "type": "Р.повтор", "subtype": "", "comment": "", "correction": ""}, {"id": 34, "group": "error", "startSelection": 2061, "endSelection": 2065, "explanation": "Повторение одного и того же слова в разных формах.", "tag": "", "type": "Р.повтор", "subtype": "", "comment": "", "correction": ""}, {"id": 35, "group": "error", "startSelection": 2184, "endSelection": 2193, "explanation": "", "tag": "REPLACE_бездумный_безумный", "type": "А.лекс", "subtype": "конт", "comment": "", "correction": "безумное"}, {"id": 36, "group": "error", "startSelection": 2243, "endSelection": 2251, "explanation": "Повторение одного и того же слова в разных формах.", "tag": "", "type": "Р.повтор", "subtype": "", "comment": "", "correction": ""}, {"id": 37, "group": "error", "startSelection": 2340, "endSelection": 2349, "explanation": "Повторение одного и того же слова в разных формах.", "tag": "", "type": "Р.повтор", "subtype": "", "comment": "", "correction": ""}, {"id": 39, "group": "meaning", "startSelection": 52, "endSelection": 100, "type": "ПРОБЛЕМА", "subtype": "", "explanation": "", "correction": "", "tag": "", "comment": ""}, {"id": 40, "group": "meaning", "startSelection": 101, "endSelection": 348, "type": "ПРИМЕР", "subtype": "", "explanation": "", "correction": "", "tag": "", "comment": ""}, {"id": 41, "group": "meaning", "startSelection": 349, "endSelection": 835, "type": "ПОЯСНЕНИЕ", "subtype": "", "explanation": "", "correction": "", "tag": "", "comment": ""}, {"id": 42, "group": "meaning", "startSelection": 836, "endSelection": 1088, "type": "ПРИМЕР", "subtype": "", "explanation": "", "correction": "", "tag": "", "comment": ""}, {"id": 43, "group": "meaning", "startSelection": 1089, "endSelection": 1292, "type": "ПОЗИЦИЯ", "subtype": "", "explanation": "", "correction": "", "tag": "", "comment": ""}, {"id": 44, "group": "meaning", "startSelection": 1293, "endSelection": 1457, "type": "ПОЗИЦИЯ", "subtype": "", "explanation": "", "correction": "", "tag": "", "comment": ""}, {"id": 45, "group": "meaning", "startSelection": 1458, "endSelection": 2568, "type": "ОТНОШЕНИЕ", "subtype": "", "explanation": "", "correction": "", "tag": "", "comment": ""}]}