{"meta": {"uuid": "90c1110a-8813-478d-98d2-85086c28c010", "id": "0008694", "name": "0008694_ru_rus_problema_socialnogo_statusa_noexp.txt", "subject": "rus", "test": "егэ тренировка", "category": "", "year": 2020, "class": "11", "theme": "Проблема социального статуса (По тексту А.П. Чехова)", "taskText": "(1) Учитель военной прогимназии, коллежский регистратор Лев Пустяков, обитал рядом с другом своим, поручиком Леденцовым.\n(2) К последнему он и направил свои стопы в новогоднее утро. (3) Видишь ли, в чём дело, Гриша, — сказал он поручику после обычного поздравления с Новым годом. (4) — Я не стал бы тебя беспокоить, если бы не крайняя надобность. (5) Одолжи мне, голубчик, на сегодняшний день твой орден, твоего Станислава. (6) Сегодня, видишь ли, я обедаю у купца Спичкина. (7) А ты знаешь этого подлеца Спичкина: он страшно любит ордена и чуть ли не мерзавцами считает тех, у кого не болтается что-нибудь на шее или в петлице. (8) И к тому же у него две дочери... (9) Настя, знаешь, и Зина... (10) Говорю, как другу...(11) Дай, сделай милость!\n(12) Всё это проговорил Пустяков, заикаясь, краснея и робко оглядываясь на дверь.\n(13) Поручик выругался, но согласился.\n(14) В два часа пополудни. (15) Пустяков ехал на извозчике к Спичкиным и, распахнувши чуточку шубу, глядел себе на грудь. (16) На груди сверкал золотом и отливал эмалью чужой Станислав.\n(17) «Как-то и уважения к себе больше чувствуешь! — думал учитель, покрякивая. — (18) Маленькая штучка, рублей пять, не больше стоит, а какой фурор производит!»\n(19) Подъехав к дому Спичкина, он распахнул шубу и стал медленно расплачиваться с извозчиком.\n(20) Снимая в передней шубу, он заглянул в залу. (21) Там за длинным обеденным столом сидели уже человек пятнадцать и обедали. (22) Слышался говор и звяканье посуды.\n(23) Кто это там звонит? — послышался голос хозяина. — (24) Ба, Лев Николаич! (25) Милости просим. (26) Немножко опоздали, но это не беда... (27) Сейчас только сели.\n(28) Пустяков выставил вперёд грудь, поднял голову и, потирая руки, вошёл в залу. (29) Но тут он увидел нечто ужасное. (30) 3а столом, рядом с Зиной, сидел его товарищ по службе, учитель французского языка Трамблян. (31) Показать ему орден значило вызвать массу самых неприятных вопросов, значило осрамиться навеки, обесславиться...\n(32) Первою мыслью Пустякова было сорвать орден или бежать назад; но орден был крепко пришит. (33) Быстро прикрыв правой рукой орден, он сгорбился, неловко отдал общий поклон и, никому не подавая руки, тяжело опустился на свободный стул, как раз против сослуживца-француза.\n(34) Перед Пустяковым поставили тарелку супа. (35) Он взял левой рукой ложку, но, вспомнив, что левой рукой не подобает есть в благоустроенном обществе, заявил, что он уже отобедал и есть не хочет.\n(36) Душа Пустякова наполнилась щемящей тоской и злобствующей досадой: суп издавал вкусный запах, а от паровой осетрины шёл необыкновенно аппетитный дымок. (37) Учитель попробовал освободить правую руку и прикрыть орден левой, но это оказалось неудобным.\n(38) Трамблян, почему-то сильно сконфуженный, глядел на него и тоже ничего не ел. (39) Поглядев друг на друга, оба ещё более сконфузились и опустили глаза в пустые тарелки.\n(40) «3аметил, подлец! — подумал Пустяков. — По роже вижу, что заметил! (41) А он, мерзавец, кляузник. (42) 3автра же донесёт директору!»\n(43) Съели хозяева и гости четвёртое блюдо, съели, волею судеб, и пятое...\n(44) Предлагаю выпить за процветание сидящих здесь дам!\n(45) Обедающие шумно поднялись и взялись за бокалы. (46) Лев Николаич, потрудитесь передать этот бокал Настасье Тимофеевне! — обратился к нему какой-то мужчина, подавая бокал. — (47) 3аставьте её выпить!\n(48) На этот раз Пустяков, к великому своему ужасу, должен был пустить в дело и правую руку. (49) Станислав с помятой красной ленточкой увидел наконец свет и засиял. (50) Учитель побледнел, опустил голову и робко поглядел в сторону француза. (51) Тот глядел на него удивлёнными, вопрошающими глазами. (52) Губы его хитро улыбались, и с лица медленно сползал конфуз...\n(53) Юлий Августович! — обратился к французу хозяин. — (54) Передайте бутылочку по принадлежности!\n(55) Трамблян нерешительно протянул правую руку к бутылке, и... о, счастье!\n(56) Пустяков увидал на его груди орден. (57) И то был не Станислав, а целая Анна! (58) 3начит, и француз сжульничал! (59) Пустяков засмеялся от удовольствия, сел на стул и развалился... (60) Теперь уже не было надобности скрывать Станислава! (61) Оба грешны одним грехом, и некому, стало быть, доносить и бесславить…\n(62) А-а-а... гм!.. — промычал Спичкин, увидев на груди учителя орден.\n(63) Да-с! — сказал Пустяков. — (64) Удивительное дело, Юлий Августович! (65) Как было мало у нас перед праздниками представлений! (66) Сколько у нас народу, а получили только вы да я! (67) Уди-ви-тель-ное дело!\n(68) Трамблян весело закивал головой и выставил вперёд левый лацкан, на котором красовалась Анна 3-й степени.\n(69) После обеда Пустяков ходил по всем комнатам и показывал барышням орден.\n(70) На душе у него было легко, вольготно, хотя и пощипывал под ложечкой голод.\n(71) «3най я такую штуку, — думал он, завистливо поглядывая на Трамбляна, беседовавшего со Спичкиным об орденах, — я бы Владимира нацепил. (72)Эх, не догадался!»\n(73) Только эта одна мысль и помучивала его. (74) В остальном же он был совершенно счастлив.\n"}, "text": "Чехов, русский писатель и драматург, в своих произведениях не раз затрагивал актуальные проблемы. Не стал исключением и предложенный текст.\n«Как общественное мнение влияет на поведение людей?»-этот вопрос ставит автор в своём произведении.\nПроблема раскрывается автором на примере героя Пустякова. Он собирался на ужин к купцу Спичкину, который «страшно любит ордена и чуть ли не мерзавцами считает тех, у кого не болтается что-нибудь на шее или в петлице». Глядя на орден, висящий у него на груди, герой говорит: «Как-то и уважения к себе больше чувствуешь!». Этот пример убеждает читателя в том, что для многих людей осуждение со стороны общества является одним из важных критериев их поступков.\nНе случайно автор обращает внимание на то, что, увидев орден на груди француза, герой испытал облегчения и весь оставшийся вечер ходил по всем комнатам и показывал барышням орден. Теперь ему не было надобности прятать орден Станиславского, потому что у француза красовалась «целая Анна!», а у Трамбляна - Анна 3-й степени. Пустяков думал лишь о том, что не надел орден Владимира, в остальном же он был совершенно счастлив. Автор показывает, как быстро поменялось поведение героя к концу вечера. Он не испытывал чувство стыда за то, что выдавал орден Леденцова за свой собственный.\nОба примера, дополняя друг друга, дают ясно понять тот факт, что порой мнение окружающих оказывает очень сильное влияние на человека и нередко диктует ему свои правила и ценности.\nАвторская позиция выражается в действиях главного героя с говорящей фамилией «Пустяков». Чехов подводит читателя к мысли о том, как ничтожно выглядит стремление героя выдать себя за того, кем он не является на самом деле.\nЯ полностью разделяю позицию автора. Действительно, каждый из нас в какой-то мере зависим от социальных установок и убеждений. На мой взгляд, каждый человек должен, в первую очередь, поступать так, как сам считает правильным и необходимым. В качестве аргумента можно вспомнить яркую личность из отечественной истории- Петра Первого. В первые годы Северной войны русская армия терпела поражения из-за нехватки военного снаряжения. Поэтому Петр Первый лично принял решение переплавить большую часть колоколов в стране на нужды армия. Петра Первого отговаривали все его приближенные, народ бунтовал, но несмотря на это в Северной войне была одержана победа, что позволило получить выход к Балтийскому морю.\nТаким образом, можно сделать вывод, что каждый человек должен действовать, исходя из своего личных интересов и желаний.", "fileName": "0008694.json", "selections": [{"id": 0, "group": "error", "startSelection": 37, "endSelection": 58, "explanation": "Слово «свой» в контекстах вроде «писатель в своём тексте рассказывает...» избыточно.", "tag": "", "type": "Р.ЛИШН", "subtype": "лишн", "comment": "", "correction": ""}, {"id": 1, "group": "error", "startSelection": 191, "endSelection": 193, "explanation": "Не хватает пробела.", "tag": "message.txt: 4:0", "type": "А.лекс", "subtype": "конт", "comment": "", "correction": "\" -"}, {"id": 2, "group": "error", "startSelection": 218, "endSelection": 238, "explanation": "Слово «свой» в контекстах вроде «писатель в своём тексте рассказывает...» избыточно.", "tag": "", "type": "Р.ЛИШН", "subtype": "лишн", "comment": "", "correction": ""}, {"id": 3, "group": "error", "startSelection": 287, "endSelection": 296, "explanation": "Разговорное выражение, придающее тексту непринуждённый характер.", "tag": "RAZG.doc 3397bbdf0", "type": "А.лекс", "subtype": "конт", "comment": "", "correction": ""}, {"id": 4, "group": "error", "startSelection": 380, "endSelection": 390, "explanation": "Слово с ярко выраженной экспрессивной окраской.", "tag": "EXPRES.doc -2039598615", "type": "А.лекс", "subtype": "конт", "comment": "", "correction": ""}, {"id": 5, "group": "error", "startSelection": 360, "endSelection": 366, "explanation": "Повторение одного и того же слова в разных формах.", "tag": "", "type": "Р.повтор", "subtype": "", "comment": "", "correction": ""}, {"id": 6, "group": "error", "startSelection": 467, "endSelection": 472, "explanation": "Повторение одного и того же слова в разных формах.", "tag": "", "type": "Р.повтор", "subtype": "", "comment": "", "correction": ""}, {"id": 7, "group": "error", "startSelection": 753, "endSelection": 758, "explanation": "Повторение одного и того же слова.", "tag": "", "type": "Р.повтор", "subtype": "", "comment": "", "correction": ""}, {"id": 8, "group": "error", "startSelection": 871, "endSelection": 876, "explanation": "Повторение одного и того же слова.", "tag": "", "type": "Р.повтор", "subtype": "", "comment": "", "correction": ""}, {"id": 9, "group": "error", "startSelection": 1008, "endSelection": 1011, "explanation": "Слово содержит русские буквы и цифры вперемешку.", "tag": "message.txt: 1:0", "type": "А.лекс", "subtype": "конт", "comment": "", "correction": ""}, {"id": 10, "group": "error", "startSelection": 916, "endSelection": 921, "explanation": "Повторение одного и того же слова.", "tag": "", "type": "Р.повтор", "subtype": "", "comment": "", "correction": ""}, {"id": 11, "group": "error", "startSelection": 1021, "endSelection": 1029, "explanation": "Разговорное выражение, придающее тексту непринуждённый характер.", "tag": "RAZG.doc b4eb75de0", "type": "А.лекс", "subtype": "конт", "comment": "", "correction": ""}, {"id": 12, "group": "error", "startSelection": 1061, "endSelection": 1066, "explanation": "Повторение одного и того же слова.", "tag": "", "type": "Р.повтор", "subtype": "", "comment": "", "correction": ""}, {"id": 13, "group": "error", "startSelection": 1196, "endSelection": 1216, "explanation": "Устойчивое словосочетание. Желательно использовать дополнение в родительном падеже, например: мы хотим, чтобы наши дети не испытали горя и лишений.", "tag": "NEGATIVE.doc 905707789", "type": "А.лекс", "subtype": "конт", "comment": "", "correction": ""}, {"id": 14, "group": "error", "startSelection": 1242, "endSelection": 1247, "explanation": "Повторение одного и того же слова.", "tag": "", "type": "Р.повтор", "subtype": "", "comment": "", "correction": ""}, {"id": 15, "group": "error", "startSelection": 1279, "endSelection": 1311, "explanation": "Лучше обойтись без «оба» («примеры дополняют друг друга») или вообще использовать прилагательное «взаимодополняющие».", "tag": "", "type": "Р.ЛИШН", "subtype": null, "comment": "", "correction": ""}, {"id": 16, "group": "error", "startSelection": 1537, "endSelection": 1545, "explanation": "Разговорное выражение, придающее тексту непринуждённый характер.", "tag": "RAZG.doc b4eb75de0", "type": "А.лекс", "subtype": "конт", "comment": "", "correction": ""}, {"id": 17, "group": "error", "startSelection": 1733, "endSelection": 1739, "explanation": "Повторение одного и того же слова.", "tag": "", "type": "Р.повтор", "subtype": "", "comment": "", "correction": ""}, {"id": 18, "group": "error", "startSelection": 1823, "endSelection": 1829, "explanation": "Повторение одного и того же слова.", "tag": "", "type": "Р.повтор", "subtype": "", "comment": "", "correction": ""}, {"id": 19, "group": "error", "startSelection": 1996, "endSelection": 1998, "explanation": "Не хватает пробела.", "tag": "message.txt: 4:0", "type": "А.лекс", "subtype": "конт", "comment": "", "correction": "и -"}, {"id": 20, "group": "error", "startSelection": 2081, "endSelection": 2089, "explanation": "Разговорное выражение, придающее тексту непринуждённый характер.", "tag": "RAZG.doc 1550393862", "type": "А.лекс", "subtype": "конт", "comment": "", "correction": ""}, {"id": 21, "group": "error", "startSelection": 2037, "endSelection": 2042, "explanation": "Повторение однокоренных слов.", "tag": "", "type": "Р.тавт", "subtype": "", "comment": "", "correction": ""}, {"id": 22, "group": "error", "startSelection": 2090, "endSelection": 2098, "explanation": "Повторение однокоренных слов.", "tag": "", "type": "Р.тавт", "subtype": "", "comment": "", "correction": ""}, {"id": 23, "group": "error", "startSelection": 2359, "endSelection": 2364, "explanation": "Повторение однокоренных слов.", "tag": "", "type": "Р.тавт", "subtype": "", "comment": "", "correction": ""}, {"id": 24, "group": "error", "startSelection": 2460, "endSelection": 2466, "explanation": "Повторение однокоренных слов.", "tag": "", "type": "Р.тавт", "subtype": "", "comment": "", "correction": ""}, {"id": 26, "group": "meaning", "startSelection": 0, "endSelection": 97, "type": "ПРОБЛЕМА", "subtype": "", "explanation": "", "correction": "", "tag": "", "comment": ""}, {"id": 27, "group": "meaning", "startSelection": 240, "endSelection": 457, "type": "ПРИМЕР", "subtype": "", "explanation": "", "correction": "", "tag": "", "comment": ""}, {"id": 28, "group": "meaning", "startSelection": 458, "endSelection": 697, "type": "ПРИМЕР", "subtype": "", "explanation": "", "correction": "", "tag": "", "comment": ""}, {"id": 29, "group": "meaning", "startSelection": 698, "endSelection": 1278, "type": "ПОЗИЦИЯ", "subtype": "", "explanation": "", "correction": "", "tag": "", "comment": ""}, {"id": 30, "group": "meaning", "startSelection": 1279, "endSelection": 1458, "type": "СВЯЗЬ", "subtype": "", "explanation": "", "correction": "", "tag": "", "comment": ""}, {"id": 31, "group": "meaning", "startSelection": 1681, "endSelection": 2384, "type": "ОТНОШЕНИЕ", "subtype": "", "explanation": "", "correction": "", "tag": "", "comment": ""}]}