{"meta": {"uuid": "54c50b24-a2c2-48d1-a647-ac5b6010fcdb", "id": "0008719", "name": "0008719_ru_rus_pochemu_lyudyam_legche_uvidet_plohoe_nejeli_horoshee_pochemu_nujno_staratsya_podmechat_ne_hudshee_no_luchshee_noexp.txt", "subject": "rus", "test": "егэ тренировка", "category": "", "year": 2020, "class": "11", "theme": "Почему людям легче увидеть плохое, нежели хорошее? Почему нужно стараться подмечать не худшее, но лучшее? (По тексту Н. К. Рериха)", "taskText": "(1)Добрый глаз редок. (2)Дурной глаз в каждом доме найдется.\n(3)Мне говорили, что Станиславский заставляет своих учеников: \"Умейте в каждой вещи найти не худшее, но лучшее\".\n(4)Чуткий художник видит, что огромное большинство из нас с наслаждением служит культу худшего, не умея подойти ко всему, что радость приносит.\n(5)С великим рвением мы готовы произносить хулу перед тем, что нам не любо. (6)Какое долгое время мы готовы проводить около того, что нам показалось отвратительным.\n(7)Встреча с нелюбимым порождает яркие слова, блестящие сравнения. (8)И быстры тогда наши речи, и сильны движения. (9)И горят глаза наши.\n(10)Но зато как медленно-скучны бывают слова ласки и одобрения. (11)Как страшимся мы найти и признать. (12)Самый запас добрых слов становится бедным и обычным. (13)И потухают глаза.\n(14)Удалось испытать одного любителя живописи. (15)За ним ходил с часами и незаметно замечал время, проводимое им около картин. (16)Оказалось, около картин осужденных было проведено времени с лишком вдвое больше, нежели около вещей ободренных.\n(17)Не было потребности смотреть на то, что, казалось, доставило радость; нужно было потратить время на осуждение.\n(18)- \"Теперь знаю, чем вас удержать.\n(19) - Надо окружить вас вещами ненавистными\".\n(20)Если что показалось плохим, - значит, оно не достойно обсуждения. (21)Жизнь слишком красива, слишком велика, чтобы загрязнять себя зрелищем недостойным. (22)Слишком много радостного, много заслуживающего отметки внимания. (23)Но надо знать бодрость и радость.\n(24)Надо знать, что нашему \"я\" ничто не может вредить. (25)Останавливаясь перед плохим, мы у себя отнимаем минуту радости. (26)Удерживаем себя вместо шага вперед.\n(27)Учиться радости, учиться видеть лишь бодрое и красивое! (28)Если мы загрязнили глаза и слова наши, то надо учиться их очистить. (29)Строго себя удержать от общения с тем, что не полюбилось.\n(30)И у нас жизнь разрастется. (31)И нам недосуг станет всматриваться в ненавистное. (32)Отойдет ликование злобы.\n(33)И у нас откроется глаз добрый.\n"}, "text": "Почему людям легче увидеть плохое, нежели хорошее? Почему нужно стараться подмечать не худшее, но лучшее? Вот вопросы, над которыми размышляет русский писатель и художник Николай Константинович Рерих, автор предложенного текста.\nРазмышления автора заставили задуматься над этими вопросами не только меня, но наверняка и огромное количество людей, прочитавших данный текст. Автор, рассуждая о том, что «добрый глаз редок», укоряет людей, ведь они «с великим рвением» «готовы произносить хулу», готовы проводить так много времени перед тем, что «показалось отвратительным». А добрые слова, слова похвалы, напротив, «медленно-скучны». Рерих с толикой упрека рассказывает об одном любителе живописи, который около «картин осуждённых» провел времени вдвое больше, нежели около «картин ободренных». Верно подмечает писатель: многие люди «служат культу худшего», не умея увидеть радостного, красивого, а плохое, по его мнению, не достойно обсуждения. Благодаря обилию ярких средств художественной выразительности, автор ненавязчиво, но эмоционально высказывает личную точку зрения на животрепещущую тему.\nАвторская позиция заключается в следующем: «Жизнь слишком красива», «чтобы загрязнять себя зрелищем непристойным», «останавливаясь перед плохим, мы у себя отнимаем минуту радости». Но стать добрее, счастливее можно, если искренне говорить о красивых, радующих вещах.\nНевозможно не согласиться с автором. Я думаю, что открыто восхищаться красотой, радовать её творцов приятным словом просто необходимо, ведь тогда согреются сердца у многих людей, и мир, может быть, станет чуточку добрее. Невольно вспоминаются строчки из замечательного стихотворения Эдуарда Асадова «Нежные слова»:\nСловно в эру плазмы и нейтронов,\nВ гордый век космических высот\nНежные слова, как граммофоны,\nОтжили и списаны в расход.\nТолько мы здесь, видимо, слукавили\nИли что-то около того:\nВот слова же бранные оставили,\nСберегли ведь все до одного!\nА в последней строфе мысль поэта о взаимосвязи между счастьем и умением говорить друг другу добрые слова звучит особенно ярко:\nИ уж коль действительно хотите,\nЧтоб звенела счастьем голова,\nНичего-то в сердце не таите,\nГоворите, люди, говорите\nСамые хорошие слова!\nВидеть плохое намного легче, чем подмечать хорошее. Потому, наверное, так много людей выглядят несчастными: они просто не умеют радоваться прекрасному. Когда человек подмечает прекрасное и говорит об этом добрые слова, он сам чувствует себя лучше, становится добросердечнее, у него «жизнь разрастается», как точно подметил Рерих. Поэтому «говорите, люди, говорите, самые хорошие слова», и тогда «откроется глаз добрый».", "fileName": "0008719.json", "selections": [{"id": 0, "group": "error", "startSelection": 0, "endSelection": 6, "explanation": "Повторение одного и того же слова.", "tag": "", "type": "Р.повтор", "subtype": "", "comment": "", "correction": ""}, {"id": 1, "group": "error", "startSelection": 27, "endSelection": 33, "explanation": "Повторение одного и того же слова в разных формах.", "tag": "", "type": "Р.повтор", "subtype": "", "comment": "", "correction": ""}, {"id": 2, "group": "error", "startSelection": 35, "endSelection": 41, "explanation": "Устаревшее слово, придающее тексту архаический оттенок. В современном тексте обычно употребляется слово \"чем\".", "tag": "Ustar.doc 570098782", "type": "А.лекс", "subtype": "конт", "comment": "", "correction": ""}, {"id": 3, "group": "error", "startSelection": 42, "endSelection": 49, "explanation": "Повторение однокоренных слов.", "tag": "", "type": "Р.тавт", "subtype": "", "comment": "", "correction": ""}, {"id": 4, "group": "error", "startSelection": 51, "endSelection": 57, "explanation": "Повторение одного и того же слова.", "tag": "", "type": "Р.повтор", "subtype": "", "comment": "", "correction": ""}, {"id": 5, "group": "error", "startSelection": 87, "endSelection": 93, "explanation": "Повторение одного и того же слова в разных формах.", "tag": "", "type": "Р.повтор", "subtype": "", "comment": "", "correction": ""}, {"id": 6, "group": "error", "startSelection": 98, "endSelection": 104, "explanation": "Повторение однокоренных слов.", "tag": "", "type": "Р.тавт", "subtype": "", "comment": "", "correction": ""}, {"id": 7, "group": "error", "startSelection": 110, "endSelection": 117, "explanation": "Повторение одного и того же слова в разных формах.", "tag": "", "type": "Р.повтор", "subtype": "", "comment": "", "correction": ""}, {"id": 8, "group": "error", "startSelection": 132, "endSelection": 142, "explanation": "Повторение однокоренных слов.", "tag": "", "type": "Р.тавт", "subtype": "", "comment": "", "correction": ""}, {"id": 9, "group": "error", "startSelection": 221, "endSelection": 227, "explanation": "Повторение одного и того же слова в разных формах.", "tag": "", "type": "Р.повтор", "subtype": "", "comment": "", "correction": ""}, {"id": 10, "group": "error", "startSelection": 308, "endSelection": 317, "explanation": "Разговорное выражение, придающее тексту непринуждённый характер.", "tag": "RAZG.doc 1435589084", "type": "А.лекс", "subtype": "конт", "comment": "", "correction": ""}, {"id": 11, "group": "error", "startSelection": 229, "endSelection": 240, "explanation": "Повторение однокоренных слов.", "tag": "", "type": "Р.тавт", "subtype": "", "comment": "", "correction": ""}, {"id": 12, "group": "error", "startSelection": 279, "endSelection": 288, "explanation": "Повторение одного и того же слова в разных формах.", "tag": "", "type": "Р.повтор", "subtype": "", "comment": "", "correction": ""}, {"id": 13, "group": "error", "startSelection": 340, "endSelection": 345, "explanation": "Повторение одного и того же слова.", "tag": "", "type": "Р.повтор", "subtype": "", "comment": "", "correction": ""}, {"id": 14, "group": "error", "startSelection": 366, "endSelection": 371, "explanation": "Повторение одного и того же слова в разных формах.", "tag": "", "type": "Р.повтор", "subtype": "", "comment": "", "correction": ""}, {"id": 15, "group": "error", "startSelection": 486, "endSelection": 490, "explanation": "Устаревшее слово. В современном тексте оно, скорее всего, употребляется в книжном стиле.", "tag": "Ustar.doc 452880522", "type": "А.лекс", "subtype": "конт", "comment": "", "correction": ""}, {"id": 16, "group": "error", "startSelection": 430, "endSelection": 435, "explanation": "Повторение одного и того же слова.", "tag": "", "type": "Р.повтор", "subtype": "", "comment": "", "correction": ""}, {"id": 17, "group": "error", "startSelection": 467, "endSelection": 473, "explanation": "Повторение одного и того же слова.", "tag": "", "type": "Р.повтор", "subtype": "", "comment": "", "correction": ""}, {"id": 18, "group": "error", "startSelection": 493, "endSelection": 499, "explanation": "Повторение одного и того же слова.", "tag": "", "type": "Р.повтор", "subtype": "", "comment": "", "correction": ""}, {"id": 19, "group": "error", "startSelection": 614, "endSelection": 629, "explanation": "Части слова с дефисом не согласованы между собой.", "tag": "message.txt: 1:0", "type": "А.лекс", "subtype": "конт", "comment": "", "correction": ""}, {"id": 20, "group": "error", "startSelection": 614, "endSelection": 629, "explanation": "Две части слова с дефисом не согласованы между собой.", "tag": "message.txt: 2:7", "type": "А.лекс", "subtype": "конт", "comment": "", "correction": ""}, {"id": 21, "group": "error", "startSelection": 759, "endSelection": 765, "explanation": "Устаревшее слово, придающее тексту архаический оттенок. В современном тексте обычно употребляется слово \"чем\".", "tag": "Ustar.doc 570098782", "type": "А.лекс", "subtype": "конт", "comment": "", "correction": ""}, {"id": 22, "group": "error", "startSelection": 1054, "endSelection": 1060, "explanation": "", "tag": "REPLACE_личный_личностный", "type": "А.лекс", "subtype": "конт", "comment": "", "correction": "личностную"}, {"id": 23, "group": "error", "startSelection": 1061, "endSelection": 1076, "explanation": "«Точка зрения» бывает «по поводу чего-либо» или «о чём-либо», но не «на что-либо».", "tag": "", "type": "УПР", "subtype": "упр", "comment": "", "correction": ""}, {"id": 24, "group": "error", "startSelection": 1067, "endSelection": 1073, "explanation": "Повторение однокоренных слов.", "tag": "", "type": "Р.тавт", "subtype": "", "comment": "", "correction": ""}, {"id": 25, "group": "error", "startSelection": 1229, "endSelection": 1234, "explanation": "Предлог {\"перед\"} не связан с существительным или местоимением.", "tag": "message.txt: 2:3", "type": "А.лекс", "subtype": "конт", "comment": "", "correction": ""}, {"id": 26, "group": "error", "startSelection": 1184, "endSelection": 1188, "explanation": "Повторение одного и того же слова.", "tag": "", "type": "Р.повтор", "subtype": "", "comment": "", "correction": ""}, {"id": 27, "group": "error", "startSelection": 1189, "endSelection": 1197, "explanation": "Повторение однокоренных слов.", "tag": "", "type": "Р.тавт", "subtype": "", "comment": "", "correction": ""}, {"id": 28, "group": "error", "startSelection": 1248, "endSelection": 1252, "explanation": "Повторение одного и того же слова.", "tag": "", "type": "Р.повтор", "subtype": "", "comment": "", "correction": ""}, {"id": 29, "group": "error", "startSelection": 1269, "endSelection": 1276, "explanation": "Повторение одинаковых и однокоренных слов.", "tag": "", "type": "Р.тавт", "subtype": "", "comment": "", "correction": ""}, {"id": 30, "group": "error", "startSelection": 1307, "endSelection": 1312, "explanation": "Повторение однокоренных слов.", "tag": "", "type": "Р.тавт", "subtype": "", "comment": "", "correction": ""}, {"id": 31, "group": "error", "startSelection": 1349, "endSelection": 1357, "explanation": "Повторение одинаковых и однокоренных слов.", "tag": "", "type": "Р.тавт", "subtype": "", "comment": "", "correction": ""}, {"id": 32, "group": "error", "startSelection": 1365, "endSelection": 1375, "explanation": "Повторение однокоренных слов.", "tag": "", "type": "Р.тавт", "subtype": "", "comment": "", "correction": ""}, {"id": 33, "group": "error", "startSelection": 1445, "endSelection": 1453, "explanation": "Повторение одинаковых и однокоренных слов.", "tag": "", "type": "Р.тавт", "subtype": "", "comment": "", "correction": ""}, {"id": 34, "group": "error", "startSelection": 1783, "endSelection": 1790, "explanation": "Нет существительных, согласующихся с причастием {\"списаны\"}.", "tag": "message.txt: 2:3", "type": "А.лекс", "subtype": "конт", "comment": "", "correction": ""}, {"id": 35, "group": "error", "startSelection": 1751, "endSelection": 1756, "explanation": "Повторение одного и того же слова.", "tag": "", "type": "Р.повтор", "subtype": "", "comment": "", "correction": ""}, {"id": 36, "group": "error", "startSelection": 1863, "endSelection": 1868, "explanation": "Повторение одного и того же слова.", "tag": "", "type": "Р.повтор", "subtype": "", "comment": "", "correction": ""}, {"id": 37, "group": "error", "startSelection": 2162, "endSelection": 2175, "explanation": "Превосходную степень «лучший» незачем дополнительно усиливать словом «самый».", "tag": "", "type": "Р.СТИЛ", "subtype": "стил", "comment": "", "correction": ""}, {"id": 38, "group": "error", "startSelection": 1972, "endSelection": 1980, "explanation": "Повторение однокоренных слов.", "tag": "", "type": "Р.повтор", "subtype": "", "comment": "", "correction": ""}, {"id": 39, "group": "error", "startSelection": 2018, "endSelection": 2023, "explanation": "Повторение одного и того же слова.", "tag": "", "type": "Р.повтор", "subtype": "", "comment": "", "correction": ""}, {"id": 40, "group": "error", "startSelection": 2091, "endSelection": 2099, "explanation": "Повторение однокоренных слов.", "tag": "", "type": "Р.повтор", "subtype": "", "comment": "", "correction": ""}, {"id": 41, "group": "error", "startSelection": 2168, "endSelection": 2175, "explanation": "Повторение одного и того же слова в разных формах.", "tag": "", "type": "Р.повтор", "subtype": "", "comment": "", "correction": ""}, {"id": 42, "group": "error", "startSelection": 2176, "endSelection": 2181, "explanation": "Повторение одного и того же слова.", "tag": "", "type": "Р.повтор", "subtype": "", "comment": "", "correction": ""}, {"id": 43, "group": "error", "startSelection": 2197, "endSelection": 2204, "explanation": "Повторение однокоренных слов.", "tag": "", "type": "Р.тавт", "subtype": "", "comment": "", "correction": ""}, {"id": 44, "group": "error", "startSelection": 2226, "endSelection": 2233, "explanation": "Повторение одного и того же слова в разных формах.", "tag": "", "type": "Р.повтор", "subtype": "", "comment": "", "correction": ""}, {"id": 45, "group": "error", "startSelection": 2322, "endSelection": 2333, "explanation": "Нет существительных, согласующихся с прилагательным {\"прекрасному\"}.", "tag": "message.txt: 2:3", "type": "А.лекс", "subtype": "конт", "comment": "", "correction": ""}, {"id": 46, "group": "error", "startSelection": 2257, "endSelection": 2262, "explanation": "Повторение однокоренных слов.", "tag": "", "type": "Р.тавт", "subtype": "", "comment": "", "correction": ""}, {"id": 47, "group": "error", "startSelection": 2278, "endSelection": 2289, "explanation": "Повторение однокоренных слов.", "tag": "", "type": "Р.тавт", "subtype": "", "comment": "", "correction": ""}, {"id": 48, "group": "error", "startSelection": 2322, "endSelection": 2333, "explanation": "Повторение одного и того же слова в разных формах.", "tag": "", "type": "Р.повтор", "subtype": "", "comment": "", "correction": ""}, {"id": 49, "group": "error", "startSelection": 2359, "endSelection": 2369, "explanation": "Повторение одного и того же слова в разных формах.", "tag": "", "type": "Р.повтор", "subtype": "", "comment": "", "correction": ""}, {"id": 50, "group": "error", "startSelection": 2548, "endSelection": 2561, "explanation": "Превосходную степень «лучший» незачем дополнительно усиливать словом «самый».", "tag": "", "type": "Р.СТИЛ", "subtype": "стил", "comment": "", "correction": ""}, {"id": 52, "group": "meaning", "startSelection": 1098, "endSelection": 1278, "type": "ПРИМЕР", "subtype": "", "explanation": "", "correction": "", "tag": "", "comment": ""}, {"id": 53, "group": "meaning", "startSelection": 1279, "endSelection": 1364, "type": "ПОЯСНЕНИЕ", "subtype": "", "explanation": "", "correction": "", "tag": "", "comment": ""}, {"id": 54, "group": "meaning", "startSelection": 1365, "endSelection": 2602, "type": "ОТНОШЕНИЕ", "subtype": "", "explanation": "", "correction": "", "tag": "", "comment": ""}]}