{"meta": {"uuid": "0f371ebb-a633-4cf5-b0b1-99e4f939703a", "id": "0008968", "name": "0008968_ru_rus_problema_proyavleniya_chelovechnosti_ko_vsemu_jivomu_noexp.txt", "subject": "rus", "test": "егэ тренировка", "category": "", "year": 2018, "class": "11", "theme": "Проблема проявления человечности ко всему живому (По тексту Г.Н. Троепольского)", "taskText": "1)В осеннем лесу все было жёлтое и багряное, козалось, все горело и светило вместе с солнцем. 2)Деревья только-только начали сбрасывать одеяние, и листья падали, покачиваясь в воздухе, бесшумно и плавно. 3)Было прохладно и легко, а потому и весело. 4)Осенний запах леса - особенный, неповторимый, стойкий и чистый настолько, что за десятки метров Бим чуял хозяина.\n5) Теперь хозяин сел на пенёк, приказал Биму тоже сидеть, а сам снял кепку, положил ее рядом на землю и смотрел на листья. 6) И слушал тишину леса. 7) Ну конечно же он улыбался! 8) Он был сейчас таким, как всегда перед началом охоты.\n9) И вот хозяин встал, расчехлил ружье, вложил патроны. 10) Бим задрожал от волнения. 11) Иван Иваныч потрепал его ласково по загривку, отчего Бим еще больше разволновался.\n-(12)Ну, мальчик, ищи!\n13)Бим пошёл! 14) Малым челноком пошёл, лавируя между деревьями, приземисто, пружинисто и почти бесшумно. (15) Иван Иваныч потихоньку двинулся за ним, лубуясь работой друга. 16)Теперь лес со всеми красотами остался на втором плане: главное - Бим, изящный, страстный, лёгкий на ходу. 17) Изредка подзывая его к себе, Иван Иваныч приказывал ему лежать, чтобы дать успокоиться, втянуться. (18) А вскоре Бим уже пошел ровно, со знанием дела. 19) Великое искусство - работа саттера! 20) Вот он идет лёгким галопом, подняв голову высоко, с достоинством, уверенностью и страстью.\n21) Лес молчал. 22) Лишь чуть-чуть играли золотые листья березы, купаясь в блёстках солнца. 23) Притихли молодые дубки рядом с величавым исполином дубом - отцом и прародителем. 24) Бесшумно трепетали оставшиеся на осине серебряно-серенькие листья. 25) А на палой жёлтой листве стояла собака - одно из лучших творений природы и терпеливого человека. 26) Ни единый сумкул не дрогнет! 27) Вот что такое классическая стойка в желтом лесу!\n-(28)Вперед, мальчик!\n29) Бим поднял вальдшнепа на крыло.\n30) Выстрел!\n31) Лес встрепенулся, ответив недовольным, обиженным эхом. 32) Казалось, береза, забравшаяся на границу дубняка и осинника, испугалась, вздрогнула. 33) Дубы охнули, как богатыри. 34) Осины, что рядом, торопливо посыпали листьями.\n35) Вальдшнеп упал комом. 36) Бим подал его по всем правилам. 37) Но хозяин, приласкав Бима и поблагодарив за красивую работу, подержал птицу на ладони, посмотрел на нее и сказал задумчиво:\n-Эх, не надо бы...\n38) Бим не понял, вглядывался в лицо Ивана Иваныча, а тот продолжал:\n-Для тебя только, Бим, для тебя, глупыш. 39) А так - не стоит.\n40) Вчера был счастливый день. 41) Все как надо: осень, солнце, желтый лес, изящная работа Бима. 42) А все-таки какой-то осадок на душе. 43) Отчего Бы? 44) Мне жаль стало убивать дичь. 45) Так хорошо вокруг, и вдруг мертвая птица. 46) Я не вегатарианец и не ханжа, описывающий страдания убитых животных и уписывающий с удовольствием их мясо, но до конца дней ставлю себе условие: одного-двух вальдшнепов за охоту, не больше. 47) Если ни одного - еще бы лучше, но тогда Бим загибнет как охотничья собака, а я вынужден буду купить птицу, которую для меня убьет кто-то другой. 48) Нет уж, увольте от такого...\n49) Откуда же все-таки осадок от вчерашнего? 50) И только ли от вчерашнего? 51) Не пропустил ли я какую-то мысль?.. 52) Итак, вчерашний день: стремление к счастью, желтый лес - и убитая птица. 53) Что это: уж не сделка ли со своей совестью?\n54) Стоп! 55) Вот какая мысль ускользнула вчера: не сделка, а укор совести и боль за всех, убивающих бесполезно, когда человек теряет человечность. 56) Из прошлого, из воспоминаний о прошлом идет и все более растет во мне жалость к птицам и животным.\n57) Ах, желтый лес, желтый лес! 58) Вот вам и кусочек счастья, вот вам и место для раздумий. 59) В осеннем солнечном лесу человек становится.\n"}, "text": "Сочинение написано по тексту«В осеннем лесу все было жёлтое и багряное…» (текст составлен по повести Гавриила Николаевича Троепольского «Белый Бим Черное ухо»). Как человек должен относиться к природе? Может ли человек убивать животных и птиц? Проблема проявления человечности ко всему живому является основной в тексте Г. Н. Троепольского. Раскрывая данную проблему, писатель рассказывает об Иване Ивановиче, который вместе со своей собакой охотился на дичь в осеннем лесу. Г. Н. Троепольский отмечает, что после охоты, точнее после убийства вальдшнепа, у героя остался какой-то осадок на душе. Автор передаёт тревожные мысли Ивана Ивановича, который пытается понять, что же омрачило его счастливый день на охоте. По словам писателя, причиной тягостного, гнетущего чувства стали укор совести и боль за всех, убивающих бесполезно. По мнению Г. Н. Троепольского, человек должен быть гуманным ко всему живому. Если же люди убивают бессмысленно, то они теряют человечность. Я согласна с мнением автора и считаю, что человек является частью природы, её творением, и поэтому должен быть гуманным ко всему живому: должен проявлять разумность в отношении к окружающему его миру, должен любить и ценить природу так же, как ценит и любит родных и близких людей. Действительно, проблема проявления человечности ко всему живому является актуальной, именно поэтому она поднимается во многих художественных произведениях М. Пришвина, Б. Васильева, В. П. Астафьева, В. А. Солоухина. Например, в романе Б. Васильева «Не стреляйте в белых лебедей» автор изображает героев, которые проявляют человечность ко всему живому, и персонажей, которые утратили это качество. Егор Полушкин не стал разрушать муравейник, когда копал траншею, а туристы подожгли муравейник только потому, что он оказался рядом с их палаткой. Колька, сын Егора, ради спасения щенка отдал компас и спиннинг, а Фёдор Ипатович пристреливал собак, если те не проявляли должной злости. К проявлению человечности ко всему живому призывает и В. П. Астафьев в сборнике рассказов «Царь-рыба». В этой книге автор изображает браконьеров и охотников, которые ловят рыбу и убивают зверей и птиц не для еды, а для наживы, при этом много дичи и рыбы погибает просто так, бесполезно: гибнет рыба на самоловах, портятся глухариные тушки на складах. Ужасает то, что многие персонажи даже не сожалеют о содеянном, они считают, что поступают правильно. Только немногие герои и сам автор с болью в душе переживают утрату человечности в людях. Несмотря на описанное Б. Васильевым и В. П. Астафьевым, хочется надеяться на то, что людей, гуманно относящихся ко всему живому, все же больше на нашей планете. В заключение хочу процитировать слова В. П. Астафьева, сказанные одним из героев книги «Царь-рыба»: «Земля наша едина и неделима, и человек в любом месте, даже в самой темной тайге, должен быть человеком!»", "fileName": "0008968.json", "selections": [{"id": 0, "group": "error", "startSelection": 22, "endSelection": 28, "explanation": "Повторение одного и того же слова в разных формах.", "tag": "", "type": "Р.повтор", "subtype": "", "comment": "", "correction": ""}, {"id": 1, "group": "error", "startSelection": 28, "endSelection": 30, "explanation": "Не хватает пробела.", "tag": "message.txt: 4:0", "type": "А.лекс", "subtype": "конт", "comment": "", "correction": "\" В"}, {"id": 2, "group": "error", "startSelection": 74, "endSelection": 79, "explanation": "Повторение одного и того же слова в разных формах.", "tag": "", "type": "Р.повтор", "subtype": "", "comment": "", "correction": ""}, {"id": 3, "group": "error", "startSelection": 165, "endSelection": 172, "explanation": "Повторение одного и того же слова.", "tag": "", "type": "Р.повтор", "subtype": "", "comment": "", "correction": ""}, {"id": 4, "group": "error", "startSelection": 211, "endSelection": 218, "explanation": "Повторение одного и того же слова.", "tag": "", "type": "Р.повтор", "subtype": "", "comment": "", "correction": ""}, {"id": 5, "group": "error", "startSelection": 253, "endSelection": 263, "explanation": "Повторение однокоренных слов.", "tag": "", "type": "Р.тавт", "subtype": "", "comment": "", "correction": ""}, {"id": 6, "group": "error", "startSelection": 293, "endSelection": 301, "explanation": "Повторение однокоренных слов.", "tag": "", "type": "Р.тавт", "subtype": "", "comment": "", "correction": ""}, {"id": 7, "group": "error", "startSelection": 442, "endSelection": 450, "explanation": "Повторение одинаковых и однокоренных слов.", "tag": "", "type": "Р.тавт", "subtype": "", "comment": "", "correction": ""}, {"id": 8, "group": "error", "startSelection": 508, "endSelection": 513, "explanation": "Повторение одного и того же слова.", "tag": "", "type": "Р.повтор", "subtype": "", "comment": "", "correction": ""}, {"id": 9, "group": "error", "startSelection": 514, "endSelection": 519, "explanation": "Повторение одинаковых и однокоренных слов.", "tag": "", "type": "Р.тавт", "subtype": "", "comment": "", "correction": ""}, {"id": 10, "group": "error", "startSelection": 528, "endSelection": 533, "explanation": "Повторение одного и того же слова.", "tag": "", "type": "Р.повтор", "subtype": "", "comment": "", "correction": ""}, {"id": 11, "group": "error", "startSelection": 708, "endSelection": 713, "explanation": "Повторение одинаковых и однокоренных слов.", "tag": "", "type": "Р.тавт", "subtype": "", "comment": "", "correction": ""}, {"id": 12, "group": "error", "startSelection": 970, "endSelection": 1252, "explanation": "Слишком длинное предложение с точки зрения выбранного стиля проверки. Измените настройку, выберите более свободный стиль или разбейте это предложение на несколько более коротких.", "tag": "message.txt: 0:0", "type": "А.лекс", "subtype": "конт", "comment": "", "correction": ""}, {"id": 13, "group": "error", "startSelection": 1021, "endSelection": 1029, "explanation": "Повторение однокоренных слов.", "tag": "", "type": "Р.тавт", "subtype": "", "comment": "", "correction": ""}, {"id": 14, "group": "error", "startSelection": 1070, "endSelection": 1076, "explanation": "Повторение одного и того же слова.", "tag": "", "type": "Р.повтор", "subtype": "", "comment": "", "correction": ""}, {"id": 15, "group": "error", "startSelection": 1108, "endSelection": 1114, "explanation": "Повторение одного и того же слова.", "tag": "", "type": "Р.повтор", "subtype": "", "comment": "", "correction": ""}, {"id": 16, "group": "error", "startSelection": 1115, "endSelection": 1124, "explanation": "Повторение однокоренных слов.", "tag": "", "type": "Р.тавт", "subtype": "", "comment": "", "correction": ""}, {"id": 17, "group": "error", "startSelection": 1172, "endSelection": 1178, "explanation": "Повторение одного и того же слова.", "tag": "", "type": "Р.повтор", "subtype": "", "comment": "", "correction": ""}, {"id": 18, "group": "error", "startSelection": 1188, "endSelection": 1194, "explanation": "Повторение одного и того же слова в разных формах.", "tag": "", "type": "Р.повтор", "subtype": "", "comment": "", "correction": ""}, {"id": 19, "group": "error", "startSelection": 1215, "endSelection": 1220, "explanation": "Повторение одного и того же слова в разных формах.", "tag": "", "type": "Р.повтор", "subtype": "", "comment": "", "correction": ""}, {"id": 20, "group": "error", "startSelection": 1277, "endSelection": 1287, "explanation": "Повторение однокоренных слов.", "tag": "", "type": "Р.тавт", "subtype": "", "comment": "", "correction": ""}, {"id": 21, "group": "error", "startSelection": 1317, "endSelection": 1325, "explanation": "Повторение однокоренных слов.", "tag": "", "type": "Р.тавт", "subtype": "", "comment": "", "correction": ""}, {"id": 22, "group": "error", "startSelection": 1682, "endSelection": 1692, "explanation": "Повторение одного и того же слова.", "tag": "", "type": "Р.повтор", "subtype": "", "comment": "", "correction": ""}, {"id": 23, "group": "error", "startSelection": 1734, "endSelection": 1744, "explanation": "Повторение одного и того же слова.", "tag": "", "type": "Р.повтор", "subtype": "", "comment": "", "correction": ""}, {"id": 24, "group": "error", "startSelection": 1909, "endSelection": 1918, "explanation": "Повторение однокоренных слов.", "tag": "", "type": "Р.тавт", "subtype": "", "comment": "", "correction": ""}, {"id": 25, "group": "error", "startSelection": 1937, "endSelection": 1947, "explanation": "Повторение однокоренных слов.", "tag": "", "type": "Р.тавт", "subtype": "", "comment": "", "correction": ""}, {"id": 26, "group": "error", "startSelection": 2338, "endSelection": 2347, "explanation": "Нет существительных, согласующихся с причастием {\"содеянном\"}.", "tag": "message.txt: 2:3", "type": "А.лекс", "subtype": "конт", "comment": "", "correction": ""}, {"id": 27, "group": "error", "startSelection": 2469, "endSelection": 2474, "explanation": "Повторение одного и того же слова в разных формах.", "tag": "", "type": "Р.повтор", "subtype": "", "comment": "", "correction": ""}, {"id": 28, "group": "error", "startSelection": 2532, "endSelection": 2539, "explanation": "Повторение однокоренных слов.", "tag": "", "type": "Р.тавт", "subtype": "", "comment": "", "correction": ""}, {"id": 29, "group": "error", "startSelection": 2561, "endSelection": 2566, "explanation": "Повторение одного и того же слова в разных формах.", "tag": "", "type": "Р.повтор", "subtype": "", "comment": "", "correction": ""}, {"id": 30, "group": "error", "startSelection": 2622, "endSelection": 2627, "explanation": "Повторение одного и того же слова в разных формах.", "tag": "", "type": "Р.повтор", "subtype": "", "comment": "", "correction": ""}, {"id": 31, "group": "error", "startSelection": 2650, "endSelection": 2654, "explanation": "Повторение однокоренных слов.", "tag": "", "type": "Р.тавт", "subtype": "", "comment": "", "correction": ""}, {"id": 32, "group": "error", "startSelection": 2744, "endSelection": 2748, "explanation": "Повторение одного и того же слова в разных формах.", "tag": "", "type": "Р.повтор", "subtype": "", "comment": "", "correction": ""}, {"id": 34, "group": "meaning", "startSelection": 202, "endSelection": 243, "type": "ПОЯСНЕНИЕ", "subtype": "", "explanation": "", "correction": "", "tag": "", "comment": ""}, {"id": 35, "group": "meaning", "startSelection": 244, "endSelection": 340, "type": "ПРОБЛЕМА", "subtype": "", "explanation": "", "correction": "", "tag": "", "comment": ""}, {"id": 36, "group": "meaning", "startSelection": 341, "endSelection": 595, "type": "ПРИМЕР", "subtype": "", "explanation": "", "correction": "", "tag": "", "comment": ""}, {"id": 37, "group": "meaning", "startSelection": 831, "endSelection": 907, "type": "ПОЗИЦИЯ", "subtype": "", "explanation": "", "correction": "", "tag": "", "comment": ""}, {"id": 38, "group": "meaning", "startSelection": 971, "endSelection": 2636, "type": "ОТНОШЕНИЕ", "subtype": "", "explanation": "", "correction": "", "tag": "", "comment": ""}]}