{"meta": {"uuid": "a78335a4-ed02-433b-b5a1-864b1e0e3c09", "id": "0008160", "name": "0008160_ru_rus_problema_professionalizma_v_svoem_dele_noexp.txt", "subject": "rus", "test": "егэ тренировка", "category": "", "year": 2020, "class": "11", "theme": "Проблема профессионализма в своём деле (по тексту А.П. Чехова)", "taskText": "(1)Чувствуешь что-то особенное, когда за дверью морем гудит аудитория. (2)За 30 лет я не привык к этому чувству и испытываю его каждое утро. (3)Я нервно застёгиваю сюртук, задаю Николаю лишние вопросы, сержусь... (4)Похоже на то, как будто я трушу, но это не трусость, а что-то другое, чего я не в состоянии ни назвать, ни описать.\n(5)При моем появлении студенты встают, потом садятся, и шум моря внезапно стихает.(6)Наступает штиль. (7)Я знаю, о чём буду читать, но не знаю, как буду читать, с чего начну и чем закончу. (8)В голове нет ни одной готовой фразы. (9)Но стоит мне только оглядеть аудиторию и произнести стереотипное «в прошлой лекции мы остановились на...»,как фразы длинной вереницей вылетают из моей души и — пошла писать губерния! (10)Говорю я неудержимо быстро, страстно и, кажется, нет той силы, которая могла бы прервать течение моей речи. (11)Чтобы читать хорошо, то есть нескучно и с пользой для слушателей, нужно, кроме таланта, иметь ещё сноровку и опыт, нужно обладать самым ясным представлением о своих силах, о тех, кому читаешь, и о том, что составляет предмет твоей речи. (12)Кроме того, надо быть человеком себе на уме, следить зорко и ни на одну секунду не терять никого из поля зрения.\n(13)Хороший дирижёр, передавая мысль композитора, делает сразу двадцать дел: читает партитуру, машет палочкой, следит за певцом, делает движение в сторону то барабана, то валторны. (14)То же самое и я, когда читаю. (15)Предо мною полтораста лиц, непохожих одно на другое, и триста глаз, глядящих мне прямо в лицо. (16)Цель моя — победить эту многоголовую гидру. (17)Если я каждую минуту, пока читаю, имею ясное представление о степени её внимания и о силе разумения, то она в моей власти. (18)Другой мой противник сидит во мне самом. (19)Это — бесконечное разнообразие форм, явлений и законов и множество ими обусловленных своих и чужих мыслей. (20)Каждую минуту я должен иметь ловкость выхватывать из этого громадного материала самое важное и нужное и так же быстро, как течёт моя речь, облекать свою мысль в такую форму, которая была бы доступна разумению гидры и возбуждала бы её внимание, причём надо зорко следить, чтобы мысли передавались не по мере их накопления, а в известном порядке, необходимом для правильной компоновки картины, какую я хочу нарисовать. (21)Далее я стараюсь, чтобы речь моя была литературна, определения кратки и точны, фраза возможно проста и красива. (22)Каждую минуту я должен осаживать себя и помнить, что в моём распоряжении имеются только час и сорок минут. (23)Одним словом, работы немало. (24)В одно и то же время приходится изображать из себя и учёного, и педагога, и оратора, и плохо дело, если оратор победит в вас педагога и учёного, или наоборот. (25)Читаешь четверть, полчаса и вот замечаешь, что студенты начинают поглядывать на потолок, один полезет за платком, другой сядет поудобнее, третий улыбнётся своим мыслям... (26)Это значит, что внимание утомлено. (27)Нужно принять меры. (28)Пользуясь первым удобным случаем, я говорю какой-нибудь каламбур. (29)Все полтораста лиц широко улыбаются, глаза весело блестят, слышится ненадолго гул моря... (30)Я тоже смеюсь. (31)Внимание освежилось,и я могу продолжать.\n(32)Никакой спорт, никакие развлечения и игры никогда не доставляли мне такого наслаждения, как чтение лекций. (33)Только на лекции я мог весь отдаваться страсти и понимал, что вдохновение не выдумка поэтов, а существует на самом деле. (34)Это было прежде. (35)Теперь же на лекциях я испытываю одно только мучение. (36)Не проходит и получаса, как я начинаю чувствовать непобедимую слабость в ногах и в плечах; сажусь в кресло, но сидя читать я не привык; через минуту поднимаюсь, продолжаю стоя, потом опять сажусь. (37)Во рту сохнет, голос сипнет, голова кружится... (38)Чтобы скрыть от слушателей своё состояние, я то и дело пью воду, кашляю, часто сморкаюсь, точно мне мешает насморк, говорю невпопад каламбуры и в конце концов объявляю перерыв раньше, чем следует. (39)Но главным образом мне стыдно.(40)Мои совесть и ум говорят мне, что самое лучшее, что я мог бы теперь сделать, — это прочесть мальчикам прощальную лекцию, сказать им последнее слово, благословить их и уступить своё место человеку, который моложе и сильнее меня.\n(41)Но у меня не хватает мужества поступить по совести. (42)К несчастию, я не философ и не богослов. (43)Как 20-30 лет назад, так и теперь, меня интересует одна только наука. (44)Испуская последний вздох, я всё-таки буду верить, что наука — самое важное, самое прекрасное и нужное в жизни человека, что она всегда была и будет высшим проявлением любви и что только ею одною человек победит природу и себя. (45)Вера эта, быть может, наивна и несправедлива в своём основании, но я не виноват, что верю так, а не иначе;\nпобедить же в себе этой веры я не могу.\n"}, "text": "Антон Павлович Чехов — известный русский писатель, затрагивавший в своих произведениях важные вопросы, волнующие общество. В данном тексте автор рассматривает проблему настоящего профессионализма в своём деле. Какой же должен быть человек, чтобы его можно было назвать профессионалом?\nАнтон Павлович Чехов повествует нам о рассказчике, который является преподавателем. Из предложений 11 и 12 мы видим сколько много нужно знать и уметь для того, чтобы стать действительно профессиональным лектором, которого будет нескучно слушать студентам. Помимо этого писатель приводит ещё одну профессионализма - это получение удовольствия от своего дела: «Никакой спорт, никакие развлечения и игры никогда не доставляли мне такого наслаждения, как чтение лекций». Автор хочет донести до читателей, что, для того чтобы стать мастером, мало иметь опыт, сноровку, те или иные умения в каком-либо занятие. В первую очередь, нужно любить своей дело. Только так можно стать профессионалом.\nВажной чертой профессионализма, на которую обращает внимание Антон Павлович Чехов, является умение анализировать себя, находить ошибки, допускаемые в деле. Рассказчик обладает такой способностью, на что нам указывает предложение 40. Он понимает, что уже не может вести лекции, как раньше, не получает от этого дела прежнего удовольствия. Это подтверждает, что главный герой является настоящим мастером своего дела, умеющим проанализировать свои ошибки и даже задуматься о том, чтобы уступить месту более способному человеку.\nЭти два аргумента позволяют нам осознать, что настоящий профессионализм проявляется не только в опыте, сноровке, но и в любви к своему делу, умение анализировать свою деятельность.\nАнтон Павлович Чехов считает, что стать настоящим профессионалом в той или иной области очень трудно, так как нужно полостью отдаться своему занятию, погрузиться в него с головой. Только так можно достичь мастерства в своём деле.\nЯ полностью разделяю позицию автора и уверен, что профессионал в своём деле должен обладать многими необходимыми качествами. Однако самыми главными являются способность анализировать свою деятельность и любовь к занятию, в котором человек стремиться достичь мастерства. Безусловно, нужны опыт и сноровка, но они всегда приходят со временем.\nВ истории существует множество примеров настоящего профессионализма в том или ином деле. Самым ярким является Фёдор Никифорович Плевако. Из воспоминаний современников, он был талантливейшим юристом и хорошим оратором, что и позволило ему сделать блестящую карьеру адвоката. Помимо этого Фёдор Плевако очень любил свою профессию, которой отдал всю жизнь. Его биография подтверждает, что достичь мастерства в той или иной деятельности можно только трудом, талантом и пристрастием к этому делу.\nЕщё одним примером, подтверждающим мою точку зрения, является биография Николая Ивановича Пирогова. Он поистине любил медицину, что помогло ему достичь профессионализма в ней. Николай Иванович является первым хирургом, который провёл операцию под наркозом. В дополнение к этому, Пирогов постоянно присутствовал в качестве медика на войнах, которые вела Россия. За новые методы лечения на фронте, которыми он пользовался, его считают основателем военно-полевой хирургии. Этот пример демонстрирует нам настоящего профессионала в своей области.\nДанный текст Антона Павловича Чехова заставил меня ещё раз задуматься над проблемой профессионализма в своем деле. Мастерство определяет не только опыт и сноровка, но и любовь к занятию. Настоящему профессионалу его работа приносит удовольствие, что и помогает ему достигать в ней успеха.", "fileName": "0008160.json", "selections": [{"id": 0, "group": "error", "startSelection": 65, "endSelection": 86, "explanation": "Слово «свой» в контекстах вроде «писатель в своём тексте рассказывает...» избыточно.", "tag": "", "type": "Р.ЛИШН", "subtype": "лишн", "comment": "", "correction": ""}, {"id": 1, "group": "error", "startSelection": 67, "endSelection": 72, "explanation": "Повторение одного и того же слова в разных формах.", "tag": "", "type": "Р.повтор", "subtype": "", "comment": "", "correction": ""}, {"id": 2, "group": "error", "startSelection": 179, "endSelection": 195, "explanation": "Повторение однокоренных слов.", "tag": "", "type": "Р.тавт", "subtype": "", "comment": "", "correction": ""}, {"id": 3, "group": "error", "startSelection": 198, "endSelection": 203, "explanation": "Повторение одного и того же слова в разных формах.", "tag": "", "type": "Р.повтор", "subtype": "", "comment": "", "correction": ""}, {"id": 4, "group": "error", "startSelection": 269, "endSelection": 283, "explanation": "Повторение однокоренных слов.", "tag": "", "type": "Р.тавт", "subtype": "", "comment": "", "correction": ""}, {"id": 5, "group": "error", "startSelection": 306, "endSelection": 320, "explanation": "Указание на адресата «повествования» обычно излишне.", "tag": "", "type": "Р.СОЧЕТ", "subtype": null, "comment": "", "correction": ""}, {"id": 6, "group": "error", "startSelection": 401, "endSelection": 414, "explanation": "Избыточное выражение. \"Сколько\" и значит \"как много\".", "tag": "Lexerr.doc -912409634", "type": "А.лекс", "subtype": "конт", "comment": "", "correction": ""}, {"id": 7, "group": "error", "startSelection": 471, "endSelection": 487, "explanation": "Повторение однокоренных слов.", "tag": "", "type": "Р.тавт", "subtype": "", "comment": "", "correction": ""}, {"id": 8, "group": "error", "startSelection": 548, "endSelection": 553, "explanation": "Повторение одного и того же слова в разных формах.", "tag": "", "type": "Р.повтор", "subtype": "", "comment": "", "correction": ""}, {"id": 9, "group": "error", "startSelection": 600, "endSelection": 603, "explanation": "Повторение одного и того же слова в разных формах.", "tag": "", "type": "Р.повтор", "subtype": "", "comment": "", "correction": ""}, {"id": 10, "group": "error", "startSelection": 736, "endSelection": 742, "explanation": "Повторение однокоренных слов.", "tag": "", "type": "Р.тавт", "subtype": "", "comment": "", "correction": ""}, {"id": 11, "group": "error", "startSelection": 764, "endSelection": 789, "explanation": "Можно «донести мысль, что...», но не «донести, что...».", "tag": "", "type": "Г.СЛОЖН", "subtype": null, "comment": "", "correction": ""}, {"id": 12, "group": "error", "startSelection": 870, "endSelection": 880, "explanation": "Нет существительных, согласующихся с прилагательным {\"каком-либо\"}.", "tag": "message.txt: 2:3", "type": "А.лекс", "subtype": "конт", "comment": "", "correction": ""}, {"id": 13, "group": "error", "startSelection": 881, "endSelection": 888, "explanation": "", "tag": "REPLACE_n-e-n_n-i-n", "type": "А.лекс", "subtype": "конт", "comment": "", "correction": "занятии"}, {"id": 14, "group": "error", "startSelection": 775, "endSelection": 784, "explanation": "Повторение однокоренных слов.", "tag": "", "type": "Р.тавт", "subtype": "", "comment": "", "correction": ""}, {"id": 15, "group": "error", "startSelection": 956, "endSelection": 970, "explanation": "Повторение однокоренных слов.", "tag": "", "type": "Р.тавт", "subtype": "", "comment": "", "correction": ""}, {"id": 16, "group": "error", "startSelection": 986, "endSelection": 1002, "explanation": "Повторение однокоренных слов.", "tag": "", "type": "Р.тавт", "subtype": "", "comment": "", "correction": ""}, {"id": 17, "group": "error", "startSelection": 1276, "endSelection": 1281, "explanation": "Повторение одного и того же слова в разных формах.", "tag": "", "type": "Р.повтор", "subtype": "", "comment": "", "correction": ""}, {"id": 18, "group": "error", "startSelection": 1310, "endSelection": 1313, "explanation": "Повторение одного и того же слова в разных формах.", "tag": "", "type": "Р.повтор", "subtype": "", "comment": "", "correction": ""}, {"id": 19, "group": "error", "startSelection": 1374, "endSelection": 1380, "explanation": "Повторение одного и того же слова в разных формах.", "tag": "", "type": "Р.повтор", "subtype": "", "comment": "", "correction": ""}, {"id": 20, "group": "error", "startSelection": 1412, "endSelection": 1416, "explanation": "Повторение одного и того же слова в разных формах.", "tag": "", "type": "Р.повтор", "subtype": "", "comment": "", "correction": ""}, {"id": 21, "group": "error", "startSelection": 1638, "endSelection": 1644, "explanation": "", "tag": "REPLACE_n-e-n_n-i-n", "type": "А.лекс", "subtype": "конт", "comment": "", "correction": "умении"}, {"id": 22, "group": "error", "startSelection": 1625, "endSelection": 1631, "explanation": "Повторение одного и того же слова в разных формах.", "tag": "", "type": "Р.повтор", "subtype": "", "comment": "", "correction": ""}, {"id": 23, "group": "error", "startSelection": 1659, "endSelection": 1663, "explanation": "Повторение одного и того же слова в разных формах.", "tag": "", "type": "Р.повтор", "subtype": "", "comment": "", "correction": ""}, {"id": 24, "group": "error", "startSelection": 1780, "endSelection": 1783, "explanation": "Повторение одного и того же слова.", "tag": "", "type": "Р.повтор", "subtype": "", "comment": "", "correction": ""}, {"id": 25, "group": "error", "startSelection": 1812, "endSelection": 1818, "explanation": "Повторение одного и того же слова в разных формах.", "tag": "", "type": "Р.повтор", "subtype": "", "comment": "", "correction": ""}, {"id": 26, "group": "error", "startSelection": 1865, "endSelection": 1868, "explanation": "Повторение одного и того же слова.", "tag": "", "type": "Р.повтор", "subtype": "", "comment": "", "correction": ""}, {"id": 27, "group": "error", "startSelection": 1896, "endSelection": 1901, "explanation": "Повторение одного и того же слова в разных формах.", "tag": "", "type": "Р.повтор", "subtype": "", "comment": "", "correction": ""}, {"id": 28, "group": "error", "startSelection": 1973, "endSelection": 1978, "explanation": "Повторение одного и того же слова в разных формах.", "tag": "", "type": "Р.повтор", "subtype": "", "comment": "", "correction": ""}, {"id": 29, "group": "error", "startSelection": 2040, "endSelection": 2055, "explanation": "Превосходную степень «главнейший» незачем дополнительно усиливать словом «самый».", "tag": "", "type": "Г.ЛИШН", "subtype": "лишн", "comment": "", "correction": ""}, {"id": 30, "group": "error", "startSelection": 2056, "endSelection": 2076, "explanation": "Не согласованы сказуемое  {\"являются\"} с подлежащим  {\"способность\"}.", "tag": "Podlezh_i_skaz_a.doc 912157750", "type": "А.лекс", "subtype": "конт", "comment": "", "correction": ""}, {"id": 31, "group": "error", "startSelection": 2056, "endSelection": 2064, "explanation": "Не согласованы сказуемое  {\"являются\"} с подлежащим  {\"способность\"}.", "tag": "Podlezh_i_skaz_a.doc 912157750", "type": "А.лекс", "subtype": "конт", "comment": "", "correction": ""}, {"id": 32, "group": "error", "startSelection": 2065, "endSelection": 2076, "explanation": "Не согласованы сказуемое  {\"являются\"} с подлежащим  {\"способность\"}.", "tag": "Podlezh_i_skaz_a.doc 912157750", "type": "А.лекс", "subtype": "конт", "comment": "", "correction": ""}, {"id": 33, "group": "error", "startSelection": 2147, "endSelection": 2157, "explanation": "", "tag": "REPLACE_ться_тся", "type": "А.лекс", "subtype": "конт", "comment": "", "correction": "стремится"}, {"id": 34, "group": "error", "startSelection": 2968, "endSelection": 2974, "explanation": "Повторение однокоренных слов.", "tag": "", "type": "Р.тавт", "subtype": "", "comment": "", "correction": ""}, {"id": 35, "group": "error", "startSelection": 3073, "endSelection": 3079, "explanation": "Повторение однокоренных слов.", "tag": "", "type": "Р.тавт", "subtype": "", "comment": "", "correction": ""}, {"id": 36, "group": "error", "startSelection": 3089, "endSelection": 3093, "explanation": "Повторение однокоренных слов.", "tag": "", "type": "Р.тавт", "subtype": "", "comment": "", "correction": ""}, {"id": 37, "group": "error", "startSelection": 3186, "endSelection": 3200, "explanation": "Повторение однокоренных слов.", "tag": "", "type": "Р.тавт", "subtype": "", "comment": "", "correction": ""}, {"id": 38, "group": "error", "startSelection": 3252, "endSelection": 3265, "explanation": "Повторение однокоренных слов.", "tag": "", "type": "Р.тавт", "subtype": "", "comment": "", "correction": ""}, {"id": 39, "group": "error", "startSelection": 3268, "endSelection": 3273, "explanation": "Повторение одного и того же слова в разных формах.", "tag": "", "type": "Р.повтор", "subtype": "", "comment": "", "correction": ""}, {"id": 40, "group": "error", "startSelection": 3367, "endSelection": 3383, "explanation": "Повторение однокоренных слов.", "tag": "", "type": "Р.тавт", "subtype": "", "comment": "", "correction": ""}, {"id": 41, "group": "error", "startSelection": 3386, "endSelection": 3391, "explanation": "Повторение одного и того же слова в разных формах.", "tag": "", "type": "Р.повтор", "subtype": "", "comment": "", "correction": ""}, {"id": 42, "group": "error", "startSelection": 3481, "endSelection": 3494, "explanation": "Повторение однокоренных слов.", "tag": "", "type": "Р.тавт", "subtype": "", "comment": "", "correction": ""}, {"id": 44, "group": "meaning", "startSelection": 0, "endSelection": 209, "type": "ПРОБЛЕМА", "subtype": "", "explanation": "", "correction": "", "tag": "", "comment": ""}, {"id": 45, "group": "meaning", "startSelection": 285, "endSelection": 368, "type": "ПРИМЕР", "subtype": "", "explanation": "", "correction": "", "tag": "", "comment": ""}, {"id": 46, "group": "meaning", "startSelection": 369, "endSelection": 540, "type": "ПОЯСНЕНИЕ", "subtype": "", "explanation": "", "correction": "", "tag": "", "comment": ""}, {"id": 47, "group": "meaning", "startSelection": 541, "endSelection": 751, "type": "ПРИМЕР", "subtype": "", "explanation": "", "correction": "", "tag": "", "comment": ""}, {"id": 48, "group": "meaning", "startSelection": 752, "endSelection": 971, "type": "ПОЯСНЕНИЕ", "subtype": "", "explanation": "", "correction": "", "tag": "", "comment": ""}, {"id": 49, "group": "meaning", "startSelection": 1497, "endSelection": 1677, "type": "СВЯЗЬ", "subtype": "", "explanation": "", "correction": "", "tag": "", "comment": ""}, {"id": 50, "group": "meaning", "startSelection": 1678, "endSelection": 1907, "type": "ПОЗИЦИЯ", "subtype": "", "explanation": "", "correction": "", "tag": "", "comment": ""}, {"id": 51, "group": "meaning", "startSelection": 1908, "endSelection": 3571, "type": "ОТНОШЕНИЕ", "subtype": "", "explanation": "", "correction": "", "tag": "", "comment": ""}]}