{"meta": {"uuid": "406e4056-0a96-4478-afe3-3b740c31136c", "id": "0008782", "name": "0008782_ru_rus_v_chem_roditeli_vidyat_luchshuyu_dolyu_dlya_detey_noexp.txt", "subject": "rus", "test": "егэ тренировка", "category": "", "year": 2021, "class": "11", "theme": "В чём родители видят лучшую долю для детей? (По тексту Л.Ф. Воронковой)", "taskText": "(1) Второй час ожидания подходил к концу, когда Женя наконец вошла в кабинет отца, где Савелий Петрович, озабоченный и нахмуренный, читал какое-то заявление.\n— (2) Что надо? — резко спросил он, не поднимая глаз.\n(3) Женя, удивлённая его тоном, не сразу ответила.\n— (4) Это я, папа! — с достоинством сказала Женя. — (5) Я должна поговорить с тобой.\n(6) Вчера, на празднике, ты говорил, что молодёжь не должна уезжать из совхоза, что мы главная сила, без которой трудно будет строить новое, развивать то, что уже сделано.\n(7) Я тоже, как все наши ребята, решила остаться, а в вуз поступать можно и на заочный.\n(8) Вот пришла посоветоваться: если я останусь в совхозе, то как, по-твоему, за какую работу мне взяться? (9) Может, вместе с Руфой на утиную ферму?\n(10) Савелий Петрович выпил воды.\n— (11) Хорошо, поговорим спокойно. (12) Ты запомнила мою речь — и напрасно: я не для тебя произносил мою речь, не для тебя! (13) А для них, пойми ты это, ты же взрослая и должна понимать. (14) Мне — директору, хозяину — нужно, чтобы молодёжь осталась в совхозе, ведь это — сила нашего хозяйства, его молодая кровь, молодая мысль, это — его будущее. (15) Я обязан думать о будущем моего хозяйства, если даже меня самого здесь не будет.\n— (16) Так почему же я...\n— (17) Потому. (18) Садись и слушай. (19) И не вскакивай, когда с тобой разговаривают.\n(20) Женя послушно села, не сводя с отца широко открытых, почти испуганных глаз.\n— (21) Слушай, Женя, — мягко и задушевно сказал Савелий Петровичей голос его стал бархатным, — поверь мне, я знаю, что такое труд в сельском хозяйстве, почём фунт лиха. (22) Я знаю, что такое -холод, промокшие ноги, непогода — когда надо убирать хлеб, засуха — когда нужен дождь. (23) Знаю, что такое нехватка рабочей силы, когда на огороды наступают полчища сорняков или вредителей, когда хлеб и лён остаются неубранными в поле. (24) Сельское хозяйство подвержено всяким капризам и неожиданностям природы, стихиям, с которыми мы пока ещё не умеем справляться.\n(25) Вот засеял ты поле, выходил колос тяжёлый, чуть не до земли клонится...\n(26) Думаешь — урожай будь здоров! (27) И вдруг туча, град — и за десять минут всё, что взлелеял, пропало: одна изломанная, вбитая в грязь солома...\n— (28) Так если все решили остаться...\n— (29) По-до-жди! — Савелий Петрович хлопнул по столу рукой. — (30) Возьмём другие отрасли. (31) Ферма, утки, романтика! (32) На словах. (33) На бумаге. (34) А на деле — вечно в грязи, вечно с мокрыми, красными руками, вечно в сапогах с налипшей глиной. (35) И так всю жизнь! (36) Вот и вся романтика! (37) 3ачем тебе эти утки? (38) Ты поступишь в институт, получишь настоящее образование, будешь учительницей, а потом директором школы... (39) Подумай ещё!\n(40) Женя сидела бледная, с неподвижным, словно застывшим взглядом, а Савелий Петрович схватил портфель и стремительно вышел из кабинета. (41) Женя не успела шагнуть на крыльцо, как его машина фыркнула газом и рывком сорвалась с места.\n(42) Женя вышла на улицу, ошеломлённая тем, что услышала. (43) 3елёный мир совхозной улицы, цветущих палисадников, мохнатой ромашки у кромки жёлтой от зачерствевшей глины дороги принял её в свою тишину. (44) Но Женя шла и не видела ничего: ни алых костров мальвы, ни цветущих лип над крышами, ни подёрнутых синевой дальних лесистых косогоров... (45) Чувство неслыханного разочарования оглушило её, как удар. (46) И это разговаривал с ней отец, которого она так безгранично уважала. (47) Он разговаривал с ней сейчас, как самый последний мещанин! (48) Пускай всё делают они: Руфа, Ваня, Юрка, Вера Грамова — все, кто угодно, но не она, потому что она директорская дочка Женя Каштанова!\n(49) Женя не заметила, как взбежала на бугор, как спустилась к озеру. (50) И здесь, у тихой, стеклянно-голубой воды, легла в высокую траву. (51) За все её восемнадцать лет была ли когда-нибудь минута, чтобы она в чём-нибудь не поверила отцу?\n(52) И здесь, у тихой воды, она вдруг поняла, что отец сказал ей правду, что он, как отец, действительно хочет для неё лучшей доли, чем совхозная жизнь утятницы! (53) Но он дал право выбора именно ей, не запретил, не настоял на своей воле, а сказал думать ещё! (54) И это осознание принесло ей облегчение, а решение остаться всё крепло в её сознании...\n"}, "text": "В чём родители видят лучшую долю для детей? Над этим вопросом размышляет Любовь Воронкова — советская писательница.\nСтоит сказать, что эта проблема актуальна в современном мире. Родители переживают за счастье своих детей, поэтому стремятся предложить им лучшие условия учёбы и работы. Подчас они не обращают внимания на то, что хотят сами молодые люди. Рассматривая данную проблему, Л. Воронкова повествует о восемнадцатилетней Жене. Девочка после пламенной речи отца — директора совхоза — решила остаться в деревне, не ехать на учёбу в институт. Но Савелий Петрович знал «почём фунт лиха». Он понимал, что работа в совхозе — это «холод, промокшие ноги, непогода — когда надо убирать хлеб, засуха — когда нужен дождь». Савелий Петрович на своём примере знал, каково это, когда «выходил колос» тяжелый», а град за десять минут сломал его. Отец не хотел такой тяжёлой судьбы для дочери. Эти слова автора убеждают нас в том, что родители стремятся уберечь детей от тяжёлой и изнурительной работы.\nЛ. Воронкова продолжает повествование. Она обращает внимание на размышления Савелия Петровича. Он утверждал, что «ферма, утки» лишь на словах «романтика». На деле Женя всю жизнь будет «вечно в грязи, вечно с мокрыми, красными руками, вечно в сапогах с налипшей глиной». Отец убеждал её, что нужно поступить в университет и получить настоящее образование. Ведь после института Жена может стать учительницей, а потом директором школы. Автор убеждает нас в том, что родители хотят, чтобы дети получили хорошее образование и жили в лучших условиях, чем они.\nОба примера, дополняя друг друга, приводят нас к важной мысли. Родители стремятся предоставить детям все возможные условия для обучения и развития. Подчас из-за того, что мама и папа хотят только лучшей доли для подростков, они забывают об их интересах.\nПонятно отношение Л. Воронковой к проблеме. Родители хотят, чтобы дети получили хорошее образование и успешно устроились в жизни, стали красивыми и уважаемыми людьми. Именно в этом они видят лучшую долю для них.\nНельзя не согласиться с автором. Родители хотят видеть детей счастливыми и успешными. По их мнению трудно быть таким человеком без образования и хорошей работы. Поэтому они часто говорят детям о том, что главное в жизни — отучиться в университете и получить «непыльную» работу.\nКак тут не вспомнить произведение Агаты Кристи «Убийство Роджера Экройда». Одна из его героинь — миссис Экройд. Эта женщина жила в постоянных долгах из-за, у неё было немного денег. Поэтому она хотела для своей дочери только самого лучшего. Миссис Экройд приучала молодую Флоре к тому, что главное в жизни — финансовое благополучие. Женщина говорила дочери о том, что нужно удачно выйти замуж, чтобы иметь много денег. Поэтому она устроила помолвку Флоры и Ральфа Пейтена — юноши с большим наследством. Агата Кристи, как и Любовь Воронкова, считает, что родители хотят, чтобы дети заняли престижное положение в обществе. Именно в этом они видят лучшую долю для молодых людей.\nИтак, предложенный текст заставил меня ещё раз задуматься над важным вопросом: в чём родители видят лучшую долю для детей. Мама и папа хотят, чтобы молодые люди были богаты, уважаемы в обществе, красивы и счастливы. Иногда они настаивают на этом, не интересуясь взглядом детей на эту «идеальную картинку».", "fileName": "0008782.json", "selections": [{"id": 0, "group": "error", "startSelection": 328, "endSelection": 333, "explanation": "", "tag": "REPLACE_ходить_хотеть", "type": "А.лекс", "subtype": "конт", "comment": "", "correction": "ходят"}, {"id": 1, "group": "error", "startSelection": 573, "endSelection": 578, "explanation": "Разговорное выражение, придающее тексту непринуждённый характер.", "tag": "RAZG.doc 1457473210", "type": "А.лекс", "subtype": "конт", "comment": "", "correction": ""}, {"id": 2, "group": "error", "startSelection": 590, "endSelection": 717, "explanation": "Предложение сложно для восприятия, так как перегружено знаками препинания. Попробуйте разбить его на несколько более коротких.", "tag": "message.txt: 3:1", "type": "А.лекс", "subtype": "конт", "comment": "", "correction": ""}, {"id": 3, "group": "error", "startSelection": 626, "endSelection": 629, "explanation": "Повторение одного и того же слова.", "tag": "", "type": "Р.повтор", "subtype": "", "comment": "", "correction": ""}, {"id": 4, "group": "error", "startSelection": 766, "endSelection": 769, "explanation": "Повторение одного и того же слова.", "tag": "", "type": "Р.повтор", "subtype": "", "comment": "", "correction": ""}, {"id": 5, "group": "error", "startSelection": 793, "endSelection": 800, "explanation": "Повторение одного и того же слова в разных формах.", "tag": "", "type": "Р.повтор", "subtype": "", "comment": "", "correction": ""}, {"id": 6, "group": "error", "startSelection": 858, "endSelection": 865, "explanation": "Повторение одного и того же слова в разных формах.", "tag": "", "type": "Р.повтор", "subtype": "", "comment": "", "correction": ""}, {"id": 7, "group": "error", "startSelection": 962, "endSelection": 969, "explanation": "Повторение одного и того же слова в разных формах.", "tag": "", "type": "Р.повтор", "subtype": "", "comment": "", "correction": ""}, {"id": 8, "group": "error", "startSelection": 1493, "endSelection": 1500, "explanation": "Повторение однокоренных слов.", "tag": "", "type": "Р.тавт", "subtype": "", "comment": "", "correction": ""}, {"id": 9, "group": "error", "startSelection": 1522, "endSelection": 1528, "explanation": "Повторение однокоренных слов.", "tag": "", "type": "Р.тавт", "subtype": "", "comment": "", "correction": ""}, {"id": 10, "group": "error", "startSelection": 1548, "endSelection": 1580, "explanation": "Лучше обойтись без «оба» («примеры дополняют друг друга») или вообще использовать прилагательное «взаимодополняющие».", "tag": "", "type": "Р.ЛИШН", "subtype": null, "comment": "", "correction": ""}, {"id": 11, "group": "error", "startSelection": 1744, "endSelection": 1750, "explanation": "Повторение однокоренных слов.", "tag": "", "type": "Р.тавт", "subtype": "", "comment": "", "correction": ""}, {"id": 12, "group": "error", "startSelection": 1882, "endSelection": 1889, "explanation": "Повторение однокоренных слов.", "tag": "", "type": "Р.тавт", "subtype": "", "comment": "", "correction": ""}, {"id": 13, "group": "error", "startSelection": 1993, "endSelection": 1999, "explanation": "Повторение однокоренных слов.", "tag": "", "type": "Р.тавт", "subtype": "", "comment": "", "correction": ""}, {"id": 14, "group": "error", "startSelection": 2167, "endSelection": 2173, "explanation": "Повторение одного и того же слова в разных формах.", "tag": "", "type": "Р.повтор", "subtype": "", "comment": "", "correction": ""}, {"id": 15, "group": "error", "startSelection": 2284, "endSelection": 2290, "explanation": "Повторение одного и того же слова в разных формах.", "tag": "", "type": "Р.повтор", "subtype": "", "comment": "", "correction": ""}, {"id": 16, "group": "error", "startSelection": 2441, "endSelection": 2446, "explanation": "Предлог {\"из-за\"} не связан со словом {\"у\"}.", "tag": "message.txt: 2:3", "type": "А.лекс", "subtype": "конт", "comment": "", "correction": ""}, {"id": 17, "group": "error", "startSelection": 2448, "endSelection": 2449, "explanation": "Предлог {\"из-за\"} не связан со словом {\"у\"}.", "tag": "message.txt: 2:3", "type": "А.лекс", "subtype": "конт", "comment": "", "correction": ""}, {"id": 18, "group": "error", "startSelection": 2497, "endSelection": 2509, "explanation": "Слово «свой» применительно к словам, обозначающим отношение (друг, сестра, коллега) часто избыточно.", "tag": "", "type": "Р.ЛИШН", "subtype": "лишн", "comment": "", "correction": ""}, {"id": 19, "group": "error", "startSelection": 2517, "endSelection": 2531, "explanation": "Превосходную степень «лучший» незачем дополнительно усиливать словом «самый».", "tag": "", "type": "Р.СТИЛ", "subtype": "стил", "comment": "", "correction": ""}, {"id": 20, "group": "error", "startSelection": 2572, "endSelection": 2576, "explanation": "Повторение одного и того же слова в разных формах.", "tag": "", "type": "Р.повтор", "subtype": "", "comment": "", "correction": ""}, {"id": 21, "group": "error", "startSelection": 2651, "endSelection": 2654, "explanation": "Повторение одного и того же слова в разных формах.", "tag": "", "type": "Р.повтор", "subtype": "", "comment": "", "correction": ""}, {"id": 22, "group": "error", "startSelection": 2931, "endSelection": 2936, "explanation": "Повторение одного и того же слова.", "tag": "", "type": "Р.повтор", "subtype": "", "comment": "", "correction": ""}, {"id": 23, "group": "error", "startSelection": 2937, "endSelection": 2943, "explanation": "Повторение одного и того же слова.", "tag": "", "type": "Р.повтор", "subtype": "", "comment": "", "correction": ""}, {"id": 24, "group": "error", "startSelection": 2944, "endSelection": 2948, "explanation": "Повторение одного и того же слова.", "tag": "", "type": "Р.повтор", "subtype": "", "comment": "", "correction": ""}, {"id": 25, "group": "error", "startSelection": 2987, "endSelection": 2992, "explanation": "", "tag": "REPLACE_текст_тест", "type": "А.лекс", "subtype": "конт", "comment": "", "correction": "тест"}, {"id": 26, "group": "error", "startSelection": 3062, "endSelection": 3067, "explanation": "Повторение одного и того же слова.", "tag": "", "type": "Р.повтор", "subtype": "", "comment": "", "correction": ""}, {"id": 27, "group": "error", "startSelection": 3068, "endSelection": 3074, "explanation": "Повторение одного и того же слова.", "tag": "", "type": "Р.повтор", "subtype": "", "comment": "", "correction": ""}, {"id": 28, "group": "error", "startSelection": 3075, "endSelection": 3079, "explanation": "Повторение одного и того же слова.", "tag": "", "type": "Р.повтор", "subtype": "", "comment": "", "correction": ""}, {"id": 30, "group": "meaning", "startSelection": 116, "endSelection": 177, "type": "ПРОБЛЕМА", "subtype": "", "explanation": "", "correction": "", "tag": "", "comment": ""}, {"id": 31, "group": "meaning", "startSelection": 353, "endSelection": 433, "type": "ПРИМЕР", "subtype": "", "explanation": "", "correction": "", "tag": "", "comment": ""}, {"id": 32, "group": "meaning", "startSelection": 434, "endSelection": 590, "type": "ПОЯСНЕНИЕ", "subtype": "", "explanation": "", "correction": "", "tag": "", "comment": ""}, {"id": 33, "group": "meaning", "startSelection": 591, "endSelection": 884, "type": "ПРИМЕР", "subtype": "", "explanation": "", "correction": "", "tag": "", "comment": ""}, {"id": 34, "group": "meaning", "startSelection": 885, "endSelection": 993, "type": "ПОЯСНЕНИЕ", "subtype": "", "explanation": "", "correction": "", "tag": "", "comment": ""}, {"id": 35, "group": "meaning", "startSelection": 994, "endSelection": 1263, "type": "ПРИМЕР", "subtype": "", "explanation": "", "correction": "", "tag": "", "comment": ""}, {"id": 36, "group": "meaning", "startSelection": 1264, "endSelection": 1426, "type": "ПОЯСНЕНИЕ", "subtype": "", "explanation": "", "correction": "", "tag": "", "comment": ""}, {"id": 37, "group": "meaning", "startSelection": 1427, "endSelection": 1547, "type": "ПОЗИЦИЯ", "subtype": "", "explanation": "", "correction": "", "tag": "", "comment": ""}, {"id": 38, "group": "meaning", "startSelection": 1548, "endSelection": 1801, "type": "СВЯЗЬ", "subtype": "", "explanation": "", "correction": "", "tag": "", "comment": ""}, {"id": 39, "group": "meaning", "startSelection": 2014, "endSelection": 2967, "type": "ОТНОШЕНИЕ", "subtype": "", "explanation": "", "correction": "", "tag": "", "comment": ""}]}