{"meta": {"uuid": "75a9f8da-7cdc-4f3c-a100-cd7606a0eba1", "id": "0008698", "name": "0008698_ru_rus_problema_otsutstviya_roditelskoy_lyubvi_noexp.txt", "subject": "rus", "test": "егэ тренировка", "category": "", "year": 2020, "class": "11", "theme": "Проблема отсутствия родительской любви (По тексту Е.П. Новикова)", "taskText": "(1)Мне поручили написать статью об известном в нашем городе учителе трудового обучения Евгении Александровиче Субботине. (2)Это был не просто талантливый конструктор, великолепный мастер. (3)Это был солнечный человек с отзывчивым, горячим сердцем.\n(4)Я пришёл к нему прямо на работу и, попросив уделить мне несколько минут, стал задавать специально приготовленные вопросы.\n(5)— Знаешь что, Жень, мне приятно, что ты пишешь обо мне статью. (6)Там будет, наверное, много хороших слов. (7)Но я бы хотел, чтобы ты написал о другом. (8)Конечно, теперь я стал известным в городе, уважаемым человеком, но всё могло бы сложиться совсем иначе. (9)И наверное, совсем другой была бы моя жизнь, если бы не один случай.\n(10)У меня не было отца, не было матери. (11)Вернее, они как бы существовали, приходили ночевать и смотрели на нас, голодных и грязных, с недоумением: откуда эти дети, что они тут делают? (12)Я жил тем, что воровал или выпрашивал. (13)Подаянием кормил двух своих маленьких сестрёнок. (14)Моих родителей то и дело вызывали на какие-то комиссии, к нам постоянно приходили то участковый, то инспектор по делам несовершеннолетних. (15)Да только что они могли сделать... (16)Я рос волчонком. (17)Вокруг меня был мир, населённый людьми, они жили в тёплых домах, ели хлеб, покупали детям гостинцы, а я смотрел на них из глухого леса, где всегда было сыро и темно. (18)Вот тогда я и научился открывать любой замок, разобрался во всех видах сигнализации... (19)Но однажды я попался. (20)В квартиру внезапно вернулись хозяева, мне пришлось прыгать с третьего этажа, и я вывихнул ногу. (21)Суд. (22)Родителей нигде не могли найти, и на заседании сидела классная руководительница. (23)Ни лица, ни имени её я не помню. (24)Помню только, что она была совсем молоденькой девчонкой. (25)Прокурор задал ей какой-то вопрос, она встала и вдруг заплакала.\n(26)Она плакала и говорила: «Не надо сажать его в тюрьму! (27)Пожалуйста». (28)Прокурор ей строго говорит: «Не плачьте, вы на вопрос ответьте». (29)А она опять — плачет и только одно твердит: «Не сажайте его в тюрьму». (30)И в этот момент я испытал чувство, которое невозможно описать никакими словами. (31)Чужой человек плачет по тебе. (32)Это что значит? (33)Это значит, что я ей чем-то дорог, это значит, что я ей нужен. (34)Выходит, что я не посторонний, не чужой! (35)Выходит, что солнце светит и для меня, и трава на лугах — это тоже моё, и в жизни есть какое-то моё место. (36)Значит, если меня не будет, то кому-то от этого станет плохо, значит, кому-то надо, чтобы я был. (37)Я сейчас вот пытаюсь описать свои мысли, а тогда это была какая-то безудержная радость, заполнившая всю мою душу.\n(38)Мне дали четыре года колонии. (39)Я отсидел, вернулся и начал новую жизнь. (40)У меня было много хорошего, теперь я счастливый, состоявшийся человек. (41)Но до сих пор я не могу забыть тех слёз, которые отогрели моё закоченевшее сердце. (42)И никогда не забуду.\n"}, "text": "Родители — это самые близкие, родные и важные люди в жизни каждого человека. Именно они помогают нам преодолевать все трудности, знакомят с окружающим миром, учат добру и злу. Дети, которые растут в ласке и в родительской любви, не сталкиваются с жестокостью и насилием в раннем возрасте. Но бывают и семьи, в которых дети обделены вниманием и заботой со стороны родителей. В таком случае дети рано взрослеют, у них нет настоящего, беззаботного детства, ведь они вынуждены жить самостоятельно. Такие условия могут по-разному влиять на человека. Кто-то из-за жестокости и отсутствия любви становится преступником, а кто-то делает всё, чтобы его жизнь никогда не стала прежней.\nИменно проблему отсутствия родительской любви поднимает Е. П. Новиков в своём тексте. Автор рассказывает нам о том, как ему пришлось брать интервью у Е. А. Субботина — известного учителя трудового обучения. Но вместо того, чтобы отвечать на поставленные вопросы, мужчина решил рассказать всем историю своего детства. Фактически он не имел ни отца, ни матери, так как они не принимали участия в жизни своих детей. Евгению приходилось воровать и выпрашивать, чтобы прокормить себя и двух маленьких сестёр. На данном примере мы можем увидеть, что отсутствие родительского внимания отрицательно повлияло на мальчика и заставило его ступить на путь криминала и беззакония.\nНо один случай оказал сильнейшее влияние на Субботина. Однажды его поймали за кражей, начался суд. Родители его туда не явились, но пришла классная руководительница мальчика, совсем молодая девушка. Когда ей задали вопрос, она, неожиданно для Евгения, заплакала, умоляя не сажать мальчишку в тюрьму. Субботин испытал ранее не знакомое чувство, чувство нужности и важности. Он вдруг понял, что он не посторонний человек, не чужой, что в этом мире есть место и для него. На данном же примере мы можем увидеть, что сострадание, проявленное к мальчику его учительницей, та малейшая крупица любви, которую он почувствовал, помогла ему понять, что он кому-то нужен, и что он совсем не лишний человек на этой планете.\nПозиция автора заключается в том, что родительская любовь — это необходимая часть детства человека. Без неё дети становятся грубыми, идут на преступления и считают, что весь мир ополчился против них. Отсутствие внимания к детям со стороны родителей заставляет их чувствовать себя одинокими, брошенными и ненужными.\nЯ согласна с мнением автора. Я так же считаю, что любовь родителей к своим детям просто необходима, ведь люди ещё с раннего возраста должны чувствовать свою важность и значимость в этом мире.", "fileName": "0008698.json", "selections": [{"id": 0, "group": "error", "startSelection": 0, "endSelection": 8, "explanation": "Повторение однокоренных слов.", "tag": "", "type": "Р.тавт", "subtype": "", "comment": "", "correction": ""}, {"id": 1, "group": "error", "startSelection": 30, "endSelection": 36, "explanation": "Повторение однокоренных слов.", "tag": "", "type": "Р.тавт", "subtype": "", "comment": "", "correction": ""}, {"id": 2, "group": "error", "startSelection": 209, "endSelection": 221, "explanation": "Повторение однокоренных слов.", "tag": "", "type": "Р.тавт", "subtype": "", "comment": "", "correction": ""}, {"id": 3, "group": "error", "startSelection": 318, "endSelection": 322, "explanation": "Повторение одного и того же слова.", "tag": "", "type": "Р.повтор", "subtype": "", "comment": "", "correction": ""}, {"id": 4, "group": "error", "startSelection": 344, "endSelection": 351, "explanation": "Повторение однокоренных слов.", "tag": "", "type": "Р.тавт", "subtype": "", "comment": "", "correction": ""}, {"id": 5, "group": "error", "startSelection": 389, "endSelection": 393, "explanation": "Повторение одного и того же слова.", "tag": "", "type": "Р.повтор", "subtype": "", "comment": "", "correction": ""}, {"id": 6, "group": "error", "startSelection": 420, "endSelection": 430, "explanation": "Повторение однокоренных слов.", "tag": "", "type": "Р.тавт", "subtype": "", "comment": "", "correction": ""}, {"id": 7, "group": "error", "startSelection": 432, "endSelection": 444, "explanation": "Повторение однокоренных слов.", "tag": "", "type": "Р.тавт", "subtype": "", "comment": "", "correction": ""}, {"id": 8, "group": "error", "startSelection": 478, "endSelection": 492, "explanation": "Повторение однокоренных слов.", "tag": "", "type": "Р.тавт", "subtype": "", "comment": "", "correction": ""}, {"id": 9, "group": "error", "startSelection": 545, "endSelection": 551, "explanation": "Повторение одного и того же слова.", "tag": "", "type": "Р.повтор", "subtype": "", "comment": "", "correction": ""}, {"id": 10, "group": "error", "startSelection": 571, "endSelection": 581, "explanation": "Повторение одного и того же слова.", "tag": "", "type": "Р.повтор", "subtype": "", "comment": "", "correction": ""}, {"id": 11, "group": "error", "startSelection": 588, "endSelection": 598, "explanation": "Повторение однокоренных слов.", "tag": "", "type": "Р.тавт", "subtype": "", "comment": "", "correction": ""}, {"id": 12, "group": "error", "startSelection": 615, "endSelection": 621, "explanation": "Повторение одного и того же слова.", "tag": "", "type": "Р.повтор", "subtype": "", "comment": "", "correction": ""}, {"id": 13, "group": "error", "startSelection": 738, "endSelection": 745, "explanation": "Устаревшее слово. В современном тексте оно имеет архаический характер.", "tag": "Ustar.doc 1367283485", "type": "А.лекс", "subtype": "конт", "comment": "", "correction": ""}, {"id": 14, "group": "error", "startSelection": 746, "endSelection": 760, "explanation": "Слово «свой» в контекстах вроде «писатель в своём тексте рассказывает...» избыточно.", "tag": "", "type": "Р.ЛИШН", "subtype": "лишн", "comment": "", "correction": ""}, {"id": 15, "group": "error", "startSelection": 692, "endSelection": 702, "explanation": "Повторение одного и того же слова.", "tag": "", "type": "Р.повтор", "subtype": "", "comment": "", "correction": ""}, {"id": 16, "group": "error", "startSelection": 855, "endSelection": 862, "explanation": "Повторение однокоренных слов.", "tag": "", "type": "Р.тавт", "subtype": "", "comment": "", "correction": ""}, {"id": 17, "group": "error", "startSelection": 873, "endSelection": 881, "explanation": "Повторение однокоренных слов.", "tag": "", "type": "Р.тавт", "subtype": "", "comment": "", "correction": ""}, {"id": 18, "group": "error", "startSelection": 977, "endSelection": 983, "explanation": "Повторение одного и того же слова в разных формах.", "tag": "", "type": "Р.повтор", "subtype": "", "comment": "", "correction": ""}, {"id": 19, "group": "error", "startSelection": 1076, "endSelection": 1081, "explanation": "Повторение одного и того же слова в разных формах.", "tag": "", "type": "Р.повтор", "subtype": "", "comment": "", "correction": ""}, {"id": 20, "group": "error", "startSelection": 1300, "endSelection": 1303, "explanation": "Повторение одного и того же слова.", "tag": "", "type": "Р.повтор", "subtype": "", "comment": "", "correction": ""}, {"id": 21, "group": "error", "startSelection": 1407, "endSelection": 1410, "explanation": "Повторение одного и того же слова.", "tag": "", "type": "Р.повтор", "subtype": "", "comment": "", "correction": ""}, {"id": 22, "group": "error", "startSelection": 1526, "endSelection": 1541, "explanation": "В значение слова «девушка» уже входит идея молодости, так что слово «молодая» здесь избыточно (плеоназм).", "tag": "", "type": "Р.ЛИШН", "subtype": "плеон", "comment": "", "correction": ""}, {"id": 23, "group": "error", "startSelection": 1452, "endSelection": 1455, "explanation": "Повторение одного и того же слова.", "tag": "", "type": "Р.повтор", "subtype": "", "comment": "", "correction": ""}, {"id": 24, "group": "error", "startSelection": 1509, "endSelection": 1517, "explanation": "Повторение однокоренных слов.", "tag": "", "type": "Р.тавт", "subtype": "", "comment": "", "correction": ""}, {"id": 25, "group": "error", "startSelection": 1624, "endSelection": 1633, "explanation": "Повторение однокоренных слов.", "tag": "", "type": "Р.тавт", "subtype": "", "comment": "", "correction": ""}, {"id": 26, "group": "error", "startSelection": 1837, "endSelection": 1842, "explanation": "Повторение однокоренных слов.", "tag": "", "type": "Р.тавт", "subtype": "", "comment": "", "correction": ""}, {"id": 27, "group": "error", "startSelection": 1962, "endSelection": 1969, "explanation": "Повторение однокоренных слов.", "tag": "", "type": "Р.тавт", "subtype": "", "comment": "", "correction": ""}, {"id": 28, "group": "error", "startSelection": 2030, "endSelection": 2037, "explanation": "Повторение одного и того же слова в разных формах.", "tag": "", "type": "Р.повтор", "subtype": "", "comment": "", "correction": ""}, {"id": 29, "group": "error", "startSelection": 2119, "endSelection": 2130, "explanation": "Повторение однокоренных слов.", "tag": "", "type": "Р.тавт", "subtype": "", "comment": "", "correction": ""}, {"id": 30, "group": "error", "startSelection": 2145, "endSelection": 2153, "explanation": "Повторение одного и того же слова в разных формах.", "tag": "", "type": "Р.повтор", "subtype": "", "comment": "", "correction": ""}, {"id": 31, "group": "error", "startSelection": 2163, "endSelection": 2167, "explanation": "Повторение одного и того же слова в разных формах.", "tag": "", "type": "Р.повтор", "subtype": "", "comment": "", "correction": ""}, {"id": 32, "group": "error", "startSelection": 2188, "endSelection": 2192, "explanation": "Повторение однокоренных слов.", "tag": "", "type": "Р.тавт", "subtype": "", "comment": "", "correction": ""}, {"id": 33, "group": "error", "startSelection": 2277, "endSelection": 2282, "explanation": "Повторение одного и того же слова в разных формах.", "tag": "", "type": "Р.повтор", "subtype": "", "comment": "", "correction": ""}, {"id": 34, "group": "error", "startSelection": 2439, "endSelection": 2444, "explanation": "Повторение одного и того же слова в разных формах.", "tag": "", "type": "Р.повтор", "subtype": "", "comment": "", "correction": ""}, {"id": 35, "group": "error", "startSelection": 2522, "endSelection": 2526, "explanation": "Повторение одного и того же слова в разных формах.", "tag": "", "type": "Р.повтор", "subtype": "", "comment": "", "correction": ""}, {"id": 37, "group": "meaning", "startSelection": 0, "endSelection": 76, "type": "ПРОБЛЕМА", "subtype": "", "explanation": "", "correction": "", "tag": "", "comment": ""}, {"id": 38, "group": "meaning", "startSelection": 676, "endSelection": 882, "type": "ПРИМЕР", "subtype": "", "explanation": "", "correction": "", "tag": "", "comment": ""}, {"id": 39, "group": "meaning", "startSelection": 883, "endSelection": 1343, "type": "ПОЯСНЕНИЕ", "subtype": "", "explanation": "", "correction": "", "tag": "", "comment": ""}, {"id": 40, "group": "meaning", "startSelection": 2055, "endSelection": 2369, "type": "ПОЗИЦИЯ", "subtype": "", "explanation": "", "correction": "", "tag": "", "comment": ""}, {"id": 41, "group": "meaning", "startSelection": 2370, "endSelection": 2561, "type": "ОТНОШЕНИЕ", "subtype": "", "explanation": "", "correction": "", "tag": "", "comment": ""}]}