{"meta": {"uuid": "93cefe9a-0702-46cf-91ec-ae19f87a1582", "id": "0008126", "name": "0008126_ru_rus_v_chem_je_zaklyuchaetsya_smysl_jizni_noexp.txt", "subject": "rus", "test": "егэ тренировка", "category": "", "year": 2019, "class": "11", "theme": "В чем же заключается смысл жизни? (по О.М. Куваеву)", "taskText": "Традиционный вечер полевиков служил вехой, отделявшей один экспедиционный сезон от другого.\nЧинков знаком предложил налить в рюмки и встал.\n- Уважаемые коллеги! сказал он высоким голосом. Прежде всего позвольте поблагодарить за честь. Я впервые присутствую на празднике прославленного геологического управления не как гость, а как свой человек. На правах новичка позвольте нарушить традицию. Не будем говорить о минувшем сезоне. Поговорим лучше о будущем. Что такое открытие месторождения? Это смесь случайности и логики. Но всякое истинное месторождение открывается только тогда, когда созрела потребность в нем.\nВ стену управления что-то глухо стукнуло, раздался как бы расширенный вздох и тотчас задребезжали, заныли стекла в торце коридора.\n- Господи благослови! - сказал кто-то. - Первый зимний!\n- Что это? - тихо спросила Сергушова у Гурина.\n- Южак. Первый за эту зиму. Придется сбегать отсюда.\nКаждый журналист, каждый заезжий литератор и вообще любой, побывавший в Поселке и взявшийся за перо, обязательно писал и будет писать о южаке. Это все равно что побывать в Техасе и не написать слова ковбой или, будучи в Сахаре, не упомянуть верблюда. Южак был чисто поселковым явлением, сходным со знаменитой новороссийской борой. В теплые дни за склоном хребта скапливался воздух и затем с ураганной силой сваливался в котловину Поселка. Во время южака всегда бывало тепло, и небо безоблачно, но этот теплый, даже ласковый ветер сшибал человека с ног, перекатывал его до ближайшего закутка и посыпал сверху снежной пылью, шлаком, песком, небольшими камнями. В южак лучше всего годились ботинки на триконях и защитные очки горнолыжника. В южак не работали магазины, была закрыты учреждения, в южак сдвигались крыши, и в крохотную дырку, в которую не пролезет иголка, за ночь набивались кубометры снега.\nЛампочки потускнели, стекла уже дребезжали непрерывно, и за стеной слышались все учащающиеся вздохи гигантских легких, по временам где-то било металлом о металл.\nОни сидели, сгрудившись за одним столом. Лампочка помигала и погасла или повредило проводку, или электростанция меняла режим работы. На лестнице послышалось бормотание. Это Копков проводил Люду Голливуд и вернулся. Он принес с собой свечки.\nЮжак ломился в двери управления, набирал силу. Пламя свечей колебалось, тени прыгали по стенам. Разноцветно светились бутылки. Копков отодвинул от Жоры Апрятина стакан с коньяком и пошел вдоль столов, разыскивая свою кружку.\n- Такое получается дело, как всегда, - неожиданно забубнил Копков. Он обежал всех шалым взглядом пророка и ясновидца, обхватил ладонями кружку, сгорбился. - Лежим мы нынче в палатке. Угля нет, солярка на исходе, погода дует. И все такое прочее. Кукули за лето слиплись от пота, не шерсть, а стружки. Пуржит, палатка ходуном ходит, ну и разное, всем известное. Лежу, думаю: ну как начальство подкачает с транспортом, куда я буду девать вверенных мне людей? Пешком не выйдешь. Мороз, перевалы, обуви нет. Ищу выход. Но я не о том. Мысли такие: зачем и за что? За что работяги мои постанывают в мешках? Деньгами сие не измерить. Что получается? Живем, потом умираем. Все! И я в том числе. Обидно, конечно. Но зачем, думаю, в мире от древних времен так устроено, что мы сами смерть ближнего и свою ускоряем? Войны, эпидемии, неустройство систем. Значит, в мире зло. Объективное зло в силах и стихиях природы, и субъективное от несовершенства наших мозгов. Значит, общая задача людей и твоя, Копков, в частности, это зло устранять. Общая задача для предков, тебя и твоих потомков. Во время войны ясно бери секиру или автомат. А в мирное время? Прихожу к выводу, что в мирное время работа есть устранение всеобщего зла. В этом есть высший смысл, не измеряемый деньгами и должностью. Во имя этого высшего смысла стонут во сне мои работяги, и сам я скриплю зубами, потому что по глупости подморозил палец. В этом есть высший смысл, в этом общее и конкретное предназначение.\nКопков еще раз вскинул глаза, точно с изумлением разглядывал неизвестных ему людей, и так же неожиданно смолк.\n"}, "text": "На всех этапах развития человечества одним из главных философских вопросов, является вопрос о пребывания человека в этом мире. Ведь если нам дарована жизнь, то она дана нам, очевидно, не просто так. В чем же заключается смысл жизни? На этот вопрос отвечает советский писатель О.М. Куваев в одном из своих произведений, поднимая проблему человеческого предназначения.\nАвтор раскрывает эту проблему, повествуя о субъективном и объективном зле. О событиях и факторах, которые причиняют неудобства, проблемы, страдания людям. И о том, какую степень влияния на зло имеют люди.\nЧеловек неотделим от природы: он должен жить с ней в дружном соседстве. Но часто именно природные явления являются бедой для людей. Именно это Куваев и называет объективным злом: «в силах и стихиях природы». Автор приводит в пример ветер южак, возникающий зимой на северных берегах: «…ласковый ветер сшибал человека с ног, перекатывал его до ближайшего закутка и посыпал сверху снежной пылью, шлаком, песком, небольшими камнями». Человек не способен бороться с такой стихией, с этим злом. Ему остается только научиться терпению и умению правильно принимать его.\nВсе остальные беды людей возникают «от несовершенства наших мозгов». Именно здесь выражается идея о том, что человек может бороться и это является чем-то важным и очень значимым: «…работа есть устранение всеобщего зла. В этом есть высший смысл, не измеряемый деньгами и должностью». Следовательно, работа человека ведет к устранению всеобщего зла, предотвращению разрушения мира и общества.\nТак, рассматривая причины несчастий человечества, автор приходит к ответу на вопрос, о человеческом предназначении. Бороться с субъективным злом – которое выражено в человеческой глупости, из-за которой возникают войны, эпидемии и неустройства систем – великое предназначение человека.\nЯ не могу не согласится с Куваевым, ведь человеческое зло - страшное препятствие на пути к счастью. И именно борьба с этим злом является достойным предназначением человека и смыслом его жизни. К подобным выводам приходили и другие русские писатели в разные времена.\nПроблему предназначению отразил в своей комедии «Горе от ума» А.С.Грибоедов. Главный герой – Чацкий – сталкивается с косным «фамусовским обществом», в идеалах которого он видит настоящее зло, и считает, что с ним следует бороться. Так, герой стремится нести просвещение в это «болотце», но становится им отвержен. Это не поражение Чацкого, ведь в конце пьесы, он отправляется дальше обличать зло и бороться с общественным злом, и это – его жизненный путь.\nТаким образом, действительно достойной жизненной целью можно назвать борьбу со злом, исходящим от людей, разрушающим и убивающим нас и все вокруг. А в чем эта борьба будет заключаться, это вопрос уже касается каждого из нас лично. Для Куваева – это работа, для Грибоедова – обличительство. А для многих других – добро. Ведь как говорил Вальтер: «Зло исцеляют противоположным.»", "fileName": "0008126.json", "selections": [{"id": 0, "group": "error", "startSelection": 66, "endSelection": 74, "explanation": "Повторение одного и того же слова в разных формах.", "tag": "", "type": "Р.повтор", "subtype": "", "comment": "", "correction": ""}, {"id": 1, "group": "error", "startSelection": 85, "endSelection": 91, "explanation": "Повторение одного и того же слова в разных формах.", "tag": "", "type": "Р.повтор", "subtype": "", "comment": "", "correction": ""}, {"id": 2, "group": "error", "startSelection": 92, "endSelection": 93, "explanation": "Предлог {\"о\"} не связан со словом {\"пребывания\"}.", "tag": "message.txt: 2:3", "type": "А.лекс", "subtype": "конт", "comment": "", "correction": ""}, {"id": 3, "group": "error", "startSelection": 94, "endSelection": 104, "explanation": "Предлог {\"о\"} не связан со словом {\"пребывания\"}.", "tag": "message.txt: 2:3", "type": "А.лекс", "subtype": "конт", "comment": "", "correction": ""}, {"id": 4, "group": "error", "startSelection": 137, "endSelection": 140, "explanation": "Повторение одного и того же слова.", "tag": "", "type": "Р.повтор", "subtype": "", "comment": "", "correction": ""}, {"id": 5, "group": "error", "startSelection": 150, "endSelection": 155, "explanation": "Повторение одного и того же слова в разных формах.", "tag": "", "type": "Р.повтор", "subtype": "", "comment": "", "correction": ""}, {"id": 6, "group": "error", "startSelection": 169, "endSelection": 172, "explanation": "Повторение одного и того же слова.", "tag": "", "type": "Р.повтор", "subtype": "", "comment": "", "correction": ""}, {"id": 7, "group": "error", "startSelection": 226, "endSelection": 231, "explanation": "Повторение одного и того же слова в разных формах.", "tag": "", "type": "Р.повтор", "subtype": "", "comment": "", "correction": ""}, {"id": 8, "group": "error", "startSelection": 319, "endSelection": 336, "explanation": "Проблему можно «поставить», «выдвинуть», «обозначить» или «рассмотреть», но лучше ее не «поднимать».", "tag": "", "type": "Р.СОЧЕТ", "subtype": null, "comment": "", "correction": ""}, {"id": 9, "group": "error", "startSelection": 515, "endSelection": 520, "explanation": "Повторение одного и того же слова в разных формах.", "tag": "", "type": "Р.повтор", "subtype": "", "comment": "", "correction": ""}, {"id": 10, "group": "error", "startSelection": 553, "endSelection": 570, "explanation": "Различайте обстоятельственное слово \"назло\" (делать что-либо назло кому-либо) и сочетание существительного с предлогом \"как на (твое) зло ответить?\".", "tag": "Equivale.doc 1257521841", "type": "А.лекс", "subtype": "конт", "comment": "", "correction": ""}, {"id": 11, "group": "error", "startSelection": 553, "endSelection": 559, "explanation": "Если это наречие в значении {\"наперекор\"}, то оно пишется слитно.", "tag": "Equivale.doc -765688813", "type": "А.лекс", "subtype": "конт", "comment": "", "correction": ""}, {"id": 12, "group": "error", "startSelection": 566, "endSelection": 570, "explanation": "Повторение одного и того же слова в разных формах.", "tag": "", "type": "Р.повтор", "subtype": "", "comment": "", "correction": ""}, {"id": 13, "group": "error", "startSelection": 653, "endSelection": 659, "explanation": "Повторение одного и того же слова.", "tag": "", "type": "Р.повтор", "subtype": "", "comment": "", "correction": ""}, {"id": 14, "group": "error", "startSelection": 660, "endSelection": 669, "explanation": "Повторение однокоренных слов.", "tag": "", "type": "Р.тавт", "subtype": "", "comment": "", "correction": ""}, {"id": 15, "group": "error", "startSelection": 670, "endSelection": 677, "explanation": "Повторение однокоренных слов.", "tag": "", "type": "Р.тавт", "subtype": "", "comment": "", "correction": ""}, {"id": 16, "group": "error", "startSelection": 678, "endSelection": 686, "explanation": "Повторение однокоренных слов.", "tag": "", "type": "Р.тавт", "subtype": "", "comment": "", "correction": ""}, {"id": 17, "group": "error", "startSelection": 697, "endSelection": 702, "explanation": "Повторение одного и того же слова в разных формах.", "tag": "", "type": "Р.повтор", "subtype": "", "comment": "", "correction": ""}, {"id": 18, "group": "error", "startSelection": 711, "endSelection": 714, "explanation": "", "tag": "REPLACE_это_этот", "type": "А.лекс", "subtype": "конт", "comment": "", "correction": "этот"}, {"id": 19, "group": "error", "startSelection": 704, "endSelection": 710, "explanation": "Повторение одного и того же слова.", "tag": "", "type": "Р.повтор", "subtype": "", "comment": "", "correction": ""}, {"id": 20, "group": "error", "startSelection": 770, "endSelection": 777, "explanation": "Повторение однокоренных слов.", "tag": "", "type": "Р.тавт", "subtype": "", "comment": "", "correction": ""}, {"id": 21, "group": "error", "startSelection": 925, "endSelection": 932, "explanation": "Областное, устарелое или просторечное слово. В современном тексте оно, возможно, возникло по ошибке.", "tag": "Ustar.doc -1495717350", "type": "А.лекс", "subtype": "конт", "comment": "", "correction": ""}, {"id": 22, "group": "error", "startSelection": 804, "endSelection": 809, "explanation": "Повторение одного и того же слова.", "tag": "", "type": "Р.повтор", "subtype": "", "comment": "", "correction": ""}, {"id": 23, "group": "error", "startSelection": 866, "endSelection": 871, "explanation": "Повторение одного и того же слова.", "tag": "", "type": "Р.повтор", "subtype": "", "comment": "", "correction": ""}, {"id": 24, "group": "error", "startSelection": 879, "endSelection": 887, "explanation": "Повторение одного и того же слова в разных формах.", "tag": "", "type": "Р.повтор", "subtype": "", "comment": "", "correction": ""}, {"id": 25, "group": "error", "startSelection": 1002, "endSelection": 1009, "explanation": "Повторение одного и того же слова в разных формах.", "tag": "", "type": "Р.повтор", "subtype": "", "comment": "", "correction": ""}, {"id": 26, "group": "error", "startSelection": 1065, "endSelection": 1073, "explanation": "Повторение однокоренных слов.", "tag": "", "type": "Р.тавт", "subtype": "", "comment": "", "correction": ""}, {"id": 27, "group": "error", "startSelection": 1138, "endSelection": 1147, "explanation": "Повторение однокоренных слов.", "tag": "", "type": "Р.тавт", "subtype": "", "comment": "", "correction": ""}, {"id": 28, "group": "error", "startSelection": 1268, "endSelection": 1271, "explanation": "Повторение одного и того же слова в разных формах.", "tag": "", "type": "Р.повтор", "subtype": "", "comment": "", "correction": ""}, {"id": 29, "group": "error", "startSelection": 1338, "endSelection": 1347, "explanation": "Повторение одинаковых и однокоренных слов.", "tag": "", "type": "Р.тавт", "subtype": "", "comment": "", "correction": ""}, {"id": 30, "group": "error", "startSelection": 1355, "endSelection": 1359, "explanation": "Повторение одного и того же слова в разных формах.", "tag": "", "type": "Р.повтор", "subtype": "", "comment": "", "correction": ""}, {"id": 31, "group": "error", "startSelection": 1467, "endSelection": 1476, "explanation": "Повторение одинаковых и однокоренных слов.", "tag": "", "type": "Р.тавт", "subtype": "", "comment": "", "correction": ""}, {"id": 32, "group": "error", "startSelection": 1515, "endSelection": 1523, "explanation": "Повторение одинаковых и однокоренных слов.", "tag": "", "type": "Р.тавт", "subtype": "", "comment": "", "correction": ""}, {"id": 33, "group": "error", "startSelection": 1612, "endSelection": 1624, "explanation": "Повторение одного и того же слова в разных формах.", "tag": "", "type": "Р.повтор", "subtype": "", "comment": "", "correction": ""}, {"id": 34, "group": "error", "startSelection": 1625, "endSelection": 1639, "explanation": "Повторение одного и того же слова в разных формах.", "tag": "", "type": "Р.повтор", "subtype": "", "comment": "", "correction": ""}, {"id": 35, "group": "error", "startSelection": 1665, "endSelection": 1669, "explanation": "Не хватает запятой после слова [\"злом\"].", "tag": "message.txt: 8:26", "type": "А.лекс", "subtype": "конт", "comment": "", "correction": "злом,"}, {"id": 36, "group": "error", "startSelection": 1691, "endSelection": 1703, "explanation": "Повторение одного и того же слова в разных формах.", "tag": "", "type": "Р.повтор", "subtype": "", "comment": "", "correction": ""}, {"id": 37, "group": "error", "startSelection": 1786, "endSelection": 1800, "explanation": "Повторение одного и того же слова в разных формах.", "tag": "", "type": "Р.повтор", "subtype": "", "comment": "", "correction": ""}, {"id": 38, "group": "error", "startSelection": 1824, "endSelection": 1834, "explanation": "В предложении два глагола в личной форме, не разделенных знаком препинания. Возможно, что  {\"согласится\"} - инфинитив, в котором пропущен \"ь\".", "tag": "INF_P_A.doc 1457732451", "type": "А.лекс", "subtype": "конт", "comment": "", "correction": ""}, {"id": 39, "group": "error", "startSelection": 1824, "endSelection": 1834, "explanation": "В предложении два глагола в личной форме, не разделенных знаком препинания. Возможно, что  {\"согласится\"} - инфинитив, в котором пропущен \"ь\".", "tag": "INF_P_A.doc 1457732451", "type": "А.лекс", "subtype": "конт", "comment": "", "correction": ""}, {"id": 40, "group": "error", "startSelection": 1824, "endSelection": 1834, "explanation": "", "tag": "REPLACE_тся_ться", "type": "А.лекс", "subtype": "конт", "comment": "", "correction": "согласиться"}, {"id": 41, "group": "error", "startSelection": 1852, "endSelection": 1864, "explanation": "Повторение одного и того же слова в разных формах.", "tag": "", "type": "Р.повтор", "subtype": "", "comment": "", "correction": ""}, {"id": 42, "group": "error", "startSelection": 1958, "endSelection": 1973, "explanation": "Повторение одного и того же слова в разных формах.", "tag": "", "type": "Р.повтор", "subtype": "", "comment": "", "correction": ""}, {"id": 43, "group": "error", "startSelection": 2061, "endSelection": 2067, "explanation": "Повторение однокоренных слов.", "tag": "", "type": "Р.тавт", "subtype": "", "comment": "", "correction": ""}, {"id": 44, "group": "error", "startSelection": 2086, "endSelection": 2100, "explanation": "Повторение одного и того же слова в разных формах.", "tag": "", "type": "Р.повтор", "subtype": "", "comment": "", "correction": ""}, {"id": 45, "group": "error", "startSelection": 2101, "endSelection": 2108, "explanation": "Повторение однокоренных слов.", "tag": "", "type": "Р.тавт", "subtype": "", "comment": "", "correction": ""}, {"id": 46, "group": "error", "startSelection": 2254, "endSelection": 2263, "explanation": "Повторение однокоренных слов.", "tag": "", "type": "Р.тавт", "subtype": "", "comment": "", "correction": ""}, {"id": 47, "group": "error", "startSelection": 2349, "endSelection": 2352, "explanation": "", "tag": "REPLACE_это_этом", "type": "А.лекс", "subtype": "конт", "comment": "", "correction": "этом"}, {"id": 48, "group": "error", "startSelection": 2349, "endSelection": 2352, "explanation": "Повторение одного и того же слова.", "tag": "", "type": "Р.повтор", "subtype": "", "comment": "", "correction": ""}, {"id": 49, "group": "error", "startSelection": 2367, "endSelection": 2377, "explanation": "Повторение однокоренных слов.", "tag": "", "type": "Р.тавт", "subtype": "", "comment": "", "correction": ""}, {"id": 50, "group": "error", "startSelection": 2391, "endSelection": 2394, "explanation": "Повторение одного и того же слова.", "tag": "", "type": "Р.повтор", "subtype": "", "comment": "", "correction": ""}, {"id": 51, "group": "error", "startSelection": 2507, "endSelection": 2510, "explanation": "Повторение одного и того же слова.", "tag": "", "type": "Р.повтор", "subtype": "", "comment": "", "correction": ""}, {"id": 52, "group": "error", "startSelection": 2602, "endSelection": 2608, "explanation": "Повторение одного и того же слова в разных формах.", "tag": "", "type": "Р.повтор", "subtype": "", "comment": "", "correction": ""}, {"id": 53, "group": "error", "startSelection": 2662, "endSelection": 2665, "explanation": "Повторение одного и того же слова.", "tag": "", "type": "Р.повтор", "subtype": "", "comment": "", "correction": ""}, {"id": 54, "group": "error", "startSelection": 2718, "endSelection": 2721, "explanation": "", "tag": "REPLACE_это_этот", "type": "А.лекс", "subtype": "конт", "comment": "", "correction": "этот"}, {"id": 55, "group": "error", "startSelection": 2753, "endSelection": 2762, "explanation": "Смысловая ошибка. Неуместно употребление слова 'лично', включающего значение 'индивидуально', с местоимением множественного числа, подразумевающем некий коллектив действующих лиц.", "tag": "LOGERR.doc -512289971", "type": "А.лекс", "subtype": "конт", "comment": "", "correction": ""}, {"id": 56, "group": "error", "startSelection": 2692, "endSelection": 2698, "explanation": "Повторение одного и того же слова в разных формах.", "tag": "", "type": "Р.повтор", "subtype": "", "comment": "", "correction": ""}, {"id": 57, "group": "error", "startSelection": 2753, "endSelection": 2756, "explanation": "Повторение одного и того же слова.", "tag": "", "type": "Р.повтор", "subtype": "", "comment": "", "correction": ""}, {"id": 58, "group": "error", "startSelection": 2883, "endSelection": 2891, "explanation": "", "tag": "REPLACE_v-3pl_v-1sg", "type": "А.лекс", "subtype": "конт", "comment": "", "correction": "исцеляю"}, {"id": 59, "group": "error", "startSelection": 2907, "endSelection": 2909, "explanation": "Перед закрывающей кавычкой не ставится точка, за исключением случая с сокращением. Точку, обозначающую конец предложения, ставят после закрывающей кавычки.", "tag": "message.txt: 4:0", "type": "А.лекс", "subtype": "конт", "comment": "", "correction": ""}, {"id": 61, "group": "meaning", "startSelection": 233, "endSelection": 366, "type": "ПРОБЛЕМА", "subtype": "", "explanation": "", "correction": "", "tag": "", "comment": ""}, {"id": 62, "group": "meaning", "startSelection": 367, "endSelection": 441, "type": "ПРИМЕР", "subtype": "", "explanation": "", "correction": "", "tag": "", "comment": ""}, {"id": 63, "group": "meaning", "startSelection": 442, "endSelection": 571, "type": "ПОЯСНЕНИЕ", "subtype": "", "explanation": "", "correction": "", "tag": "", "comment": ""}, {"id": 64, "group": "meaning", "startSelection": 572, "endSelection": 1001, "type": "ПРИМЕР", "subtype": "", "explanation": "", "correction": "", "tag": "", "comment": ""}, {"id": 65, "group": "meaning", "startSelection": 1002, "endSelection": 1133, "type": "ПОЯСНЕНИЕ", "subtype": "", "explanation": "", "correction": "", "tag": "", "comment": ""}, {"id": 66, "group": "meaning", "startSelection": 1134, "endSelection": 1416, "type": "ПРИМЕР", "subtype": "", "explanation": "", "correction": "", "tag": "", "comment": ""}, {"id": 67, "group": "meaning", "startSelection": 1417, "endSelection": 1524, "type": "ПОЯСНЕНИЕ", "subtype": "", "explanation": "", "correction": "", "tag": "", "comment": ""}, {"id": 68, "group": "meaning", "startSelection": 2077, "endSelection": 2532, "type": "ПОЗИЦИЯ", "subtype": "", "explanation": "", "correction": "", "tag": "", "comment": ""}, {"id": 69, "group": "meaning", "startSelection": 2533, "endSelection": 2909, "type": "ОТНОШЕНИЕ", "subtype": "", "explanation": "", "correction": "", "tag": "", "comment": ""}]}