{"meta": {"uuid": "dafbb277-2d4d-4715-b4fc-727b6b768c05", "id": "0008645", "name": "0008645_ru_rus_kak_gorod_vliyaet_na_formirovanie_chuvstva_prirody_noexp.txt", "subject": "rus", "test": "егэ тренировка", "category": "", "year": 2020, "class": "11", "theme": "Как город влияет на формирование чувства природы? (По тексту М.М. Пришвина)", "taskText": "(1) Есть ложное представление, будто город убивает чувство природы.\n(2) Я думаю, напротив: город воспитывает естественное чувство, и если мы называем землю матерью, то город — учитель и воспитатель этого чувства к матери земле.\n(3) Я бы мог доказать это исторически, проследив, например, в живописи, как возникал интерес к пейзажу с развитием жизни больших городов, но как-то проще выходит, если говорить о собственном опыте.\n(4) Ранней весной я испытывал такое сильное желание странствовать, что становился больным и неспособным к работе. (5)Будь у меня крылья — я улетел бы с птицами, будь средства — поехал бы открывать тогда ещё не открытые полюсы, будь специальные знания — примкнул бы к научной экспедиции. (6)Но не говорю уже о крыльях — не было у меня ни денег, ни полезной специальности. (7)Много мне пришлось побороться с жизнью, пока, наконец, я не овладел собой и сначала научился путешествовать без денег, а потом и летать без крыльев — писать о своих путешествиях.\n(8) И трудно же было усидеть в Петербурге весной. (9)Бывало, ночью откроешь форточку и слушаешь, как свистят пролетающие над городом кулики, как утки кричат, журавли, гуси, лебеди — такой уж этот город, окружённый огромными, неосушёнными болотами, что, кажется, вся перелётная птица валит по этому рыжему от электричества небу. (10)Бывало, расскажешь про такое что-нибудь в обществе — и так этому удивляются...\n(11) Купил я себе за двенадцать рублей дробовую берданку, синий эмалированный котелок с крышкой, удочки, разные мелочи и начал путешествовать. (12)С тех пор ни одной весны я не пропустил, и все вёсны были такие же разные, как посещённые мною края: каждая имела своё лицо.\n(13)Все обычные путешествия имеют к моему путешествию такое же отношение, как дачная жизнь к обыкновенной трудовой жизни, потому что добывание по пути средств существования ставило меня в такие же условия, как перелётных птиц, тысячи вёрст до мозолей махающих крыльями. (14)Конечно, без риска ничего не выходит, и моё путешествие без денег тоже рискованное предприятие, но зато когда одолеешь, то непременно сверх лишений остаётся, как у матери ребёнок, большая, прочная радость. (15)Помню, я оплавал почти всё Белое море и по Северному океану довольно много в России и в Норвегии, пользуясь местными оказиями рыбаков, добывая себе пищу почти исключительно охотой и милостью людей за случайные подмоги.\n(16) Приходилось ночевать и на лодке, и под лодкой, и на песке под парусом, и раз даже схватить за ногу через дырочку в парусе токующего на мне самом тетерева.\n(17) И чего только не бывало во время этого звериного сна, когда спишь\nи в то же время знаешь, что вокруг тебя делается. (18)Но никогда я не заботился, чтобы собирать материалы для повести, никогда бы у меня из такого путешествия не вышло ничего хорошего, потому что оно бы не было тогда свободным и большое великое должно было бы подчиниться малому личному. (19)Я заботился только о добросовестном изучении местной жизни, слушал всё с вниманием и заносил иногда на лоскуток бумаги (часто папиросной) интересные мне слова.\n(20) Трудно так путешествовать, но что же делать! (21)Попробуйте соединиться с ихтиологической экспедицией на Мурман — и вы узнаете жизнь трески; поработайте с поморами на их первобытной шняке в океане по улову этой самой трески — и вы узнаете жизнь всего края через жизнь трудового человека.\n(22)Если бы жизнь пришлось повторять, я непременно бы сделался краеведом, но не таким, какие они есть — учёные-специалисты, или энциклопедисты, а таким, чтобы видеть лицо края. (23)Многие думают (и этот предрассудок широко распространён), что если изучить край во всех отношениях и эти знания сложить, то получится полное представление о том или другом уголке земного шара. (24)Но я думаю, что сложить эти разные знания и получить из них лицо края так же невозможно, как сотворить в колбе из составных элементов живого человека. (25)Сколько вы ни изучайте край и сколько вы ни складывайте полученные знания, всё-таки непременно останутся места, наполнить жизнью которые может только простак, сам обитатель этого края. (26)Вот мне и кажется, что настоящий краевед должен исходить не из своего знания, например, какой-нибудь ихтиологии, а из жизни самого простака (я не люблю слово «обыватель»). (27)Для этого, скажут мне, существует наука этнография, но и про этнографию я скажу то же самое: живую жизнь она пропускает; для того чтобы схватить живую жизнь, нужно найти секрет временного слияния с жизнью самого простака; самое трудное в этом слиянии, что его нельзя задумать и осуществлять по программе: нужно, чтобы оно выходило из всей натуры тебя самого. (28)В путешествиях, которые, очевидно, и есть моё призвание, я этого иногда достигал, и думаю, что если нарочно не засмысливаться, то множество людей могут черпать в трудовом опыте ценнейшие материалы. (29)На это мне делали возражение, что для использования трудового опыта должно быть наличие художественного дарования — удел очень немногих. (30)Я согласен, что в известном кругу общества художественный синтетический дар действительно имеют очень немногие, но в простом трудовом народе, причастном к стихии, он есть общее достояние, как воздух и вода.\n"}, "text": "Человек отличается от остальных животных тем, что преобразует среду вокруг себя. В современном мире мы возводим себе целые «каменные джунгли» — мегаполисы, отделяющие нас от мира вокруг. Как город влияет на формирование чувства природы? Над таким вопрос в приведённом тексте размышляет М. М. Пришвин.\nАвтор делится с читателями своими ощущениями, навеянными весенним Петербургом: «Ранней весной я испытывал такое сильное желание странствовать, что становился неспособным к работе. Будь у меня крылья — я улетел бы с птицами…». Весеннее буйство природы и крики птиц пробуждали в авторе-повествователе желание отправиться в путешествие, слиться с дивным окружающим миром. Таким образом, даже мимолётное соприкосновение с природой, которому всегда найдётся место в городе, способно не только наполнить человека энергией, но и пробудить в нём стремление к странствованию — более близкому знакомству с окружающим миром.\nПредставление о том, что город «убивает чувство природы» автор называет ложным, противопоставляя ему своё видение того, как городская среда влияет на отношение человека к природе: «…город воспитывает естественное чувство, и если мы называем землю матерью, то город — учитель и воспитатель этого чувства…». Стремление к единству с природой является неотъемлемой частью человеческого существа. Порой, нам кажется, что урбанизация подавляет это стремление и что город — не благодатная почва для прорастания семян любви и тяги к природе. На самом же деле, городская жизнь лишь усиливает врождённый интерес к окружающему миру. Таким образом, город принимает активную роль в формировании чувства природы, пробуждая его в человеке.\nДва приведённых выше примера-иллюстрации показывают, как автор переходит от частного примера — своего опыта, к выводам о характере влияния города на тягу человека к природе в целом, экстраполируя свои наблюдения.\nПозиция автора заключается в том, что город не подавляет, а наоборот способствует пробуждению в человеке свойственного ему стремления к единству с природой. Соприкасаясь с городской флорой и фауной, мы лишь подпитываем жажду познания окружающего мира. Природа, так или иначе,\n«просачивается» в жизнь города, дразня наше чувство единства с ней, маня нас в странствия.\nЯ согласна с позицией автора и убеждена, что город способен пробудить в человеке дремлющее чувство природы — естественную потребность во взаимодействии с ней, жажду воссоединения с матерью-природой. Мы можем найти множество примеров тому в нашей повседневной жизни, начиная от нашего стремления окружить себя живыми существами — комнатными растениями и домашними питомцами, заканчивая сезонными миграциями в теплое время года, когда люди массово выезжают на природу — на дачи, отправляется в путешествия, походы.\nТаким образом, город оказывает положительное влияния на формирования чувства природы, пробуждая естественное стремление к странствию, уча людей ценить даже те маленькие соприкосновения с природой, которые предоставляет им городская среда.", "fileName": "0008645.json", "selections": [{"id": 0, "group": "error", "startSelection": 68, "endSelection": 74, "explanation": "Повторение одного и того же слова.", "tag": "", "type": "Р.повтор", "subtype": "", "comment": "", "correction": ""}, {"id": 1, "group": "error", "startSelection": 75, "endSelection": 79, "explanation": "Повторение одного и того же слова в разных формах.", "tag": "", "type": "Р.повтор", "subtype": "", "comment": "", "correction": ""}, {"id": 2, "group": "error", "startSelection": 95, "endSelection": 99, "explanation": "Повторение одного и того же слова в разных формах.", "tag": "", "type": "Р.повтор", "subtype": "", "comment": "", "correction": ""}, {"id": 3, "group": "error", "startSelection": 112, "endSelection": 116, "explanation": "Повторение одного и того же слова в разных формах.", "tag": "", "type": "Р.повтор", "subtype": "", "comment": "", "correction": ""}, {"id": 4, "group": "error", "startSelection": 174, "endSelection": 178, "explanation": "Повторение одного и того же слова в разных формах.", "tag": "", "type": "Р.повтор", "subtype": "", "comment": "", "correction": ""}, {"id": 5, "group": "error", "startSelection": 179, "endSelection": 185, "explanation": "Повторение одного и того же слова.", "tag": "", "type": "Р.повтор", "subtype": "", "comment": "", "correction": ""}, {"id": 6, "group": "error", "startSelection": 237, "endSelection": 240, "explanation": "", "tag": "REPLACE_над_на", "type": "А.лекс", "subtype": "конт", "comment": "", "correction": "На"}, {"id": 7, "group": "error", "startSelection": 241, "endSelection": 246, "explanation": "Нет существительных, согласующихся с прилагательным {\"таким\"}.", "tag": "message.txt: 2:3", "type": "А.лекс", "subtype": "конт", "comment": "", "correction": ""}, {"id": 8, "group": "error", "startSelection": 358, "endSelection": 366, "explanation": "Повторение одинаковых и однокоренных слов.", "tag": "", "type": "Р.тавт", "subtype": "", "comment": "", "correction": ""}, {"id": 9, "group": "error", "startSelection": 388, "endSelection": 394, "explanation": "Повторение одинаковых и однокоренных слов.", "tag": "", "type": "Р.тавт", "subtype": "", "comment": "", "correction": ""}, {"id": 10, "group": "error", "startSelection": 516, "endSelection": 523, "explanation": "Повторение одного и того же слова в разных формах.", "tag": "", "type": "Р.повтор", "subtype": "", "comment": "", "correction": ""}, {"id": 11, "group": "error", "startSelection": 645, "endSelection": 651, "explanation": "Слово, имеющее книжный, архаический оттенок.  Совр. аналоги: удивительный; восхитительный, прекрасный.", "tag": "Ustar.doc -1305122329", "type": "А.лекс", "subtype": "конт", "comment": "", "correction": ""}, {"id": 12, "group": "error", "startSelection": 527, "endSelection": 535, "explanation": "Повторение одинаковых и однокоренных слов.", "tag": "", "type": "Р.тавт", "subtype": "", "comment": "", "correction": ""}, {"id": 13, "group": "error", "startSelection": 554, "endSelection": 559, "explanation": "Повторение однокоренных слов.", "tag": "", "type": "Р.тавт", "subtype": "", "comment": "", "correction": ""}, {"id": 14, "group": "error", "startSelection": 560, "endSelection": 564, "explanation": "Повторение одного и того же слова в разных формах.", "tag": "", "type": "Р.повтор", "subtype": "", "comment": "", "correction": ""}, {"id": 15, "group": "error", "startSelection": 652, "endSelection": 662, "explanation": "Повторение однокоренных слов.", "tag": "", "type": "Р.тавт", "subtype": "", "comment": "", "correction": ""}, {"id": 16, "group": "error", "startSelection": 762, "endSelection": 768, "explanation": "Повторение одинаковых и однокоренных слов.", "tag": "", "type": "Р.тавт", "subtype": "", "comment": "", "correction": ""}, {"id": 17, "group": "error", "startSelection": 914, "endSelection": 1218, "explanation": "Предложение сложно для восприятия, так как перегружено существительными. Попробуйте разбить его на несколько более коротких.", "tag": "message.txt: 3:2", "type": "А.лекс", "subtype": "конт", "comment": "", "correction": ""}, {"id": 18, "group": "error", "startSelection": 940, "endSelection": 945, "explanation": "Повторение одинаковых и однокоренных слов.", "tag": "", "type": "Р.тавт", "subtype": "", "comment": "", "correction": ""}, {"id": 19, "group": "error", "startSelection": 1039, "endSelection": 1048, "explanation": "Повторение одинаковых и однокоренных слов.", "tag": "", "type": "Р.тавт", "subtype": "", "comment": "", "correction": ""}, {"id": 20, "group": "error", "startSelection": 1097, "endSelection": 1102, "explanation": "Повторение одинаковых и однокоренных слов.", "tag": "", "type": "Р.тавт", "subtype": "", "comment": "", "correction": ""}, {"id": 21, "group": "error", "startSelection": 1174, "endSelection": 1179, "explanation": "Повторение одинаковых и однокоренных слов.", "tag": "", "type": "Р.повтор", "subtype": "", "comment": "", "correction": ""}, {"id": 22, "group": "error", "startSelection": 1221, "endSelection": 1231, "explanation": "Повторение одного и того же слова.", "tag": "", "type": "Р.повтор", "subtype": "", "comment": "", "correction": ""}, {"id": 23, "group": "error", "startSelection": 1357, "endSelection": 1367, "explanation": "Повторение одного и того же слова.", "tag": "", "type": "Р.повтор", "subtype": "", "comment": "", "correction": ""}, {"id": 24, "group": "error", "startSelection": 1374, "endSelection": 1379, "explanation": "Повторение одинаковых и однокоренных слов.", "tag": "", "type": "Р.повтор", "subtype": "", "comment": "", "correction": ""}, {"id": 25, "group": "error", "startSelection": 1467, "endSelection": 1476, "explanation": "Повторение одинаковых и однокоренных слов.", "tag": "", "type": "Р.тавт", "subtype": "", "comment": "", "correction": ""}, {"id": 26, "group": "error", "startSelection": 1552, "endSelection": 1557, "explanation": "Повторение одинаковых и однокоренных слов.", "tag": "", "type": "Р.повтор", "subtype": "", "comment": "", "correction": ""}, {"id": 27, "group": "error", "startSelection": 1661, "endSelection": 1680, "explanation": "Повторение одного и того же слова в разных формах.", "tag": "", "type": "Р.повтор", "subtype": "", "comment": "", "correction": ""}, {"id": 28, "group": "error", "startSelection": 1725, "endSelection": 1732, "explanation": "Повторение одного и того же слова в разных формах.", "tag": "", "type": "Р.повтор", "subtype": "", "comment": "", "correction": ""}, {"id": 29, "group": "error", "startSelection": 1735, "endSelection": 1741, "explanation": "Повторение однокоренных слов.", "tag": "", "type": "Р.повтор", "subtype": "", "comment": "", "correction": ""}, {"id": 30, "group": "error", "startSelection": 1779, "endSelection": 1785, "explanation": "Повторение одинаковых и однокоренных слов.", "tag": "", "type": "Р.повтор", "subtype": "", "comment": "", "correction": ""}, {"id": 31, "group": "error", "startSelection": 1836, "endSelection": 1840, "explanation": "Повторение однокоренных слов.", "tag": "", "type": "Р.повтор", "subtype": "", "comment": "", "correction": ""}, {"id": 32, "group": "error", "startSelection": 1891, "endSelection": 1896, "explanation": "Повторение одинаковых и однокоренных слов.", "tag": "", "type": "Р.повтор", "subtype": "", "comment": "", "correction": ""}, {"id": 33, "group": "error", "startSelection": 1958, "endSelection": 1971, "explanation": "Повторение однокоренных слов.", "tag": "", "type": "Р.тавт", "subtype": "", "comment": "", "correction": ""}, {"id": 34, "group": "error", "startSelection": 2025, "endSelection": 2034, "explanation": "Повторение одинаковых и однокоренных слов.", "tag": "", "type": "Р.тавт", "subtype": "", "comment": "", "correction": ""}, {"id": 35, "group": "error", "startSelection": 2153, "endSelection": 2159, "explanation": "Повторение одинаковых и однокоренных слов.", "tag": "", "type": "Р.повтор", "subtype": "", "comment": "", "correction": ""}, {"id": 36, "group": "error", "startSelection": 2265, "endSelection": 2270, "explanation": "Повторение одинаковых и однокоренных слов.", "tag": "", "type": "Р.повтор", "subtype": "", "comment": "", "correction": ""}, {"id": 37, "group": "error", "startSelection": 2319, "endSelection": 2326, "explanation": "Повторение одного и того же слова в разных формах.", "tag": "", "type": "Р.повтор", "subtype": "", "comment": "", "correction": ""}, {"id": 38, "group": "error", "startSelection": 2401, "endSelection": 2417, "explanation": "Повторение одного и того же слова в разных формах.", "tag": "", "type": "Р.повтор", "subtype": "", "comment": "", "correction": ""}, {"id": 39, "group": "error", "startSelection": 2460, "endSelection": 2465, "explanation": "Повторение одного и того же слова в разных формах.", "tag": "", "type": "Р.повтор", "subtype": "", "comment": "", "correction": ""}, {"id": 40, "group": "error", "startSelection": 2497, "endSelection": 2503, "explanation": "Повторение одного и того же слова в разных формах.", "tag": "", "type": "Р.повтор", "subtype": "", "comment": "", "correction": ""}, {"id": 41, "group": "error", "startSelection": 2678, "endSelection": 2685, "explanation": "Повторение одного и того же слова в разных формах.", "tag": "", "type": "Р.повтор", "subtype": "", "comment": "", "correction": ""}, {"id": 42, "group": "error", "startSelection": 2712, "endSelection": 2723, "explanation": "Повторение однокоренных слов.", "tag": "", "type": "Р.тавт", "subtype": "", "comment": "", "correction": ""}, {"id": 43, "group": "error", "startSelection": 2725, "endSelection": 2731, "explanation": "Повторение однокоренных слов.", "tag": "", "type": "Р.тавт", "subtype": "", "comment": "", "correction": ""}, {"id": 44, "group": "error", "startSelection": 2810, "endSelection": 2817, "explanation": "Повторение одного и того же слова в разных формах.", "tag": "", "type": "Р.повтор", "subtype": "", "comment": "", "correction": ""}, {"id": 45, "group": "error", "startSelection": 2920, "endSelection": 2928, "explanation": "Повторение одного и того же слова в разных формах.", "tag": "", "type": "Р.повтор", "subtype": "", "comment": "", "correction": ""}, {"id": 47, "group": "meaning", "startSelection": 0, "endSelection": 300, "type": "ПРОБЛЕМА", "subtype": "", "explanation": "", "correction": "", "tag": "", "comment": ""}, {"id": 48, "group": "meaning", "startSelection": 301, "endSelection": 669, "type": "ПРИМЕР", "subtype": "", "explanation": "", "correction": "", "tag": "", "comment": ""}, {"id": 49, "group": "meaning", "startSelection": 670, "endSelection": 914, "type": "ПОЯСНЕНИЕ", "subtype": "", "explanation": "", "correction": "", "tag": "", "comment": ""}, {"id": 50, "group": "meaning", "startSelection": 915, "endSelection": 1306, "type": "ПРИМЕР", "subtype": "", "explanation": "", "correction": "", "tag": "", "comment": ""}, {"id": 51, "group": "meaning", "startSelection": 1307, "endSelection": 1639, "type": "ПОЯСНЕНИЕ", "subtype": "", "explanation": "", "correction": "", "tag": "", "comment": ""}, {"id": 52, "group": "meaning", "startSelection": 1853, "endSelection": 2128, "type": "ПОЗИЦИЯ", "subtype": "", "explanation": "", "correction": "", "tag": "", "comment": ""}, {"id": 53, "group": "meaning", "startSelection": 2220, "endSelection": 2732, "type": "ОТНОШЕНИЕ", "subtype": "", "explanation": "", "correction": "", "tag": "", "comment": ""}]}