{"meta": {"uuid": "d7cea80d-7208-4caf-b63e-ca42d29577b2", "id": "0008174", "name": "0008174_ru_rus_problema_sostradaniya_noexp.txt", "subject": "rus", "test": "егэ тренировка", "category": "", "year": 2020, "class": "11", "theme": "Проблема сострадания (по К. М. Симонову)", "taskText": "(1)Рано утром Лопатин с Ваниным ушли в первую роту. (2)Сабуров остался: он хотел воспользоваться затишьем. (3)Сначала они два часа просидели с Масленниковым за составлением различной военной отчетности, часть которой была действительно необходимой, а часть казалась Сабурову лишней и заведенной только в силу давней мирной привычки ко всякого рода канцелярщине. (4)Потом, когда Масленников ушел, Сабуров сел за отложенное и тяготившее его дело – за ответы на письма, пришедшие к мертвым. (5)Как-то так уже повелось у него почти с самого начала войны, что он брал на себя трудную обязанность отвечать на эти письма. (6)Его сердили люди, которые, когда кто-нибудь погибал в их части, старались как можно дольше не ставить об этом в известность его близких. (7)Эта кажущаяся доброта представлялась ему просто желанием пройти мимо чужого горя, чтобы не причинить боли самому себе.\n(8)«Петенька, милый, – писала жена Парфенова (оказывается, его звали Петей), – мы все без тебя скучаем и ждем, когда кончится война, чтобы ты вернулся… (9)Галочка стала совсем большая и уже ходит сама, и почти не падает…»\n(10)Сабуров внимательно прочел письмо до конца. (11)Оно было недлинное – привет от родных, несколько слов о работе, пожелание поскорее разбить фашистов, в конце две строчки детских каракуль, написанных старшим сыном, и потом несколько нетвердых палочек, сделанных детской рукой, которой водила рука матери, и приписка: «А это написала сама Галочка»…\n(12)Что ответить? (13)Всегда в таких случаях Сабуров знал, что ответить можно только одно: он убит, его нет, – и все-таки всегда он неизменно думал над этим, словно писал ответ в последний раз. (14)Что ответить? (15)В самом деле, что ответить?\n(16)Он вспомнил маленькую фигурку Парфенова, лежавшего навзничь на цементном полу, его бледное лицо и подложенные под голову полевые сумки. (17)Этот человек, который погиб у него в первый же день боев и которого он до этого очень мало знал, был для него товарищем по оружию, одним из многих, слишком многих, которые дрались рядом с ним и погибли рядом с ним, тогда как он сам остался цел. (18)Он привык к этому, привык к войне, и ему было просто сказать себе: вот был Парфенов, он сражался и убит. (19)Но там, в Пензе, на улице Маркса, 24, эти слова – «он убит» – были катастрофой, потерей всех надежд. (20)После этих слов там, на улице Карла Маркса, 24, жена переставала называться женой и становилась вдовой, дети переставали называться просто детьми, – они уже назывались сиротами. (21)Это было не только горе, это была полная перемена жизни, всего будущего. (22)И всегда, когда он писал такие письма, он больше всего боялся, чтобы тому, кто прочтет, не показалось, что ему, писавшему, было легко. (23)Ему хотелось, чтобы тем, кто прочтет, казалось, что это написал их товарищ по горю, человек, так же горюющий, как они, тогда легче прочесть. (24)Может быть, даже не то: не легче, но не так обидно, не так скорбно прочесть…\n(25)Людям иногда нужна ложь, он знал это. (26)Они непременно хотят, чтобы тот, кого они любили, умер героически или, как это пишут, пал смертью храбрых… (27)Они хотят, чтобы он не просто погиб, чтобы он погиб, сделав что-то важное, и они непременно хотят, чтобы он их вспомнил перед смертью.\n(28)И Сабуров, когда отвечал на письма, всегда старался утолить это желание, и, когда нужно было, он лгал, лгал больше или меньше – это была единственная ложь, которая его не смущала. (29)Он взял ручку и, вырвав из блокнота листок, начал писать своим быстрым, размашистым почерком. (30)Он написал о том, как они служили вместе с Парфеновым, как Парфенов героически погиб здесь в ночном бою, в Сталинграде (что было правдой), и как он, прежде чем упасть, сам застрелил трех немцев (что было неправдой), и как он умер на руках у Сабурова, и как он перед смертью вспоминал сына Володю и просил передать ему, чтобы тот помнил об отце.\n(31)Этот человек, который погиб у него в первый же день боев и которого он до этого очень мало знал, был для него товарищем по оружию, одним из многих, слишком многих, которые дрались рядом с ним и погибли рядом с ним, тогда как он сам остался цел. (32)Он привык к этому, привык к войне, и ему было просто сказать себе: вот был Парфенов, он сражался и убит.\n"}, "text": "Сострадание — это жалость, сочувствие, вызываемые несчастьем другого человека. Какую роль оно играет в нашей жизни? Вот вопрос, над которым нас заставляет задуматься автор.\nСамбуров — главный герой рассказа. На его долю выпала очень тяжелая участь, отвечать на письма, пришедшие к мертвым. В одном из таких писем жена писала мужу о дочке, передавала привет от близких, желала скорее разбить фашистов и вернуться домой по окончанию войны. Каждый раз Самбуров задавался вопросам: что ответить? Безусловно, ответ один: он убит, его нет. «Но там, в Пензе, на улице Маркса, 24, эти слова — «он убит» — были катастрофой, потерей всех надежд. После этих слов там, на улице Карла Маркса, 24, жена переставала называться женой и становилась вдовой, дети переставали называться просто детьми, — они уже назывались сиротами. Это было не только горе, это была полная перемена жизни, всего будущего». Каждому хочется знать, что тот, кого они любили, погиб, героически сражаясь за их жизнь, пал смертью храбрых. Самбуров знал, что людям иногда нужна ложь, они хотят, чтобы он не просто погиб, чтобы он погиб, сделав что-то важное, и они непременно хотят, чтобы он их вспомнил перед смертью... Именно поэтому Самбуров каждый ответ писал словно в первый раз, стараясь войти в положение тех, кто получит это письмо. В следствие чего, он лгал, чтобы тому, кто прочтет это письмо, было чуточку легче, не так обидно, не так скорбно прочесть...\nСимонов убежден, что сострадание играет важную роль, ведь благодаря умению сочувствовать людям, проще пережить даже самые тяжелые времена.\nЯ абсолютно согласна с точкой зрения автора. Действительно, проблема внимательного, сострадательного отношения к людям играет большую роль в нашей жизни. Ведь именно сострадание окружающих помогает пережить тяжелую жизненную ситуацию, даже если оно проявляется в виде лжи. Ведь иногда нам нужно услышать именно то, что мы хотим, чтобы было чуточку легче.\nСоглашаясь с К. М. Симоновым, хочется обратиться к зарубежной литературе и найти в ней аргументы для подтверждения авторской позиции. В своем произведении «Заветы юности»\nВера Бриттен рассказывает о своей жизни в период войны. Автор не меняет своего имени в произведении. Роланд, является ее возлюбленным, он пообещает ей явиться домой, в Лондон, к Рождеству, когда должна была состояться свадьба, но ночной рейд и выстрел снайпера всё решат иначе. Товарищ по службе, сообщил в письме о том, что смерть Роланда была быстрой и безболезненной. Но интервал времени между раной и смертью не давал Вере покоя. Она решила выяснить всю правду. Вследствие чего она узнала, что выстрел пришелся в живот и последние часы жизни он провел в мучении. Это не то, что она хотела услышать, но она узнала настоящую правду. В письме своем брату, он был лучшим другом Роланда, она так же сказала что смерть была безболезненной, чтобы он не переживал так сильно. В этот момент он также находился на войне, и Вера была уверена, что ему нужна эта ложь, чтобы не было так страшно.\nТак же в качестве примера хочется привести произведения М. Шолохова «Тихий дон». Главный герой, Григорий Мелехов упал в бою, его рота была уверена в его смерти. Родным прислали письмо с соболезнованием, в котором говорилось: «Сын Ваш пал смертью храбрых, пусть это послужит Вам утешением в невознаградимой потере». Эта новость сильно потрясла родных. Отец старел день ото дня, слабела его память, и мутился рассудок. Письмо от командира полка положил он под божницу и читал несколько раз за день. Известие о смерти дорогих нам людей сильно отражается на нас, и не всегда люди могут смериться и вернутся в прежнюю жизнь.\nСострадание и помощь окружающих несомненно помогает выбраться из горя и смериться с утратой. Очень важно проявлять отзывчивость к людям, нуждающимся в помощи. Нужно ставить себя на место другого, ведь никто не знает как повернётся наша жизнь.", "fileName": "0008174.json", "selections": [{"id": 0, "group": "error", "startSelection": 39, "endSelection": 49, "explanation": "Нет существительных, согласующихся с причастием {\"вызываемые\"}.", "tag": "message.txt: 2:3", "type": "А.лекс", "subtype": "конт", "comment": "", "correction": ""}, {"id": 1, "group": "error", "startSelection": 261, "endSelection": 267, "explanation": "Повторение одного и того же слова в разных формах.", "tag": "", "type": "Р.повтор", "subtype": "", "comment": "", "correction": ""}, {"id": 2, "group": "error", "startSelection": 307, "endSelection": 312, "explanation": "Повторение одного и того же слова в разных формах.", "tag": "", "type": "Р.повтор", "subtype": "", "comment": "", "correction": ""}, {"id": 3, "group": "error", "startSelection": 339, "endSelection": 349, "explanation": "Повторение однокоренных слов.", "tag": "", "type": "Р.тавт", "subtype": "", "comment": "", "correction": ""}, {"id": 4, "group": "error", "startSelection": 458, "endSelection": 467, "explanation": "Повторение однокоренных слов.", "tag": "", "type": "Р.тавт", "subtype": "", "comment": "", "correction": ""}, {"id": 5, "group": "error", "startSelection": 482, "endSelection": 490, "explanation": "Повторение однокоренных слов.", "tag": "", "type": "Р.тавт", "subtype": "", "comment": "", "correction": ""}, {"id": 6, "group": "error", "startSelection": 504, "endSelection": 509, "explanation": "Повторение однокоренных слов.", "tag": "", "type": "Р.тавт", "subtype": "", "comment": "", "correction": ""}, {"id": 7, "group": "error", "startSelection": 989, "endSelection": 996, "explanation": "Нет существительных, согласующихся с прилагательным {\"храбрых\"}.", "tag": "message.txt: 2:3", "type": "А.лекс", "subtype": "конт", "comment": "", "correction": ""}, {"id": 8, "group": "error", "startSelection": 896, "endSelection": 903, "explanation": "Повторение одинаковых и однокоренных слов.", "tag": "", "type": "Р.тавт", "subtype": "", "comment": "", "correction": ""}, {"id": 9, "group": "error", "startSelection": 904, "endSelection": 909, "explanation": "Повторение одного и того же слова в разных формах.", "tag": "", "type": "Р.повтор", "subtype": "", "comment": "", "correction": ""}, {"id": 10, "group": "error", "startSelection": 937, "endSelection": 942, "explanation": "Повторение одного и того же слова.", "tag": "", "type": "Р.повтор", "subtype": "", "comment": "", "correction": ""}, {"id": 11, "group": "error", "startSelection": 1007, "endSelection": 1011, "explanation": "Повторение одного и того же слова в разных формах.", "tag": "", "type": "Р.повтор", "subtype": "", "comment": "", "correction": ""}, {"id": 12, "group": "error", "startSelection": 1046, "endSelection": 1051, "explanation": "Повторение одинаковых и однокоренных слов.", "tag": "", "type": "Р.повтор", "subtype": "", "comment": "", "correction": ""}, {"id": 13, "group": "error", "startSelection": 1053, "endSelection": 1058, "explanation": "Повторение одного и того же слова.", "tag": "", "type": "Р.повтор", "subtype": "", "comment": "", "correction": ""}, {"id": 14, "group": "error", "startSelection": 1072, "endSelection": 1077, "explanation": "Повторение одного и того же слова.", "tag": "", "type": "Р.повтор", "subtype": "", "comment": "", "correction": ""}, {"id": 15, "group": "error", "startSelection": 1079, "endSelection": 1084, "explanation": "Повторение одного и того же слова.", "tag": "", "type": "Р.повтор", "subtype": "", "comment": "", "correction": ""}, {"id": 16, "group": "error", "startSelection": 1088, "endSelection": 1093, "explanation": "Повторение одного и того же слова.", "tag": "", "type": "Р.повтор", "subtype": "", "comment": "", "correction": ""}, {"id": 17, "group": "error", "startSelection": 1134, "endSelection": 1139, "explanation": "Повторение одинаковых и однокоренных слов.", "tag": "", "type": "Р.повтор", "subtype": "", "comment": "", "correction": ""}, {"id": 18, "group": "error", "startSelection": 1141, "endSelection": 1146, "explanation": "Повторение одного и того же слова.", "tag": "", "type": "Р.повтор", "subtype": "", "comment": "", "correction": ""}, {"id": 19, "group": "error", "startSelection": 1287, "endSelection": 1290, "explanation": "Повторение одного и того же слова.", "tag": "", "type": "Р.повтор", "subtype": "", "comment": "", "correction": ""}, {"id": 20, "group": "error", "startSelection": 1291, "endSelection": 1297, "explanation": "Повторение одного и того же слова.", "tag": "", "type": "Р.повтор", "subtype": "", "comment": "", "correction": ""}, {"id": 21, "group": "error", "startSelection": 1299, "endSelection": 1310, "explanation": "Предлог {\"вследствие\"} написан неправильно.", "tag": "message.txt: 3:8", "type": "А.лекс", "subtype": "конт", "comment": "", "correction": "Вследствие"}, {"id": 22, "group": "error", "startSelection": 1299, "endSelection": 1310, "explanation": "", "tag": "REPLACE_в+следствие_вследствие", "type": "А.лекс", "subtype": "конт", "comment": "", "correction": "Вследствие"}, {"id": 23, "group": "error", "startSelection": 1326, "endSelection": 1331, "explanation": "Повторение одного и того же слова.", "tag": "", "type": "Р.повтор", "subtype": "", "comment": "", "correction": ""}, {"id": 24, "group": "error", "startSelection": 1342, "endSelection": 1349, "explanation": "Повторение одного и того же слова в разных формах.", "tag": "", "type": "Р.повтор", "subtype": "", "comment": "", "correction": ""}, {"id": 25, "group": "error", "startSelection": 1350, "endSelection": 1353, "explanation": "Повторение одного и того же слова.", "tag": "", "type": "Р.повтор", "subtype": "", "comment": "", "correction": ""}, {"id": 26, "group": "error", "startSelection": 1354, "endSelection": 1360, "explanation": "Повторение одного и того же слова.", "tag": "", "type": "Р.повтор", "subtype": "", "comment": "", "correction": ""}, {"id": 27, "group": "error", "startSelection": 1385, "endSelection": 1388, "explanation": "Повторение одного и того же слова.", "tag": "", "type": "Р.повтор", "subtype": "", "comment": "", "correction": ""}, {"id": 28, "group": "error", "startSelection": 1400, "endSelection": 1403, "explanation": "Повторение одного и того же слова.", "tag": "", "type": "Р.повтор", "subtype": "", "comment": "", "correction": ""}, {"id": 29, "group": "error", "startSelection": 1412, "endSelection": 1420, "explanation": "Повторение одного и того же слова в разных формах.", "tag": "", "type": "Р.повтор", "subtype": "", "comment": "", "correction": ""}, {"id": 30, "group": "error", "startSelection": 1445, "endSelection": 1456, "explanation": "Повторение однокоренных слов.", "tag": "", "type": "Р.тавт", "subtype": "", "comment": "", "correction": ""}, {"id": 31, "group": "error", "startSelection": 1647, "endSelection": 1663, "explanation": "Повторение однокоренных слов.", "tag": "", "type": "Р.тавт", "subtype": "", "comment": "", "correction": ""}, {"id": 32, "group": "error", "startSelection": 1717, "endSelection": 1721, "explanation": "Повторение одного и того же слова.", "tag": "", "type": "Р.повтор", "subtype": "", "comment": "", "correction": ""}, {"id": 33, "group": "error", "startSelection": 1722, "endSelection": 1728, "explanation": "Повторение одного и того же слова.", "tag": "", "type": "Р.повтор", "subtype": "", "comment": "", "correction": ""}, {"id": 34, "group": "error", "startSelection": 1729, "endSelection": 1740, "explanation": "Повторение однокоренных слов.", "tag": "", "type": "Р.тавт", "subtype": "", "comment": "", "correction": ""}, {"id": 35, "group": "error", "startSelection": 1761, "endSelection": 1769, "explanation": "Повторение однокоренных слов.", "tag": "", "type": "Р.тавт", "subtype": "", "comment": "", "correction": ""}, {"id": 36, "group": "error", "startSelection": 1778, "endSelection": 1787, "explanation": "Повторение однокоренных слов.", "tag": "", "type": "Р.тавт", "subtype": "", "comment": "", "correction": ""}, {"id": 37, "group": "error", "startSelection": 1836, "endSelection": 1840, "explanation": "Повторение одного и того же слова.", "tag": "", "type": "Р.повтор", "subtype": "", "comment": "", "correction": ""}, {"id": 38, "group": "error", "startSelection": 1867, "endSelection": 1873, "explanation": "Повторение одного и того же слова.", "tag": "", "type": "Р.повтор", "subtype": "", "comment": "", "correction": ""}, {"id": 39, "group": "error", "startSelection": 1885, "endSelection": 1890, "explanation": "Повторение однокоренных слов.", "tag": "", "type": "Р.тавт", "subtype": "", "comment": "", "correction": ""}, {"id": 40, "group": "error", "startSelection": 1948, "endSelection": 1955, "explanation": "Повторение однокоренных слов.", "tag": "", "type": "Р.тавт", "subtype": "", "comment": "", "correction": ""}, {"id": 41, "group": "error", "startSelection": 2052, "endSelection": 2072, "explanation": "Слово «свой» в контекстах вроде «писатель в своём тексте рассказывает...» избыточно.", "tag": "", "type": "Р.ЛИШН", "subtype": "лишн", "comment": "", "correction": ""}, {"id": 42, "group": "error", "startSelection": 2117, "endSelection": 2128, "explanation": "Слово «свой» применительно к жизни часто избыточно, поскольку жизнь у человека всегда «своя».", "tag": "", "type": "Р.ЛИШН", "subtype": "лишн", "comment": "", "correction": ""}, {"id": 43, "group": "error", "startSelection": 2054, "endSelection": 2059, "explanation": "Повторение одного и того же слова в разных формах.", "tag": "", "type": "Р.повтор", "subtype": "", "comment": "", "correction": ""}, {"id": 44, "group": "error", "startSelection": 2117, "endSelection": 2122, "explanation": "Повторение одного и того же слова в разных формах.", "tag": "", "type": "Р.повтор", "subtype": "", "comment": "", "correction": ""}, {"id": 45, "group": "error", "startSelection": 2161, "endSelection": 2167, "explanation": "Повторение одного и того же слова в разных формах.", "tag": "", "type": "Р.повтор", "subtype": "", "comment": "", "correction": ""}, {"id": 46, "group": "error", "startSelection": 2198, "endSelection": 2206, "explanation": "Повторение однокоренных слов.", "tag": "", "type": "Р.тавт", "subtype": "", "comment": "", "correction": ""}, {"id": 47, "group": "error", "startSelection": 2240, "endSelection": 2247, "explanation": "Повторение однокоренных слов.", "tag": "", "type": "Р.тавт", "subtype": "", "comment": "", "correction": ""}, {"id": 48, "group": "error", "startSelection": 2486, "endSelection": 2491, "explanation": "", "tag": "REPLACE_рана_равный", "type": "А.лекс", "subtype": "конт", "comment": "", "correction": "равной"}, {"id": 49, "group": "error", "startSelection": 2555, "endSelection": 2565, "explanation": "Повторение однокоренных слов.", "tag": "", "type": "Р.тавт", "subtype": "", "comment": "", "correction": ""}, {"id": 50, "group": "error", "startSelection": 2614, "endSelection": 2623, "explanation": "Повторение однокоренных слов.", "tag": "", "type": "Р.тавт", "subtype": "", "comment": "", "correction": ""}, {"id": 51, "group": "error", "startSelection": 2733, "endSelection": 2744, "explanation": "Слово «свой» применительно к словам, обозначающим отношение (друг, сестра, коллега) часто избыточно.", "tag": "", "type": "Р.ЛИШН", "subtype": "лишн", "comment": "", "correction": ""}, {"id": 52, "group": "error", "startSelection": 2780, "endSelection": 2786, "explanation": "", "tag": "REPLACE_то+же_тоже", "type": "А.лекс", "subtype": "конт", "comment": "", "correction": "также"}, {"id": 53, "group": "error", "startSelection": 2780, "endSelection": 2783, "explanation": "Повторение одного и того же слова.", "tag": "", "type": "Р.повтор", "subtype": "", "comment": "", "correction": ""}, {"id": 54, "group": "error", "startSelection": 2849, "endSelection": 2852, "explanation": "Повторение одного и того же слова.", "tag": "", "type": "Р.повтор", "subtype": "", "comment": "", "correction": ""}, {"id": 55, "group": "error", "startSelection": 2963, "endSelection": 2966, "explanation": "Повторение одного и того же слова.", "tag": "", "type": "Р.повтор", "subtype": "", "comment": "", "correction": ""}, {"id": 56, "group": "error", "startSelection": 2976, "endSelection": 2982, "explanation": "", "tag": "REPLACE_то+же_тоже", "type": "А.лекс", "subtype": "конт", "comment": "", "correction": "Также"}, {"id": 57, "group": "error", "startSelection": 2976, "endSelection": 2979, "explanation": "Повторение одного и того же слова.", "tag": "", "type": "Р.повтор", "subtype": "", "comment": "", "correction": ""}, {"id": 58, "group": "error", "startSelection": 3101, "endSelection": 3104, "explanation": "Повторение одного и того же слова.", "tag": "", "type": "Р.повтор", "subtype": "", "comment": "", "correction": ""}, {"id": 59, "group": "error", "startSelection": 3125, "endSelection": 3128, "explanation": "Повторение одного и того же слова.", "tag": "", "type": "Р.повтор", "subtype": "", "comment": "", "correction": ""}, {"id": 60, "group": "error", "startSelection": 3222, "endSelection": 3229, "explanation": "Нет существительных, согласующихся с прилагательным {\"храбрых\"}.", "tag": "message.txt: 2:3", "type": "А.лекс", "subtype": "конт", "comment": "", "correction": ""}, {"id": 61, "group": "error", "startSelection": 3339, "endSelection": 3343, "explanation": "Повторение одного и того же слова.", "tag": "", "type": "Р.повтор", "subtype": "", "comment": "", "correction": ""}, {"id": 62, "group": "error", "startSelection": 3348, "endSelection": 3351, "explanation": "Повторение одного и того же слова в разных формах.", "tag": "", "type": "Р.повтор", "subtype": "", "comment": "", "correction": ""}, {"id": 63, "group": "error", "startSelection": 3467, "endSelection": 3471, "explanation": "Повторение одного и того же слова в разных формах.", "tag": "", "type": "Р.повтор", "subtype": "", "comment": "", "correction": ""}, {"id": 64, "group": "error", "startSelection": 3552, "endSelection": 3588, "explanation": "Два глагола соединены союзом: возможно, что  {\"вернутся\"}, как и  {\"смериться\"}, - инфинитив (в котором пропущен \"ь\"). Либо пропущена запятая в сложном предложении (перед союзом и/или).", "tag": "INF_P_A.doc -917294415", "type": "А.лекс", "subtype": "конт", "comment": "", "correction": ""}, {"id": 65, "group": "error", "startSelection": 3558, "endSelection": 3567, "explanation": "Два глагола соединены союзом: возможно, что  {\"вернутся\"}, как и  {\"смериться\"}, - инфинитив (в котором пропущен \"ь\"). Либо пропущена запятая в сложном предложении (перед союзом и/или).", "tag": "INF_P_A.doc -917294415", "type": "А.лекс", "subtype": "конт", "comment": "", "correction": ""}, {"id": 66, "group": "error", "startSelection": 3570, "endSelection": 3578, "explanation": "Два глагола соединены союзом: возможно, что  {\"вернутся\"}, как и  {\"смериться\"}, - инфинитив (в котором пропущен \"ь\"). Либо пропущена запятая в сложном предложении (перед союзом и/или).", "tag": "INF_P_A.doc -917294415", "type": "А.лекс", "subtype": "конт", "comment": "", "correction": ""}, {"id": 67, "group": "error", "startSelection": 3570, "endSelection": 3578, "explanation": "", "tag": "REPLACE_тся_ться", "type": "А.лекс", "subtype": "конт", "comment": "", "correction": "вернуться"}, {"id": 68, "group": "error", "startSelection": 3499, "endSelection": 3502, "explanation": "Повторение одного и того же слова в разных формах.", "tag": "", "type": "Р.повтор", "subtype": "", "comment": "", "correction": ""}, {"id": 69, "group": "error", "startSelection": 3503, "endSelection": 3508, "explanation": "Повторение одного и того же слова в разных формах.", "tag": "", "type": "Р.повтор", "subtype": "", "comment": "", "correction": ""}, {"id": 70, "group": "error", "startSelection": 3530, "endSelection": 3533, "explanation": "Повторение одного и того же слова в разных формах.", "tag": "", "type": "Р.повтор", "subtype": "", "comment": "", "correction": ""}, {"id": 71, "group": "error", "startSelection": 3547, "endSelection": 3551, "explanation": "Повторение одного и того же слова в разных формах.", "tag": "", "type": "Р.повтор", "subtype": "", "comment": "", "correction": ""}, {"id": 72, "group": "error", "startSelection": 3552, "endSelection": 3557, "explanation": "Повторение однокоренных слов.", "tag": "", "type": "Р.тавт", "subtype": "", "comment": "", "correction": ""}, {"id": 73, "group": "error", "startSelection": 3558, "endSelection": 3567, "explanation": "Повторение одного и того же слова.", "tag": "", "type": "Р.повтор", "subtype": "", "comment": "", "correction": ""}, {"id": 74, "group": "error", "startSelection": 3610, "endSelection": 3616, "explanation": "Повторение одного и того же слова в разных формах.", "tag": "", "type": "Р.повтор", "subtype": "", "comment": "", "correction": ""}, {"id": 75, "group": "error", "startSelection": 3639, "endSelection": 3647, "explanation": "Повторение однокоренных слов.", "tag": "", "type": "Р.тавт", "subtype": "", "comment": "", "correction": ""}, {"id": 76, "group": "error", "startSelection": 3668, "endSelection": 3677, "explanation": "Повторение одного и того же слова.", "tag": "", "type": "Р.повтор", "subtype": "", "comment": "", "correction": ""}, {"id": 77, "group": "error", "startSelection": 3726, "endSelection": 3731, "explanation": "Повторение одного и того же слова в разных формах.", "tag": "", "type": "Р.повтор", "subtype": "", "comment": "", "correction": ""}, {"id": 78, "group": "error", "startSelection": 3733, "endSelection": 3744, "explanation": "Повторение однокоренных слов.", "tag": "", "type": "Р.тавт", "subtype": "", "comment": "", "correction": ""}, {"id": 79, "group": "error", "startSelection": 3747, "endSelection": 3753, "explanation": "Повторение одного и того же слова в разных формах.", "tag": "", "type": "Р.повтор", "subtype": "", "comment": "", "correction": ""}, {"id": 80, "group": "error", "startSelection": 3755, "endSelection": 3760, "explanation": "Повторение однокоренных слов.", "tag": "", "type": "Р.тавт", "subtype": "", "comment": "", "correction": ""}, {"id": 82, "group": "meaning", "startSelection": 0, "endSelection": 78, "type": "ПРОБЛЕМА", "subtype": "", "explanation": "", "correction": "", "tag": "", "comment": ""}, {"id": 83, "group": "meaning", "startSelection": 173, "endSelection": 533, "type": "ПОЯСНЕНИЕ", "subtype": "", "explanation": "", "correction": "", "tag": "", "comment": ""}, {"id": 84, "group": "meaning", "startSelection": 534, "endSelection": 635, "type": "ПРИМЕР", "subtype": "", "explanation": "", "correction": "", "tag": "", "comment": ""}, {"id": 85, "group": "meaning", "startSelection": 636, "endSelection": 1423, "type": "ПОЯСНЕНИЕ", "subtype": "", "explanation": "", "correction": "", "tag": "", "comment": ""}, {"id": 86, "group": "meaning", "startSelection": 1563, "endSelection": 3838, "type": "ОТНОШЕНИЕ", "subtype": "", "explanation": "", "correction": "", "tag": "", "comment": ""}]}