{"meta": {"uuid": "6ca68509-f3ca-4c07-bf85-a57fde679f41", "id": "0008651", "name": "0008651_ru_rus_kakovo_vliyanie_voyny_na_jizn_cheloveka_noexp.txt", "subject": "rus", "test": "егэ тренировка", "category": "", "year": 2020, "class": "11", "theme": "Каково влияние войны на жизнь человека? (По тексту Л.Н. Андреева)", "taskText": "(1)Из самовара пар валил, как из паровоза, — даже стекло в лампе немного затуманилось: так сильно шёл пар. (2)И чашечки были те же, синие снаружи и белые внутри, очень красивые чашечки, которые подарили нам ещё на свадьбе. (З)Сестра жены подарила — она очень славная и добрая женщина.\n— (4)Неужели все уцелели? — недоверчиво спросил я, мешая сахар в стакане серебряной чистой ложечкой.\n— (5)Одна разбилась, — ответила жена рассеянно: она в это время держала отвёрнутым кран, и оттуда красиво и легко бежала горячая вода.\n(6)Я засмеялся.\n— (7)Чего ты? — спросил брат.\n—(8)Так. (9)Ну, отвезите-ка меня ещё разок в кабинетик. (10)Потрудитесь для героя! (11)Побездельничали без меня, теперь баста, я вас подтяну, — и я в шутку, конечно, запел: «Мы храбро на врагов, на бой, друзья, спешим...»\n(12)Они поняли шутку и тоже улыбнулись, только жена не подняла лица: она перетирала чашечки чистым вышитым полотенцем. (13)В кабинете я снова увидел голубенькие обои, лампу с зелёным колпаком и столик, на котором стоял графин с водою. (14)И он был немного запылён.\n—(15)Налейте-ка мне водицы отсюда, — весело приказал я.\n—(16)Ты же сейчас пил чай.\n— (17)Ничего, ничего, налейте. (18)А ты, — сказал я жене, — возьми сынишку и посиди немножко в той комнате. (19)Пожалуйста.\n(20)И маленькими глотками, наслаждаясь, я пил воду, а в соседней комнате сидели жена и сын, и я их не видел.\n— (21)Так, хорошо. (22)Теперь идите сюда. (23)Но отчего он так поздно не ложится спать?\n— (24)Он рад, что ты вернулся. (25)Милый, пойди к отцу.\n(26)Но ребёнок заплакал и спрятался у матери в ногах.\n— (27)Отчего он плачет? — с недоумением спросил я и оглянулся кругом. — (28)Отчего вы все так бледны, и молчите, и ходите за мною, как тени?\n(29) Брат громко засмеялся и сказал:\n— Мы не молчим.\n(30) И сестра повторила:\n— (31)Мы всё время разговариваем.\n— (32)Я похлопочу об ужине, — сказала мать и торопливо вышла.\n— (33)Да, вы молчите, — с неожиданной уверенностью повторил я. — (34) С самого утра я не слышу от вас слова, я только один болтаю, смеюсь, радуюсь. (35) Разве вы не рады мне? (36)И почему вы все избегаете смотреть на меня, разве я так переменился? (37)Да, так переменился. (38)Я и зеркал не вижу. (39)Вы их убрали? (40)Дайте сюда зеркало.\n— (41)Сейчас я принесу, — ответила жена и долго не возвращалась, и зеркальце принесла горничная. (42)Я посмотрел в него, и — я уже видел себя в вагоне, на вокзале — это было то же лицо, немного постаревшее, но самое обыкновенное. (43)И они, кажется, ожидали почему-то, что я вскрикну и упаду в обморок, — так обрадовались они, когда я спокойно спросил:\n— Что же тут необыкновенного?\n(44)Всё громче смеясь, сестра поспешно вышла, а брат сказал уверенно и спокойно:\n— Да. (45)Ты мало изменился. (46)Полысел немного.\n— (47)Поблагодари и за то, что голова осталась, — равнодушно ответил я. — (48)Но куда они все убегают: то одна, то другая. (49)Повози-ка меня ещё по комнатам. (50)Какое удобное кресло, совершенно бесшумное. (51)Сколько заплатили? (52)А я уж не пожалею денег: куплю себе такие ноги, лучше... (53)Велосипед!\n(54)Он висел на стене, совсем ещё новый, только с опавшими без воздуха шинами. (55)На шине заднего колеса присох кусочек грязи — от последнего раза, когда я катался. (56)Брат молчал и не двигал кресла, и я понял это молчание и эту нерешительность.\n— (57)В нашем полку только четыре офицера осталось в живых, — угрюмо сказал я. — (58)Я очень счастлив... (59)А его возьми себе, завтра возьми.\n— (60)Хорошо, я возьму, — покорно согласился брат. — (61)Да, ты счастлив. (62)У нас полгорода в трауре. (63)А ноги — это, право...\n— (64)Конечно. (65)Я не почтальон.\n(66)Брат внезапно остановился и спросил: — А отчего у тебя трясётся голова?\n— (67)Пустяки. (68)Это пройдёт, доктор сказал!\n—(69)И руки тоже?\n— (70)Да, да. (71)И руки. (72)Всё пройдет. (73)Вези, пожалуйста, мне надоело стоять.\n(74)Они расстроили меня, эти недовольные люди, но радость снова вернулась ко мне, когда мне стеши приготовлять постель — настоящую постель, на красивой кровати, на кровати, которую я купил перед свадьбой, четыре года тому назад. (75)Постлали чистую простыню, потом взбили подушки, завернули одеяло — а я смотрел на эту торжественную церемонию, и в глазах у меня стояли слёзы от смеха.\n— (76)А теперь раздень-ка меня и положи, — сказал я жене. — (77)Как хорошо!\n— (78)Сейчас, милый.\n— (79)Поскорее!\n— (80)Сейчас, милый.\n— (81)Да что же ты?\n— (82)Сейчас, милый.\n(83)Она стояла за моею спиною, и я тщетно поворачивал голову, чтобы увидеть её. (84)И вдруг она закричала, так закричала, как кричат только на войне:\n— Что же это! — (85)И бросилась ко мне, обняла, упала около меня, пряча голову у отрезанных ног, с ужасом отстраняясь от них и снова припадая, целуя эти обрезки и плача.\n—(86)Какой ты был! (87)Ведь тебе только тридцать лет. (88)Молодой, красивый был. (89)Что же это! (90)Как жестоки люди. (91)3ачем это? (92)Кому это нужно было? (93)Ты, мой кроткий, мой жалкий, мой милый, милый...\n(94)И тут на крик прибежали все они, и мать, и сестра, и нянька, и все они плакали, говорили что-то, валялись у моих ног и так плакали. (95)А на пороге стоял брат, бледный, совсем белый, с трясущейся челюстью, и визгливо кричал:\n— Я тут с вами с ума сойду. (96)С ума сойду!\n(97)А мать ползала у кресла и уже не кричала, а хрипела только и билась головой о колёса. (98)И чистенькая, со взбитыми подушками, с завёрнутым одеялом, стояла кровать, та самая, которую я купил четыре года назад — перед свадьбой...\n"}, "text": "Война… Сколько скорби и боли в этом слове… В ходе кровопролитных схваток погибли миллионы людей, были разрушены семьи. Каково влияние войны на жизнь человека? Об этом размышляет Л. Андреев в своем тексте.\nРаскрывая проблему, автор приводит примеры, дополняющие друг друга. Андреев повествует о встрече солдата, недавно вернувшегося с войны, с близкими. Мы видим, что рассказчик рад вернуться домой. Боец в ходе сражений лишился обеих ног. По этой причине он вынужден находиться в коляске. Рассказчик вспоминает о том, что у него есть велосипед. По известной нам причине он не может воспользоваться им и принимает решение отдать велосипед своему брату. Война изменила бойца не только внешне. Рассказчик стал обращать внимание на обычные вещи, те, которым в повседневной жизни не придавал какое-то значение. После понесённых им утрат солдат в первый раз видит знакомую кровать, которую он «купил перед свадьбой, четыре года назад». Он замечает чашечки, подаренные сестрой жены на свадьбе. Всё в этом доме напоминает ему о счастливом прошлом. Эти воспоминания остаются самими яркими и светлыми для солдата. Мужчина рассказал, что в его полку многие оказались убиты. Война повлияла и на судьбу этого солдата. Так, автор показывает, что война разрушает жизнь каждого её участника. Человек меняется не только внешне, но и внутренне. Он осознает ценность каждого прожитого момента. Наверно, любой человек, прошедший через горнило войны, не сможет забыть это беспощадное время.\nВойна- горе, скорбь и боль не только одного бойца, но и всей его семьи. Автор убеждает нас в этом на примере семьи рассказчика. Его родные в ужасе смотрят на него. Родственники тяжело переживают страдания рассказчика. Истерика, слёзы — всё это испытывает каждый член семьи. Пусть родные и скрывают настоящие эмоции и улыбаются, им не удается обмануть бойца, который понимает, что на самом деле каждый из них чувствует неудержимую боль. Так, оба примера показывают нам, что война влияет не на одного человека, ее участника, а на всю его семью. Каждый из них испытывает глубочайшие переживания.\nПозиция автора ясна: война — самое страшное событие в жизни человека. Она рушит судьбы миллионов людей. Война может сильно повлиять на человека и отнять у него многое: жизнь, здоровье, родных и близких, оставив после себя лишь горькие воспоминания, которые не сотрутся из памяти спустя время. Эта боль останется с человеком.\nЯ полностью согласен с мнением автора и считаю, что война жестока и беспощадна. Страдают целые семьи. Война разрушает судьбы людей, лишает их смысла жизни. Человеку очень трудно жить с этой всепоглощающей болью, но очень важно найти в себе силы двигаться дальше. Чтобы подтвердить это, приведу пример из рассказа Михаила Шолохова «Судьба человека». Андрей Соколов, главный герой произведения, в ходе войны лишился всей своей семьи. Потеряв смысл жизни, Андрей отчаялся. Найти новый смысл жить и двигаться дальше ему помогла встреча с сиротой Ванюшкой, родители которого были убиты. Благодаря любви к мальчику, вере в светлое будущее, жизнь героя вновь заиграла яркими красками.\nТак к какому же выводу я пришел? Война — это кровопролитие, боль, страдания. Она разрушает судьбы людей, отнимает самое ценное. Поэтому очень важно решать любой конфликт мирным путём.", "fileName": "0008651.json", "selections": [{"id": 0, "group": "error", "startSelection": 189, "endSelection": 203, "explanation": "Слово «свой» в контекстах вроде «писатель в своём тексте рассказывает...» избыточно.", "tag": "", "type": "Р.ЛИШН", "subtype": "лишн", "comment": "", "correction": ""}, {"id": 1, "group": "error", "startSelection": 319, "endSelection": 331, "explanation": "Повторение одного и того же слова в разных формах.", "tag": "", "type": "Р.повтор", "subtype": "", "comment": "", "correction": ""}, {"id": 2, "group": "error", "startSelection": 382, "endSelection": 391, "explanation": "Повторение одного и того же слова в разных формах.", "tag": "", "type": "Р.повтор", "subtype": "", "comment": "", "correction": ""}, {"id": 3, "group": "error", "startSelection": 406, "endSelection": 410, "explanation": "Повторение однокоренных слов.", "tag": "", "type": "Р.тавт", "subtype": "", "comment": "", "correction": ""}, {"id": 4, "group": "error", "startSelection": 467, "endSelection": 477, "explanation": "Повторение однокоренных слов.", "tag": "", "type": "Р.тавт", "subtype": "", "comment": "", "correction": ""}, {"id": 5, "group": "error", "startSelection": 534, "endSelection": 543, "explanation": "Повторение одного и того же слова.", "tag": "", "type": "Р.повтор", "subtype": "", "comment": "", "correction": ""}, {"id": 6, "group": "error", "startSelection": 638, "endSelection": 650, "explanation": "Слово «свой» применительно к словам, обозначающим отношение (друг, сестра, коллега) часто избыточно.", "tag": "", "type": "Р.ЛИШН", "subtype": "лишн", "comment": "", "correction": ""}, {"id": 7, "group": "error", "startSelection": 628, "endSelection": 637, "explanation": "Повторение одного и того же слова.", "tag": "", "type": "Р.повтор", "subtype": "", "comment": "", "correction": ""}, {"id": 8, "group": "error", "startSelection": 775, "endSelection": 804, "explanation": "\"Не придавать (чему-л.) значения\" - устойчивое словосочетание, например: не придавайте значения этим замечаниям.", "tag": "NEGATIVE.doc -1048628299", "type": "А.лекс", "subtype": "конт", "comment": "", "correction": ""}, {"id": 9, "group": "error", "startSelection": 775, "endSelection": 804, "explanation": "Если при глаголе есть отрицание, прямое дополнение имеет форму родительного падежа: «не придавать значения».", "tag": "", "type": "Г.УПР", "subtype": "упр", "comment": "", "correction": ""}, {"id": 10, "group": "error", "startSelection": 826, "endSelection": 838, "explanation": "Нарушение лексической сочетаемости. Правильный вариант: \"потеря\" или \"смерть\".", "tag": "Lexerr.doc 875510142", "type": "А.лекс", "subtype": "конт", "comment": "", "correction": ""}, {"id": 11, "group": "error", "startSelection": 900, "endSelection": 908, "explanation": "Повторение одного и того же слова в разных формах.", "tag": "", "type": "Р.повтор", "subtype": "", "comment": "", "correction": ""}, {"id": 12, "group": "error", "startSelection": 942, "endSelection": 949, "explanation": "Разговорное выражение, придающее тексту непринуждённый характер.", "tag": "RAZG.doc bd924e2ef", "type": "А.лекс", "subtype": "конт", "comment": "", "correction": ""}, {"id": 13, "group": "error", "startSelection": 978, "endSelection": 985, "explanation": "Повторение одного и того же слова в разных формах.", "tag": "", "type": "Р.повтор", "subtype": "", "comment": "", "correction": ""}, {"id": 14, "group": "error", "startSelection": 1003, "endSelection": 1013, "explanation": "Повторение однокоренных слов.", "tag": "", "type": "Р.тавт", "subtype": "", "comment": "", "correction": ""}, {"id": 15, "group": "error", "startSelection": 1044, "endSelection": 1056, "explanation": "Повторение однокоренных слов.", "tag": "", "type": "Р.тавт", "subtype": "", "comment": "", "correction": ""}, {"id": 16, "group": "error", "startSelection": 1163, "endSelection": 1168, "explanation": "Повторение одного и того же слова.", "tag": "", "type": "Р.повтор", "subtype": "", "comment": "", "correction": ""}, {"id": 17, "group": "error", "startSelection": 1232, "endSelection": 1237, "explanation": "Повторение одного и того же слова.", "tag": "", "type": "Р.повтор", "subtype": "", "comment": "", "correction": ""}, {"id": 18, "group": "error", "startSelection": 1423, "endSelection": 1428, "explanation": "Повторение одного и того же слова в разных формах.", "tag": "", "type": "Р.повтор", "subtype": "", "comment": "", "correction": ""}, {"id": 19, "group": "error", "startSelection": 1474, "endSelection": 1476, "explanation": "Не хватает пробела.", "tag": "message.txt: 4:0", "type": "А.лекс", "subtype": "конт", "comment": "", "correction": "а -"}, {"id": 20, "group": "error", "startSelection": 1470, "endSelection": 1476, "explanation": "Повторение одного и того же слова в разных формах.", "tag": "", "type": "Р.повтор", "subtype": "", "comment": "", "correction": ""}, {"id": 21, "group": "error", "startSelection": 2537, "endSelection": 2542, "explanation": "Повторение однокоренных слов.", "tag": "", "type": "Р.тавт", "subtype": "", "comment": "", "correction": ""}, {"id": 22, "group": "error", "startSelection": 2566, "endSelection": 2570, "explanation": "Повторение однокоренных слов.", "tag": "", "type": "Р.тавт", "subtype": "", "comment": "", "correction": ""}, {"id": 23, "group": "error", "startSelection": 2828, "endSelection": 2833, "explanation": "Повторение одного и того же слова.", "tag": "", "type": "Р.повтор", "subtype": "", "comment": "", "correction": ""}, {"id": 24, "group": "error", "startSelection": 2834, "endSelection": 2839, "explanation": "Повторение одинаковых и однокоренных слов.", "tag": "", "type": "Р.тавт", "subtype": "", "comment": "", "correction": ""}, {"id": 25, "group": "error", "startSelection": 2870, "endSelection": 2875, "explanation": "Повторение одного и того же слова.", "tag": "", "type": "Р.повтор", "subtype": "", "comment": "", "correction": ""}, {"id": 26, "group": "error", "startSelection": 2876, "endSelection": 2880, "explanation": "Повторение одинаковых и однокоренных слов.", "tag": "", "type": "Р.тавт", "subtype": "", "comment": "", "correction": ""}, {"id": 27, "group": "error", "startSelection": 3022, "endSelection": 3027, "explanation": "Повторение одинаковых и однокоренных слов.", "tag": "", "type": "Р.тавт", "subtype": "", "comment": "", "correction": ""}, {"id": 28, "group": "error", "startSelection": 3180, "endSelection": 3185, "explanation": "Нет существительных, согласующихся с прилагательным {\"самое\"}.", "tag": "message.txt: 2:3", "type": "А.лекс", "subtype": "конт", "comment": "", "correction": ""}, {"id": 30, "group": "meaning", "startSelection": 0, "endSelection": 204, "type": "ПРОБЛЕМА", "subtype": "", "explanation": "", "correction": "", "tag": "", "comment": ""}, {"id": 31, "group": "meaning", "startSelection": 205, "endSelection": 272, "type": "ПРИМЕР", "subtype": "", "explanation": "", "correction": "", "tag": "", "comment": ""}, {"id": 32, "group": "meaning", "startSelection": 273, "endSelection": 488, "type": "ПОЯСНЕНИЕ", "subtype": "", "explanation": "", "correction": "", "tag": "", "comment": ""}, {"id": 33, "group": "meaning", "startSelection": 489, "endSelection": 544, "type": "ПРИМЕР", "subtype": "", "explanation": "", "correction": "", "tag": "", "comment": ""}, {"id": 34, "group": "meaning", "startSelection": 545, "endSelection": 1204, "type": "ПОЯСНЕНИЕ", "subtype": "", "explanation": "", "correction": "", "tag": "", "comment": ""}, {"id": 35, "group": "meaning", "startSelection": 1205, "endSelection": 1469, "type": "ПОЗИЦИЯ", "subtype": "", "explanation": "", "correction": "", "tag": "", "comment": ""}, {"id": 36, "group": "meaning", "startSelection": 1470, "endSelection": 1905, "type": "ПОЗИЦИЯ", "subtype": "", "explanation": "", "correction": "", "tag": "", "comment": ""}, {"id": 37, "group": "meaning", "startSelection": 1906, "endSelection": 2062, "type": "СВЯЗЬ", "subtype": "", "explanation": "", "correction": "", "tag": "", "comment": ""}, {"id": 38, "group": "meaning", "startSelection": 2063, "endSelection": 2387, "type": "ПОЗИЦИЯ", "subtype": "", "explanation": "", "correction": "", "tag": "", "comment": ""}, {"id": 39, "group": "meaning", "startSelection": 2388, "endSelection": 3249, "type": "ОТНОШЕНИЕ", "subtype": "", "explanation": "", "correction": "", "tag": "", "comment": ""}]}