{"meta": {"uuid": "160d67c3-8f1e-409e-bde2-e3d6f6d57b53", "id": "0008970", "name": "0008970_ru_rus_problema_osoznaniya_togo_chto_je_neobhodimo_chtoby_preodolet_suetu_obydennosti_gorodskih_jiteley_noexp.txt", "subject": "rus", "test": "егэ тренировка", "category": "", "year": 2020, "class": "11", "theme": "Проблема осознания того, что же необходимо, чтобы преодолеть суету обыденности городских жителей (По тексту Д. Миронова)", "taskText": "Мелочная, непрекращаемая возня каждодневных суетных дел способна свести с ума даже самого уравновешенного человека. Жизнь современного цивилизованного общества накладывает довольно жесткие рамки необходимости на сферу так называемой свободы человека. В мегаполисе человек свободен только в том, чтобы соответствовать и подчиняться идеалу городского жителя.\nНо что значит быть городским жителем?\nЗначит жительствовать среди машин, обживать пространство вокруг себя, которое отчуждено и механизировано. Городской житель — раб своих машин, однако воображает обратное: будто машины служат ему и делают его бытие более комфортным. Такой житель постепенно утрачивает связь с природой, да и вообще с живым. Истончается связь и с самим собой, — поскольку машинерия развращает человека, приучая его к пассивности, — все сделает машина, справит любые дела и решит проблемы: только научись нажимать нужные кнопки. Все мы учимся только тому, чтобы правильно нажимать на кнопки, к стыду своему, до сих пор не обнаруживая таковых на своем теле. Но они должны быть, и скоро, если их и не найдут господа ученые, то, по крайней мере, убедят нас в том, что человек есть один из механизмов — только и всего.\nНо на вершине этих познаний остается экзистенциальный вакуум и пустота.\nОднако и эта пустота никогда не бывает совершенно пустой. Может быть, окажись мы в полной пустоте, мы смогли бы услышать, как она звучит, — родилась бы подлинная поэзия. Но беда в том, что пустота всегда замусорена различными шумами суеты.\nЖизнь заставляет нас шевелиться, чтобы не отдать окончательно концы. Жизнь городов приносит не размеренный гармоничный труд, но суету. Надо то, надо это, там что-то сломалось не вовремя, разумеется, — и все очень важно и необходимо. Жизнь утекает на важные дела, которые не составляют, к сожалению, главного и искомого.\nСуета, словно ветряная мельница, рано или поздно открывается перед каждым человеком. Отправляясь этаким донкихотом в длинный путь жизни, каждый человек искренне полагает, что на нем будет множество романтических приключений и небывалых историй. Однако при встрече с самой первой же ветряной мельницей наш герой надолго, если не навсегда, застрянет около нее. Суета только первый пробный камень испытаний на пути жизни. Ее нужно преодолеть, чтобы идти дальше. Ведь будут и другие мельницы.\nТак что же нужно для того, чтобы преодолеть суету обыденности?\n"}, "text": "В двадцать первом веке большинство людей живут в городах. Но действительно ли это так удобно, ведь в наше время мегаполисы устанавливают особо жесткие временные условия для нормальной жизни человека. Данила Андреевич Миронов в одном из своих текстов поднимает проблему осознания того, что же необходимо, чтобы преодолеть суету обыденности городских жителей.\nАвтор раскрывает проблему на примере своих размышлений о том, что жизнь заставляет нас шевелиться, однако это не всегда приносит лишь плоды нашего труда, а в основном лишь суету. Мы видим, что жизнь утекает и, возможно, мы не замечаем чего-то очень важного, то заслуживает большего внимания, чем бесконечная гонка событий. Публицист пытается убедить читателя в том, что в скором времени мы будем уверены что городской житель — лишь один из механизмов.\nАвтор считает, что суета — всего лишь один из немногих камней преткновения, которые встречаются каждому человеку на пути жизни, но лишь немногие могут преодолеть их и идти дальше. Данила Миронов убежден, что эта беспробудность и мелочная возня «способна свести с ума даже самого уравновешенного человека». Эссеист уверен, что жизнь утекает на дела, которые не являются чем то главным или искомым.\nЯ полностью согласен с позицией автора, так как уверен, что серые будни страшнее любого оружия - они отнимают у людей вдохновение, желание творить, а это является основополагающими пунктами смысла жизни, и если кто-то утонет в этой каждодневной суете, то лишиться всего, что делает его человеком. Я разделяю авторскую позицию касательно того, что нельзя воспринимать труд как лишенную смысла работу по принуждению, так как нужно искать в ней некую романтику, чувствовать все тонкости, получать удовольствие от результатов своей деятельности.\nВ романе Фёдора Михайловича Достоевского \"Преступление и наказание\" главный герой Раскольников каждый день жил с единой целью и мыслью — успеть незаметно проникнуть мимо хозяйки, который он должен был платить за его комнатушку. Разве может человек жить с такими низкими мечтами? Вероятно, это было одной из причин, по которой Раскольников считал, что он абсолютно незаметен в таком огромном городе как Петербург, а затем и одной из причин будущего преступления.\nВ рассказе Ивана Алексеевича Бунина \"Господин из Сан-Франциско\" для главного героя все дни были как один, потому что единственной преследуемой целью главного героя было накопление капитала. Безымянный господин не видел смысла жизни ни в любви, ни в семье и потому во время их совместного отдыха он практически не разговаривает ни с женой, ни с дочерью, так как они не могут постоянно беседовать лишь о деньгах. Мы видим героя, который якобы имеет цель жизни, однако её достижение стало уже обыденностью, на которой зациклился главный герой.\nТаким образом, мы видим, что действительно каждый сам создает себе возможность для преодоления обыденности и серых будней, ведь не стоит ждать, что кто-то придет и начнет создавать праздник — нужно творить, сочинять, затейничать самому, вдохновлять на это других - людям необходимо уметь преодолеть суету обыденности и задать свой ритм и темп жизни, чтобы иметь возможность обратить внимание на то, что действительно важно.", "fileName": "0008970.json", "selections": [{"id": 0, "group": "error", "startSelection": 184, "endSelection": 189, "explanation": "Повторение одинаковых и однокоренных слов.", "tag": "", "type": "Р.тавт", "subtype": "", "comment": "", "correction": ""}, {"id": 1, "group": "error", "startSelection": 250, "endSelection": 268, "explanation": "Проблему можно «поставить», «выдвинуть», «обозначить» или «рассмотреть», но лучше ее не «поднимать».", "tag": "", "type": "Р.СОЧЕТ", "subtype": null, "comment": "", "correction": ""}, {"id": 2, "group": "error", "startSelection": 327, "endSelection": 338, "explanation": "Устаревшее слово. В современном тексте оно имеет архаический характер.", "tag": "Ustar.doc 354ca2ab6", "type": "А.лекс", "subtype": "конт", "comment": "", "correction": ""}, {"id": 3, "group": "error", "startSelection": 236, "endSelection": 241, "explanation": "Повторение одного и того же слова.", "tag": "", "type": "Р.повтор", "subtype": "", "comment": "", "correction": ""}, {"id": 4, "group": "error", "startSelection": 349, "endSelection": 356, "explanation": "Повторение одинаковых и однокоренных слов.", "tag": "", "type": "Р.тавт", "subtype": "", "comment": "", "correction": ""}, {"id": 5, "group": "error", "startSelection": 395, "endSelection": 400, "explanation": "Повторение одного и того же слова.", "tag": "", "type": "Р.повтор", "subtype": "", "comment": "", "correction": ""}, {"id": 6, "group": "error", "startSelection": 424, "endSelection": 429, "explanation": "Повторение одинаковых и однокоренных слов.", "tag": "", "type": "Р.тавт", "subtype": "", "comment": "", "correction": ""}, {"id": 7, "group": "error", "startSelection": 487, "endSelection": 491, "explanation": "Повторение одного и того же слова.", "tag": "", "type": "Р.повтор", "subtype": "", "comment": "", "correction": ""}, {"id": 8, "group": "error", "startSelection": 525, "endSelection": 529, "explanation": "Повторение одного и того же слова.", "tag": "", "type": "Р.повтор", "subtype": "", "comment": "", "correction": ""}, {"id": 9, "group": "error", "startSelection": 551, "endSelection": 556, "explanation": "Повторение одинаковых и однокоренных слов.", "tag": "", "type": "Р.тавт", "subtype": "", "comment": "", "correction": ""}, {"id": 10, "group": "error", "startSelection": 785, "endSelection": 789, "explanation": "Повторение одного и того же слова.", "tag": "", "type": "Р.повтор", "subtype": "", "comment": "", "correction": ""}, {"id": 11, "group": "error", "startSelection": 790, "endSelection": 794, "explanation": "Повторение одного и того же слова.", "tag": "", "type": "Р.повтор", "subtype": "", "comment": "", "correction": ""}, {"id": 12, "group": "error", "startSelection": 843, "endSelection": 847, "explanation": "Повторение одного и того же слова.", "tag": "", "type": "Р.повтор", "subtype": "", "comment": "", "correction": ""}, {"id": 13, "group": "error", "startSelection": 848, "endSelection": 852, "explanation": "Повторение одного и того же слова.", "tag": "", "type": "Р.повтор", "subtype": "", "comment": "", "correction": ""}, {"id": 14, "group": "error", "startSelection": 1179, "endSelection": 1185, "explanation": "Возможно, слово {\"то\"} - частица, а не местоимение. Тогда она пишется через дефис с предшествующим местоимением или наречием.", "tag": "Equivale.doc 2067419613", "type": "А.лекс", "subtype": "конт", "comment": "", "correction": ""}, {"id": 15, "group": "error", "startSelection": 1179, "endSelection": 1185, "explanation": "", "tag": "REPLACE_кто+то_кто-то", "type": "А.лекс", "subtype": "конт", "comment": "", "correction": "чем - то"}, {"id": 16, "group": "error", "startSelection": 1462, "endSelection": 1470, "explanation": "", "tag": "REPLACE_ться_тся", "type": "А.лекс", "subtype": "конт", "comment": "", "correction": "лишится"}, {"id": 17, "group": "error", "startSelection": 1462, "endSelection": 1470, "explanation": "Повторение однокоренных слов.", "tag": "", "type": "Р.тавт", "subtype": "", "comment": "", "correction": ""}, {"id": 18, "group": "error", "startSelection": 1482, "endSelection": 1488, "explanation": "Повторение однокоренных слов.", "tag": "", "type": "Р.тавт", "subtype": "", "comment": "", "correction": ""}, {"id": 19, "group": "error", "startSelection": 1533, "endSelection": 1543, "explanation": "Устаревшее слово. В современном тексте оно имеет архаический характер. Современные аналоги: насчёт, относительно кого-чего-либо.", "tag": "Ustar.doc -1465800879", "type": "А.лекс", "subtype": "конт", "comment": "", "correction": ""}, {"id": 20, "group": "error", "startSelection": 1533, "endSelection": 1543, "explanation": "Предлог «касательно» имеет  выраженную канцелярскую окраску, поэтому он уместен только в официально-деловой речи.", "tag": "", "type": "Р.СТИЛ", "subtype": "канц", "comment": "", "correction": ""}, {"id": 21, "group": "error", "startSelection": 1506, "endSelection": 1514, "explanation": "Повторение однокоренных слов.", "tag": "", "type": "Р.тавт", "subtype": "", "comment": "", "correction": ""}, {"id": 22, "group": "error", "startSelection": 1583, "endSelection": 1591, "explanation": "Повторение однокоренных слов.", "tag": "", "type": "Р.тавт", "subtype": "", "comment": "", "correction": ""}, {"id": 23, "group": "error", "startSelection": 1609, "endSelection": 1620, "explanation": "Повторение однокоренных слов.", "tag": "", "type": "Р.тавт", "subtype": "", "comment": "", "correction": ""}, {"id": 24, "group": "error", "startSelection": 1630, "endSelection": 1635, "explanation": "Повторение однокоренных слов.", "tag": "", "type": "Р.тавт", "subtype": "", "comment": "", "correction": ""}, {"id": 25, "group": "error", "startSelection": 1831, "endSelection": 1843, "explanation": "Устаревшее слово. В современном тексте оно имеет архаический характер.", "tag": "Ustar.doc -378524832", "type": "А.лекс", "subtype": "конт", "comment": "", "correction": ""}, {"id": 26, "group": "error", "startSelection": 1965, "endSelection": 1975, "explanation": "Разговорное выражение, придающее тексту непринуждённый характер.", "tag": "RAZG.doc -1101206639", "type": "А.лекс", "subtype": "конт", "comment": "", "correction": ""}, {"id": 27, "group": "error", "startSelection": 2075, "endSelection": 2087, "explanation": "Устаревшее слово. В современном тексте оно имеет архаический характер.", "tag": "Ustar.doc -378524832", "type": "А.лекс", "subtype": "конт", "comment": "", "correction": ""}, {"id": 28, "group": "error", "startSelection": 2047, "endSelection": 2052, "explanation": "Повторение одного и того же слова в разных формах.", "tag": "", "type": "Р.повтор", "subtype": "", "comment": "", "correction": ""}, {"id": 29, "group": "error", "startSelection": 2056, "endSelection": 2062, "explanation": "Повторение одного и того же слова.", "tag": "", "type": "Р.повтор", "subtype": "", "comment": "", "correction": ""}, {"id": 30, "group": "error", "startSelection": 2172, "endSelection": 2177, "explanation": "Повторение одного и того же слова в разных формах.", "tag": "", "type": "Р.повтор", "subtype": "", "comment": "", "correction": ""}, {"id": 31, "group": "error", "startSelection": 2181, "endSelection": 2187, "explanation": "Повторение одного и того же слова.", "tag": "", "type": "Р.повтор", "subtype": "", "comment": "", "correction": ""}, {"id": 32, "group": "error", "startSelection": 2279, "endSelection": 2287, "explanation": "Повторение одного и того же слова.", "tag": "", "type": "Р.повтор", "subtype": "", "comment": "", "correction": ""}, {"id": 33, "group": "error", "startSelection": 2311, "endSelection": 2315, "explanation": "Повторение одного и того же слова в разных формах.", "tag": "", "type": "Р.повтор", "subtype": "", "comment": "", "correction": ""}, {"id": 34, "group": "error", "startSelection": 2360, "endSelection": 2368, "explanation": "Повторение одного и того же слова.", "tag": "", "type": "Р.повтор", "subtype": "", "comment": "", "correction": ""}, {"id": 35, "group": "error", "startSelection": 2701, "endSelection": 2713, "explanation": "Устаревшее слово. В современном тексте оно имеет архаический характер.", "tag": "Ustar.doc 354ca2ab6", "type": "А.лекс", "subtype": "конт", "comment": "", "correction": ""}, {"id": 36, "group": "error", "startSelection": 2701, "endSelection": 2713, "explanation": "Повторение одного и того же слова в разных формах.", "tag": "", "type": "Р.повтор", "subtype": "", "comment": "", "correction": ""}, {"id": 37, "group": "error", "startSelection": 2751, "endSelection": 3175, "explanation": "Слишком длинное предложение для грамматического разбора. Вероятно, оно трудно и для восприятия. Попробуйте разбить его на несколько более коротких.", "tag": "message.txt: 0:0", "type": "А.лекс", "subtype": "конт", "comment": "", "correction": ""}, {"id": 38, "group": "error", "startSelection": 2847, "endSelection": 2858, "explanation": "Устаревшее слово. В современном тексте оно имеет архаический характер.", "tag": "Ustar.doc 354ca2ab6", "type": "А.лекс", "subtype": "конт", "comment": "", "correction": ""}, {"id": 39, "group": "error", "startSelection": 3057, "endSelection": 3068, "explanation": "Устаревшее слово. В современном тексте оно имеет архаический характер.", "tag": "Ustar.doc 354ca2ab6", "type": "А.лекс", "subtype": "конт", "comment": "", "correction": ""}, {"id": 40, "group": "error", "startSelection": 2806, "endSelection": 2813, "explanation": "Повторение одного и того же слова в разных формах.", "tag": "", "type": "Р.повтор", "subtype": "", "comment": "", "correction": ""}, {"id": 41, "group": "error", "startSelection": 2847, "endSelection": 2858, "explanation": "Повторение одного и того же слова в разных формах.", "tag": "", "type": "Р.повтор", "subtype": "", "comment": "", "correction": ""}, {"id": 42, "group": "error", "startSelection": 2907, "endSelection": 2913, "explanation": "Повторение однокоренных слов.", "tag": "", "type": "Р.тавт", "subtype": "", "comment": "", "correction": ""}, {"id": 43, "group": "error", "startSelection": 2923, "endSelection": 2932, "explanation": "Повторение одного и того же слова в разных формах.", "tag": "", "type": "Р.повтор", "subtype": "", "comment": "", "correction": ""}, {"id": 44, "group": "error", "startSelection": 3023, "endSelection": 3033, "explanation": "Повторение однокоренных слов.", "tag": "", "type": "Р.тавт", "subtype": "", "comment": "", "correction": ""}, {"id": 46, "group": "meaning", "startSelection": 200, "endSelection": 357, "type": "ПРОБЛЕМА", "subtype": "", "explanation": "", "correction": "", "tag": "", "comment": ""}, {"id": 47, "group": "meaning", "startSelection": 358, "endSelection": 536, "type": "ПРИМЕР", "subtype": "", "explanation": "", "correction": "", "tag": "", "comment": ""}, {"id": 48, "group": "meaning", "startSelection": 537, "endSelection": 809, "type": "ПОЯСНЕНИЕ", "subtype": "", "explanation": "", "correction": "", "tag": "", "comment": ""}, {"id": 49, "group": "meaning", "startSelection": 810, "endSelection": 989, "type": "ПОЗИЦИЯ", "subtype": "", "explanation": "", "correction": "", "tag": "", "comment": ""}, {"id": 50, "group": "meaning", "startSelection": 990, "endSelection": 1115, "type": "ПРИМЕР", "subtype": "", "explanation": "", "correction": "", "tag": "", "comment": ""}, {"id": 51, "group": "meaning", "startSelection": 1116, "endSelection": 1206, "type": "ПОЯСНЕНИЕ", "subtype": "", "explanation": "", "correction": "", "tag": "", "comment": ""}, {"id": 52, "group": "meaning", "startSelection": 1207, "endSelection": 2751, "type": "ОТНОШЕНИЕ", "subtype": "", "explanation": "", "correction": "", "tag": "", "comment": ""}]}