{"meta": {"uuid": "6d2b8a7b-783b-4f8b-9e8c-e834b64fd676", "id": "0008522", "name": "0008522_ru_rus_problema_ponimaniya_i_obreteniya_istiny_kak_glavnoy_celi_v_jizni_kajdogo_cheloveka_noexp.txt", "subject": "rus", "test": "егэ тренировка", "category": "", "year": 2019, "class": "11", "theme": "Проблема понимания и обретения истины как главной цели в жизни каждого человека (по Ю. Нагибину)", "taskText": "(1)Часто бывает, что чудеса находятся возле нас — протяни руку и возьми, а мы и не подозреваем об этом.\n(2)Был ли в яви или только приснился мне этот странный мальчик, овеянный нежностью и печалью нездешности, как маленький принц Экзюпери?.. (3)Я знаю, что он был, как было и шоссе, заросшее подорожником и лопухами, но даже если бы этот мальчик принадлежал сну, он затронул мою душу неизмеримо сильнее других людей, чья грубая очевидность не вызывает сомнений…\n(4)Тот день начался с маленького чуда: оказалось, низинный ольшаник, примыкающий к даче с севера, сказочно богат грибами свинушками.\n(5)Как и всегда бывает во время счастливого грибного промысла, я становился всё разборчивее, меня уже не радовали большие грибы, и я срывал лишь маленькие твёрдые крепыши. (6)Эти разборчивые поиски привели меня в глубь леса. (7)Я хорошо знал окрестность: и со стороны шоссе, и со стороны нашей дачи, и со стороны болота, тянущегося за горизонт, лесные опушки были сплошь ольховые.\n(8)Однако чем дальше я шёл, тем плотнее росли деревья, трава стала вполовину моего роста, а стройные, розовые, похожие на свечи цветы вознеслись куда выше моей головы, и было всё труднее пробираться вперёд. (9)И тут я набрёл на этого мальчика, и свершилось главное чудо дня.\n(10)Небольшой, худенький, с узким лицом, загороженным круглыми очками, мальчик полол невесть откуда взявшееся заросшее булыжное шоссе.\n(11)— Здравствуй, — сказал он.\n(12)— Здравствуй, — отозвался я. (13)— А что это за дорога? (14)Я никогда её раньше не видел.\n(15)— Не знаю… (16)Ты не хочешь мне помочь?\n(17)Я пожал плечами и, нагнувшись, выдрал какое-то длинное растение. (18)Я изрезал ладони, пока, наконец, вырвал его из земли. (19)Да, это была работа! (20)Недаром же у очкастого мальчика руки были в кровяных ссадинах. (21)Мой пыл сразу угас.\n(22)— Слушай, а зачем тебе это нужно? — спросил я.\n(23)— Ты же видишь, дорога заросла, — он говорил, стоя на коленях и выкапывая из земли какой-то корень. (24)— Надо её расчистить.\n(25)— А зачем? — упорствовал я.\n(26)Он осторожно снял очки, ему хотелось получше рассмотреть человека, задающего такие несуразные вопросы.\n(27)— Если дорога разрушится, она исчезнет, и никто не узнает даже, что тут была дорога.\n(28)— Ну и пусть! — сказал я раздражённо. (29)— Она всё равно никуда не ведёт!\n(30)— Все дороги куда-нибудь ведут, — сказал он с кроткой убеждённостью и принялся за работу. (31)— Посуди сам, разве стали бы её строить, если б она никуда не вела?\n(32)— Но раз её забросили, значит, она не нужна!\n(33)Он задумался и даже перестал выдёргивать цветы и травинки, в его глазах появилась боль — так трудно вложить в чужую душу самые простые и очевидные истины!\n(34)— Разве мы знаем, почему дорогу забросили?.. (35)А может быть, кто-то на другом конце пробует её расчистить? (36)Кто-то идёт мне навстречу, и мы встретимся. (37)Нельзя дорогам зарастать, — сказал он твёрдо. (38)— Я обязательно её расчищу.\n(39)— У тебя не хватит сил.\n(40)— У меня одного — нет, но кто-то идёт мне навстречу и, может быть, прошёл уже полпути…\n(41)— Далась тебе эта дорога!\n(42)— Дорога — это очень важно. (43)Без дороги никто никогда не будет вместе.\n(44)— Я буду помогать тебе! — неожиданно для самого себя вскричал я.\n(45)— Спасибо, — сказал мальчик искренне. (46)— Приходи сюда завтра утром, сегодня уже поздно, пора домой.\n(47)— А где ты живёшь?\n(48)— Там!.. — махнул он за чащу, поднялся, вытер ладони пучком травы и пошёл прочь, перепачканный, усталый, тщедушный, непреклонный дорожный строитель, и вскоре скрылся за кустами жимолости.\n(49)На другой день ни свет ни заря я устремился в лес.\n(50)Я мчался сквозь ольшаник, охваченный жгучим нетерпением и умилённый предвкушением встречи с мальчиком на заросшем шоссе, — его вера уже стала моей верой. (51)Я был уверен, что без труда отыщу шоссе, ведь это так просто: всё прямо и прямо, сквозь ольшаник, в берёзовый лесок, и там обнажится чистая полоска синеватого булыжника…\n(52)Я так и не нашёл заброшенного шоссе. (53)Всё было похоже на вчерашнее: и деревья, и травы, и розовые свечи высоких цветов, но не было ни шоссе, ни мальчика. (54)До заката мыкался я по лесу, измученный, голодный, но всё было тщетно.\n(55)Мне никогда уже не попадалось ни заброшенное шоссе, ни даже стёжка, что нуждалась в моём труде. (56)Но с годами я по-иному понял наставление мальчика. (57)В моём сердце начиналось много дорог, ведущих к разным людям: и близким, и далёким, и к тем, о ком ни на минуту нельзя забыть, и к почти забытым. (58)Вот этим дорогам был я нужен, и я стал на вахту. (59)Я не жалел ни труда, ни рук, я рвал напрочь чертополох и крапиву и всю прочую нечисть, не давая сорнякам глушить, разрушать дороги, превратить их в ничто. (60)Но если я преуспевал в том, то лишь потому, что всякий раз с другого конца дороги начиналось встречное движение.\n(61)Вот только самую главную, важную и нужную дорогу в жизни я как раз не сумел отыскать.\n"}, "text": "Человеческая жизнь полна возможностей, событий, встреч. И ко всему есть своя определённая дорога. Насколько важно преодолевать трудности, встречающиеся на пути? В чём состоит секрет успеха в любом деле? Почему в отношениях между людьми необходима взаимность? Над проблемой понимания и обретения истины как главной цели в жизни каждого человека размышляет Ю. Нагибин.\nЧеловек идёт по жизни собственным путём, периодически сталкиваясь с трудностями и неприятностями. И, продвигаясь всё дальше и дальше, он набирается опыта, становится мудрее. Герой рассказчик сопоставляет свой очередной грибной промысел с судьбой. Чем дольше он шёл, «тем плотнее росли деревья, всё труднее было пробираться вперёд». Так же и в жизни: любая дорога, семейная, профессиональная, личностная, - это работа, направленная на преодоление сложностей. И с каждым препятствием человек приобретает терпеливость, разборчивость, разумность не только в поступках, но и в мыслях.\nЖизнь героя-рассказчика разделилась на две части после его встречи в лесу с небольшим, худеньким мальчиком, полющим «густо заросшее булыжное шоссе», что вызвало у него недоразумение: сейчас эта дорога явно никуда не вела. Однако мальчик убеждён совсем обратном, потому что в мире ничего не бывает просто так, у всего есть предназначение, и это шоссе не исключение. Для героя встреча на многое открыла глаза: всё «это очень важно, без дорог никто не будет вместе».\nНесомненно, дорога – это труд, успех которого зависит от того, в какой мере прилагаются усилия и с той, и с другой стороны. Возможно, по этой причине далеко не каждому удаётся найти своё место в жизни. Это связано не только с самим человеком, но и с тем, на кого это действие направлено. Если бы «всякий раз с другого конца дороги начиналось встречное движение», то в мире было бы намного больше счастливых моментов.\nЮ. Нагибин убеждён, что главное в человеческих отношениях – это умение идти навстречу, прилагать усилия для достижения цели, хотя в некоторых случаях даже достаточно просто протянуть руку. Кроме того, необходимо помнить не только о тех, кто окружает в настоящее время, но и о людях из прошлого, так как именно они когда-то преподали жизненно важные уроки.\nТрудно не согласиться с мнением автора. Действительно, забывать дороги жизни нельзя, так же как и неприемлемо сдаваться на своём пути в случае неудачи, поэтому нужно работать и помнить о взаимности, чтобы старания были не напрасны. Неслучайно Конфуций утверждал, что человек может сделать великим путь, которым идет, но путь не может сделать человека великим.\nТаким образом, в жизни важно не останавливаться, продолжать движение. Насколько бы тернистен ни был путь, он всегда приведёт к успеху, если на другом конце дороги кто-то так же желает этой встречи и делает для её свершения всё, что в его силах.", "fileName": "0008522.json", "selections": [{"id": 0, "group": "error", "startSelection": 321, "endSelection": 326, "explanation": "Повторение одного и того же слова.", "tag": "", "type": "Р.повтор", "subtype": "", "comment": "", "correction": ""}, {"id": 1, "group": "error", "startSelection": 335, "endSelection": 343, "explanation": "Повторение одного и того же слова в разных формах.", "tag": "", "type": "Р.повтор", "subtype": "", "comment": "", "correction": ""}, {"id": 2, "group": "error", "startSelection": 375, "endSelection": 388, "explanation": "", "tag": "", "type": "", "subtype": "", "comment": "", "correction": ""}, {"id": 3, "group": "error", "startSelection": 367, "endSelection": 374, "explanation": "Повторение одного и того же слова в разных формах.", "tag": "", "type": "Р.повтор", "subtype": "", "comment": "", "correction": ""}, {"id": 4, "group": "error", "startSelection": 383, "endSelection": 388, "explanation": "Повторение одного и того же слова.", "tag": "", "type": "Р.повтор", "subtype": "", "comment": "", "correction": ""}, {"id": 5, "group": "error", "startSelection": 759, "endSelection": 769, "explanation": "", "tag": "REPLACE_личностный_личный", "type": "А.лекс", "subtype": "конт", "comment": "", "correction": "личная"}, {"id": 6, "group": "error", "startSelection": 1034, "endSelection": 1043, "explanation": "Разговорное выражение, придающее тексту непринуждённый характер.", "tag": "RAZG.doc 636511026", "type": "А.лекс", "subtype": "конт", "comment": "", "correction": ""}, {"id": 7, "group": "error", "startSelection": 1192, "endSelection": 1207, "explanation": "Сочетание прилагательного  {\"обратном\"} и наречия  {\"совсем\"} не соответствует деловому стилю.  Отключите это правило или выберите другое словосочетание, подходящее для выбранного стиля.", "tag": "STEPENI.doc -1461821907", "type": "А.лекс", "subtype": "конт", "comment": "", "correction": ""}, {"id": 8, "group": "error", "startSelection": 1192, "endSelection": 1198, "explanation": "Сочетание прилагательного  {\"обратном\"} и наречия  {\"совсем\"} не соответствует деловому стилю.  Отключите это правило или выберите другое словосочетание, подходящее для выбранного стиля.", "tag": "STEPENI.doc -1461821907", "type": "А.лекс", "subtype": "конт", "comment": "", "correction": ""}, {"id": 9, "group": "error", "startSelection": 1199, "endSelection": 1207, "explanation": "Сочетание прилагательного  {\"обратном\"} и наречия  {\"совсем\"} не соответствует деловому стилю.  Отключите это правило или выберите другое словосочетание, подходящее для выбранного стиля.", "tag": "STEPENI.doc -1461821907", "type": "А.лекс", "subtype": "конт", "comment": "", "correction": ""}, {"id": 10, "group": "error", "startSelection": 1287, "endSelection": 1290, "explanation": "Повторение одного и того же слова.", "tag": "", "type": "Р.повтор", "subtype": "", "comment": "", "correction": ""}, {"id": 11, "group": "error", "startSelection": 1360, "endSelection": 1363, "explanation": "Повторение одного и того же слова.", "tag": "", "type": "Р.повтор", "subtype": "", "comment": "", "correction": ""}, {"id": 12, "group": "error", "startSelection": 1381, "endSelection": 1386, "explanation": "Повторение одного и того же слова в разных формах.", "tag": "", "type": "Р.повтор", "subtype": "", "comment": "", "correction": ""}, {"id": 13, "group": "error", "startSelection": 1423, "endSelection": 1429, "explanation": "Повторение одного и того же слова в разных формах.", "tag": "", "type": "Р.повтор", "subtype": "", "comment": "", "correction": ""}, {"id": 14, "group": "error", "startSelection": 1899, "endSelection": 1903, "explanation": "Повторение однокоренных слов.", "tag": "", "type": "Р.тавт", "subtype": "", "comment": "", "correction": ""}, {"id": 15, "group": "error", "startSelection": 2029, "endSelection": 2039, "explanation": "Повторение однокоренных слов.", "tag": "", "type": "Р.тавт", "subtype": "", "comment": "", "correction": ""}, {"id": 16, "group": "error", "startSelection": 2320, "endSelection": 2326, "explanation": "Повторение однокоренных слов.", "tag": "", "type": "Р.тавт", "subtype": "", "comment": "", "correction": ""}, {"id": 17, "group": "error", "startSelection": 2416, "endSelection": 2426, "explanation": "", "tag": "REPLACE_ne-slit-adv-o_ne-razd-adv-o", "type": "А.лекс", "subtype": "конт", "comment": "", "correction": "Не случайно"}, {"id": 18, "group": "error", "startSelection": 2416, "endSelection": 2426, "explanation": "Повторение однокоренных слов.", "tag": "", "type": "Р.тавт", "subtype": "", "comment": "", "correction": ""}, {"id": 20, "group": "meaning", "startSelection": 259, "endSelection": 366, "type": "ПРОБЛЕМА", "subtype": "", "explanation": "", "correction": "", "tag": "", "comment": ""}, {"id": 21, "group": "meaning", "startSelection": 367, "endSelection": 698, "type": "ПРИМЕР", "subtype": "", "explanation": "", "correction": "", "tag": "", "comment": ""}, {"id": 22, "group": "meaning", "startSelection": 699, "endSelection": 946, "type": "ПОЯСНЕНИЕ", "subtype": "", "explanation": "", "correction": "", "tag": "", "comment": ""}, {"id": 23, "group": "meaning", "startSelection": 947, "endSelection": 1410, "type": "ПРИМЕР", "subtype": "", "explanation": "", "correction": "", "tag": "", "comment": ""}, {"id": 24, "group": "meaning", "startSelection": 1411, "endSelection": 1827, "type": "ПРИМЕР", "subtype": "", "explanation": "", "correction": "", "tag": "", "comment": ""}, {"id": 25, "group": "meaning", "startSelection": 2184, "endSelection": 2543, "type": "ОТНОШЕНИЕ", "subtype": "", "explanation": "", "correction": "", "tag": "", "comment": ""}]}