{"meta": {"uuid": "85479744-f26e-4ef8-bf15-5d712be4b96b", "id": "0009349", "name": "0009349_ru_rus_sushchestvuet_li_svyaz_mejdu_esteticheskim_chuvstvom_i_chuvstvom_k_rodine_noexp.txt", "subject": "rus", "test": "егэ тренировка", "category": "", "year": 2018, "class": "11", "theme": "Существует ли связь между эстетическим чувством и чувством к Родине? (По тексту В.В. Конецкого)", "taskText": "(1)Однажды ко мне на вахту, октябрьскую, осеннюю, ненастную, прилетели скворцы. (2)Мы мчались в ночи от берегов Исландии к Норвегии. (3)На освещенном мощными огнями теплоходе. (4)И в этом туманном мире возникли усталые созвездия...\n(5)Я вышел из рубки на крыло мостика. (6)Ветер, дождь и ночь сразу стали громкими. (7)Я поднял к глазам бинокль. (8)В стёклах заколыхались белые надстройки теплохода, спасательные вельботы, тёмные от дождя чехлы и птицы — распушённые ветром мокрые комочки. (9)Они метались между антеннами и пытались спрятаться от ветра за трубой.\n(10)Палубу нашего теплохода выбрали эти маленькие бесстрашные птицы в качестве временного пристанища в своём долгом пути на юг. (11)Конечно, вспомнился Саврасов: грачи, весна, ещё лежит снег, а деревья проснулись. (12)И всё вообще вспомнилось, что бывает вокруг нас и что бывает внутри наших душ, когда приходит русская весна и прилетают грачи и скворцы. (13)Это не опишешь. (14)Это возвращает в детство. (15)И это связано не только с радостью от пробуждения природы, но и с глубоким ощущением родины, России.\n(16)И пускай ругают наших русских художников за старомодность и литературность сюжетов. (17)3а именами Саврасова, Левитана, Серова, Коровина, Кустодиева скрывается не только вечная в искусстве радость жизни. (18)Скрывается именно русская радость, со всей её нежностью, скромностью и глубиной. (19)И как проста русская песня, так проста живопись.\n(20)И в наш сложный век, когда искусство миpa мучительно ищет общие истины, когда запутанность жизни вызывает необходимость сложнейшего анализа психики отдельного человека и сложнейшего анализа жизни общества, — в наш век художникам тем более не следует забывать об одной простой функции искусства — будить и освещать в соплеменнике чувство родины.\n(21)Пускай наших пейзажистов не знает заграница. (22)Чтобы не проходить мимо Серова, надо быть русским. (23)Искусство тогда искусство, когда оно вызывает в человеке ощущение пусть мимолётного, но счастья. (24)А мы устроены так, что самое пронзительное счастье возникает в нас тогда, когда мы ощущаем любовь к России. (25)Я не знаю, есть ли у других наций такая нерасторжимая связь между эстетическим ощущением и ощущением родины...\n"}, "text": "Искусство - очень важный инструмент для самовыражения. Даже не будучи профессиональными художниками и писателями, люди творят, чтобы избавиться от плохих эмоций, поделиться своим опытом, моментами счастья, изложить мысли, передать чувства. Но не стоит забывать, что каждый человек в этом мире к чему-то привязан: к людям и местам. Многие люди не видят себя без своих родных, без своей Родины. И эта любовь к своим близким и к своей стране находит выражение в фотографиях, рисунках и стихах. Но действительно ли существует связь между эстетическим чувством и чувством к Родине? Об этом интересном вопросе рассуждает в своем очерке Виктор Викторович Конецкий.\nОпираясь на собственные воспоминания о путешествии, автор рассказывает о том, как увидел \"маленьких бесстрашных птиц\" на палубе и сколько эмоций это вызвало. Он тут же воскресил в памяти образ картины Саврасова \"Грачи прилетели\", которая ассоциировалась у В.Конецкого с русской природой и которая вернула ему глубокое ощущение Родины. Ощущение дома для автора равнозначно чувству радости и счастья. В.Конецкий перечисляет художников, среди которых есть Левитан, Серов, Коровин, он говорит о тесной связи русской природы и их творчества. И ведь оно так есть. Конецкий считает, что роль искусства - \"будить и освещать в соплеменнике чувство родины\".\nСложно не согласиться с автором. Лишь русские смогут оценить всю прелесть природы на картинах русских пейзажистов. Ведь все эти степи, березы, луга и леса вызывают в нас воспоминания, тесно связанные с нашим прошлым: у кого-то детство прошло в деревне, кто-то встретил любовь своей жизни у моря, а кто-то просто любит природу.В этом сила искусства - пробуждать светлое и доброе в людях.\nРоссия славится своими писателями и поэтами, которые с самых древних времен воспевали красоту и величие рек, гор, полей и лугов. Михаил Юрьевич Лермонтов в своем знаменитом стихотворении \"Родина\" рассказывает о том, как милы его сердцу эти березки и холмы:\nНо я люблю - за что, не знаю сам -\nЕе степей холодное молчанье,\nЕе лесов безбрежных колыханье,\nРазливы рек ее, подобные морям.\nВозможно, это стихотворение Лермонтов написал под впечатлением от прогулки, а может быть просто сидел вечерком и вспоминал, как смотрел до полночи \"на пляску с топаньем и свистом под говор пьяных мужичков\". Словами он смог передать всю глубину своей любви к Родине, которую сможем почувствовать и мы, читая его поэзию. Вот именно для этой передачи чувств и мыслей существует искусство.\nАлександр Сергеевич Пушкин, светило русской поэзии, в своей замечательной поэме \"Деревня\" тоже признавался в своих чувствах, предпочитая скромный пейзаж деревни роскоши дворцов:\nЯ твой: я променял порочный двор цирцей,\nРоскошные пиры, забавы, заблужденья\nНа мирный шум дубров, на тишину полей,\nНа праздность вольную, подругу размышленья.\nПоэзия для Пушкина всегда была отдушиной, в своих стихах он воспевал русскую деревню, русских людей, свою няню и все то, что для него было Родиной. Ведь для каждого Родина своя.\nПодводя итоги, хочется сказать, что искусство - отличный способ выразить свои чувства (и любовь в том числе). Если, как вам кажется, вы не умеете рифмовать, то можно написать рассказ, нарисовать что-нибудь или сочинить простую мелодию. Даже если вы не Леонардо Да Винчи, вы все равно сможете донести до людей то, что захотите, а поделиться этим будет даже проще, в нашем-то веке интернета и технологий.", "fileName": "0009349.json", "selections": [{"id": 0, "group": "error", "startSelection": 315, "endSelection": 320, "explanation": "Повторение одного и того же слова в разных формах.", "tag": "", "type": "Р.повтор", "subtype": "", "comment": "", "correction": ""}, {"id": 1, "group": "error", "startSelection": 338, "endSelection": 342, "explanation": "Повторение одного и того же слова в разных формах.", "tag": "", "type": "Р.повтор", "subtype": "", "comment": "", "correction": ""}, {"id": 2, "group": "error", "startSelection": 361, "endSelection": 366, "explanation": "Повторение одного и того же слова в разных формах.", "tag": "", "type": "Р.повтор", "subtype": "", "comment": "", "correction": ""}, {"id": 3, "group": "error", "startSelection": 379, "endSelection": 384, "explanation": "Повторение одного и того же слова в разных формах.", "tag": "", "type": "Р.повтор", "subtype": "", "comment": "", "correction": ""}, {"id": 4, "group": "error", "startSelection": 408, "endSelection": 413, "explanation": "Повторение одного и того же слова в разных формах.", "tag": "", "type": "Р.повтор", "subtype": "", "comment": "", "correction": ""}, {"id": 5, "group": "error", "startSelection": 426, "endSelection": 431, "explanation": "Повторение одного и того же слова в разных формах.", "tag": "", "type": "Р.повтор", "subtype": "", "comment": "", "correction": ""}, {"id": 6, "group": "error", "startSelection": 617, "endSelection": 622, "explanation": "Повторение одного и того же слова в разных формах.", "tag": "", "type": "Р.повтор", "subtype": "", "comment": "", "correction": ""}, {"id": 7, "group": "error", "startSelection": 976, "endSelection": 984, "explanation": "Повторение одного и того же слова.", "tag": "", "type": "Р.повтор", "subtype": "", "comment": "", "correction": ""}, {"id": 8, "group": "error", "startSelection": 993, "endSelection": 1001, "explanation": "Повторение одного и того же слова.", "tag": "", "type": "Р.повтор", "subtype": "", "comment": "", "correction": ""}, {"id": 9, "group": "error", "startSelection": 1344, "endSelection": 1351, "explanation": "Повторение одного и того же слова в разных формах.", "tag": "", "type": "Р.повтор", "subtype": "", "comment": "", "correction": ""}, {"id": 10, "group": "error", "startSelection": 1400, "endSelection": 1407, "explanation": "Повторение одного и того же слова в разных формах.", "tag": "", "type": "Р.повтор", "subtype": "", "comment": "", "correction": ""}, {"id": 11, "group": "error", "startSelection": 1582, "endSelection": 1593, "explanation": "Слово «свой» применительно к жизни часто избыточно, поскольку жизнь у человека всегда «своя».", "tag": "", "type": "Р.ЛИШН", "subtype": "лишн", "comment": "", "correction": ""}, {"id": 12, "group": "error", "startSelection": 1631, "endSelection": 1633, "explanation": "Не хватает пробела.", "tag": "message.txt: 4:0", "type": "А.лекс", "subtype": "конт", "comment": "", "correction": ". В"}, {"id": 13, "group": "error", "startSelection": 1525, "endSelection": 1532, "explanation": "Повторение одного и того же слова в разных формах.", "tag": "", "type": "Р.повтор", "subtype": "", "comment": "", "correction": ""}, {"id": 14, "group": "error", "startSelection": 1559, "endSelection": 1565, "explanation": "Повторение одного и того же слова в разных формах.", "tag": "", "type": "Р.повтор", "subtype": "", "comment": "", "correction": ""}, {"id": 15, "group": "error", "startSelection": 1604, "endSelection": 1610, "explanation": "Повторение одного и того же слова в разных формах.", "tag": "", "type": "Р.повтор", "subtype": "", "comment": "", "correction": ""}, {"id": 16, "group": "error", "startSelection": 1847, "endSelection": 1879, "explanation": "Слово «свой» в контекстах вроде «писатель в своём тексте рассказывает...» избыточно.", "tag": "", "type": "Р.ЛИШН", "subtype": "лишн", "comment": "", "correction": ""}, {"id": 17, "group": "error", "startSelection": 2179, "endSelection": 2187, "explanation": "Разговорное выражение, придающее тексту непринуждённый характер.", "tag": "RAZG.doc d9cf9385f", "type": "А.лекс", "subtype": "конт", "comment": "", "correction": ""}, {"id": 18, "group": "error", "startSelection": 2273, "endSelection": 2281, "explanation": "Разговорное выражение, придающее тексту непринуждённый характер.", "tag": "RAZG.doc 602665520", "type": "А.лекс", "subtype": "конт", "comment": "", "correction": ""}, {"id": 19, "group": "error", "startSelection": 2077, "endSelection": 2085, "explanation": "Повторение одинаковых и однокоренных слов.", "tag": "", "type": "Р.тавт", "subtype": "", "comment": "", "correction": ""}, {"id": 20, "group": "error", "startSelection": 2155, "endSelection": 2160, "explanation": "Повторение одинаковых и однокоренных слов.", "tag": "", "type": "Р.тавт", "subtype": "", "comment": "", "correction": ""}, {"id": 21, "group": "error", "startSelection": 2295, "endSelection": 2299, "explanation": "Повторение одинаковых и однокоренных слов.", "tag": "", "type": "Р.повтор", "subtype": "", "comment": "", "correction": ""}, {"id": 22, "group": "error", "startSelection": 2300, "endSelection": 2308, "explanation": "Повторение однокоренных слов.", "tag": "", "type": "Р.тавт", "subtype": "", "comment": "", "correction": ""}, {"id": 23, "group": "error", "startSelection": 2321, "endSelection": 2326, "explanation": "Повторение одного и того же слова в разных формах.", "tag": "", "type": "Р.повтор", "subtype": "", "comment": "", "correction": ""}, {"id": 24, "group": "error", "startSelection": 2351, "endSelection": 2357, "explanation": "Повторение одинаковых и однокоренных слов.", "tag": "", "type": "Р.повтор", "subtype": "", "comment": "", "correction": ""}, {"id": 25, "group": "error", "startSelection": 2358, "endSelection": 2371, "explanation": "Повторение однокоренных слов.", "tag": "", "type": "Р.тавт", "subtype": "", "comment": "", "correction": ""}, {"id": 26, "group": "error", "startSelection": 2416, "endSelection": 2424, "explanation": "Повторение однокоренных слов.", "tag": "", "type": "Р.тавт", "subtype": "", "comment": "", "correction": ""}, {"id": 27, "group": "error", "startSelection": 2425, "endSelection": 2431, "explanation": "Повторение однокоренных слов.", "tag": "", "type": "Р.тавт", "subtype": "", "comment": "", "correction": ""}, {"id": 28, "group": "error", "startSelection": 2515, "endSelection": 2542, "explanation": "Слово «свой» в контекстах вроде «писатель в своём тексте рассказывает...» избыточно.", "tag": "", "type": "Р.ЛИШН", "subtype": "лишн", "comment": "", "correction": ""}, {"id": 29, "group": "error", "startSelection": 2517, "endSelection": 2522, "explanation": "Повторение одного и того же слова в разных формах.", "tag": "", "type": "Р.повтор", "subtype": "", "comment": "", "correction": ""}, {"id": 30, "group": "error", "startSelection": 2572, "endSelection": 2577, "explanation": "Повторение одного и того же слова в разных формах.", "tag": "", "type": "Р.повтор", "subtype": "", "comment": "", "correction": ""}, {"id": 31, "group": "error", "startSelection": 2843, "endSelection": 2857, "explanation": "Слово «свой» в контекстах вроде «писатель в своём тексте рассказывает...» избыточно.", "tag": "", "type": "Р.ЛИШН", "subtype": "лишн", "comment": "", "correction": ""}, {"id": 32, "group": "error", "startSelection": 2914, "endSelection": 2925, "explanation": "Вместо «всё то, что...» почти всегда можно, и часто лучше, написать просто «всё, что».", "tag": "", "type": "Г.СЛОЖН", "subtype": null, "comment": "", "correction": ""}, {"id": 33, "group": "error", "startSelection": 2845, "endSelection": 2850, "explanation": "Повторение одного и того же слова в разных формах.", "tag": "", "type": "Р.повтор", "subtype": "", "comment": "", "correction": ""}, {"id": 34, "group": "error", "startSelection": 2870, "endSelection": 2877, "explanation": "Повторение одного и того же слова в разных формах.", "tag": "", "type": "Р.повтор", "subtype": "", "comment": "", "correction": ""}, {"id": 35, "group": "error", "startSelection": 2887, "endSelection": 2894, "explanation": "Повторение одного и того же слова в разных формах.", "tag": "", "type": "Р.повтор", "subtype": "", "comment": "", "correction": ""}, {"id": 36, "group": "error", "startSelection": 2902, "endSelection": 2906, "explanation": "Повторение одного и того же слова в разных формах.", "tag": "", "type": "Р.повтор", "subtype": "", "comment": "", "correction": ""}, {"id": 37, "group": "error", "startSelection": 2973, "endSelection": 2977, "explanation": "Повторение одного и того же слова в разных формах.", "tag": "", "type": "Р.повтор", "subtype": "", "comment": "", "correction": ""}, {"id": 38, "group": "error", "startSelection": 3052, "endSelection": 3056, "explanation": "Повторение одного и того же слова в разных формах.", "tag": "", "type": "Р.повтор", "subtype": "", "comment": "", "correction": ""}, {"id": 39, "group": "error", "startSelection": 3089, "endSelection": 3093, "explanation": "Повторение одного и того же слова.", "tag": "", "type": "Р.повтор", "subtype": "", "comment": "", "correction": ""}, {"id": 40, "group": "error", "startSelection": 3239, "endSelection": 3241, "explanation": "Возможно, пропущена точка перед заглавной буквой в начале следующего предложения. Восстановить пропущенную точку?", "tag": "message.txt: 4:3", "type": "А.лекс", "subtype": "конт", "comment": "", "correction": ". Д"}, {"id": 41, "group": "error", "startSelection": 3240, "endSelection": 3242, "explanation": "", "tag": "REPLACE_да_дай", "type": "А.лекс", "subtype": "конт", "comment": "", "correction": "Дай"}, {"id": 42, "group": "error", "startSelection": 3220, "endSelection": 3224, "explanation": "Повторение одного и того же слова.", "tag": "", "type": "Р.повтор", "subtype": "", "comment": "", "correction": ""}, {"id": 44, "group": "meaning", "startSelection": 0, "endSelection": 54, "type": "ПРОБЛЕМА", "subtype": "", "explanation": "", "correction": "", "tag": "", "comment": ""}, {"id": 45, "group": "meaning", "startSelection": 658, "endSelection": 1194, "type": "ПРИМЕР", "subtype": "", "explanation": "", "correction": "", "tag": "", "comment": ""}, {"id": 46, "group": "meaning", "startSelection": 1195, "endSelection": 1215, "type": "ПОЯСНЕНИЕ", "subtype": "", "explanation": "", "correction": "", "tag": "", "comment": ""}, {"id": 47, "group": "meaning", "startSelection": 1216, "endSelection": 1305, "type": "ПРИМЕР", "subtype": "", "explanation": "", "correction": "", "tag": "", "comment": ""}, {"id": 48, "group": "meaning", "startSelection": 2077, "endSelection": 2283, "type": "ПРИМЕР", "subtype": "", "explanation": "", "correction": "", "tag": "", "comment": ""}, {"id": 49, "group": "meaning", "startSelection": 2284, "endSelection": 2462, "type": "ПОЯСНЕНИЕ", "subtype": "", "explanation": "", "correction": "", "tag": "", "comment": ""}, {"id": 50, "group": "meaning", "startSelection": 2463, "endSelection": 2800, "type": "ПРИМЕР", "subtype": "", "explanation": "", "correction": "", "tag": "", "comment": ""}]}