{"meta": {"uuid": "5444516e-f7b4-4543-87bd-987db3d9132a", "id": "0009333", "name": "0009333_ru_rus_problema_vliyaniya_blizkih_lyudey_na_stanovlenie_lichnosti_cheloveka_noexp.txt", "subject": "rus", "test": "егэ тренировка", "category": "", "year": 2018, "class": "11", "theme": "Проблема влияния близких людей на становление личности человека (По тексту А.Д. Попова)", "taskText": "(1)3акружился в диком танце осени, спрятал под листвой дороги, перепутал все на свете листопад. (2)Хорошо бродить, утопая в листве. (3)Хорошо набирать её полные руки, заставлять кружиться вновь и вновь, осыпая голову, плечи...\n(4)— Дедушка, скажи что-нибудь грустное.\n(5)— Осенние листья.\n(6)— А грустнее?\n(7)— Осенние звезды.\n(8)— Грустнее осенних звёзд бывает?\n(9)— Осенние птицы.\n(10)— Дедушка, есть осенние люди?\n(11)Его давно нет на свете, моего деда, а как прижмёт, защемит, — забываю, что нет. (12)Мой добрый, мой умный дедушка живёт во мне. (13)Он мой остров, мой материк, моя Земля.\n(14)— Дедушка, есть второе дыхание, а любовь бывает вторая?\n(15)Ответь, дед, мне это очень нужно.\n(16)— Если ты мне скажешь: первая звезда, — я пойму. (17)Это начало счета, это надежда на звёздное небо.\n(18)— Дед, ну причём здесь звёздное небо? (19)Ты прямо ответь, бывает или нет?\n(20)— Если ты скажешь: первое блюдо, я пойму — хочешь кушать и надеешься на второе и третье. (21)Но когда говорят: первая любовь, — я не понимаю, что это? (22)Начало счета или надежда на вторую и третью?\n(23)— Дед, я, наверное, старею, мне хочется быть счастливым.\n(24)— Глупый ты ещё. (25)Пойми, внук: Маму, Родину, Любимую не нумеруют.\n(26)— Дед, она не любит меня.\n(27)— А ты сам как к себе относишься?\n(28)— Плохо, дедушка, совсем плохо.\n(29)— А летать ты пробовал?\n(30)— Дед, средний я, серый, какие там полёты.\n(31)— Объясни, такого не понимаю.\n(32)— Дедушка, ты не представляешь, как трудно быть средним. (33)Чувствовать себя щенком перед слонами и понимать — они это знают. (34)Сознавать себя собакой перед мышами и знать: они этого никогда не поймут. (35)Я ненавижу себя, иногда хочу стать мышью — их не обижают, они маленькие. (36)Шмыгаю я, дед.\n(37)— Она тебя замечает?\n(38)— Никто я для неё. (39)Моя жизнь — ожидание кости. (40)Иногда меня гладят, а я не знаю, что делать: лаять или лизать руку, которая гладит, а может ударить.\n(41)— К себе не подпускай, вешай объявления на столбах.\n(42)— Шутишь, дед, какие объявления?\n(43)— Продаётся собачья шкура.\n(44)— А если придут за шкурой?\n(45)— На вырученные деньги купишь скрипку.\n(46)— Зачем мне скрипка, дед?\n(47)— Станешь играть любимой.\n(48)У меня нет родной деревни — мне некуда ехать, у меня нет отчего дома. (49)Моя отчизна — мой дедушка, его слова, его мысли. (50)Он учил меня любить, видеть, думать, хотел научить летать, но не успел.\n(51)Мы ходили с ним среди сосен и смотрели в небо. (52)Дед говорил о каждой звезде, а ещё мой дедушка был влюблён в Луну. (53)Он знал о ней все.\n(54)Как-то сказал:\n(55)— Одни учёные утверждают: лунные кратеры — остатки потухших вулканов, другие доказывают — следы метеоритов. (56)Я уверен, лунные кратеры — застывшие взгляды великих. (57)Вот очи Пушкина, а здесь глаза Блока, дальше — взор Бунина, а прямо перед тобой — Маяковского; Луна — музей любви человека. (58)Но чтобы попасть в этот музей, нужно любить так, чтобы сгорать, как метеорит, с ума сходить, как вулкан!\n(59)— Не получается у меня, дед.\n(60)— Что не получается?\n(61)— Ничего не понимаю, во всем запутался. (62)Дедушка, а кто они такие — осенние люди? (63)Может, я и есть осенний?\n(64)— Нельзя мне все вопросы решать за тебя, есть такие, на которые ответишь только сам.\n(65)— Ой, дед, завидую я тебе.\n(66)— Это не так уж и плохо, я интересно жил.\n(67)— Дедушка, а как дальше мне, что делать?\n(68)3асыпая, я вновь услышал его голос:\n(69)— Внук, так хочется, чтобы ты знал: дед твой жив! (70)Жив твой дед!\n(71)Я встал, открыл форточку и заорал на всю улицу, во всю ночь:\n(72)— Люди, жив мой дед! (73)Мой умный, добрый, осенний дед! (74)Мой остров! (75)Моя Земля!\n"}, "text": "В жизни каждого из нас есть люди, которым мы дороги и которые дороги нам, и главное место среди них, разумеется, занимают близкие родственники, воспитывающие с раннего детства и помогающие найти свой путь в этом мире. Поэтому в приведённом тексте Алексей Дмитриевич Попов затрагивает актуальную и очень важную проблему влияния родных людей на становление личности человека.\nПривлекая внимание читателей к данному вопросу, советский актёр, режиссёр и педагог рассказывает нам об одном удивительном дедушке, помогавшем своему внуку лучше понять себя и почувствовать жизнь вокруг. «Он учил меня любить, видеть, думать…», - вспоминал впоследствии внук о самом важном для него человеке, подчёркивая, что дед действительно дал ему очень многое. С другой стороны, дедушка со свойственной мудростью лет не давал внуку ответов на все вопросы, отмечая, что «есть такие, на которые ответишь только сам», так как именно самостоятельное познание обеспечивает духовный рост молодой личности.\nПозиция автора выражена чётко и однозначно: такие люди, как этот умный, добрый «осенний дед» навечно оставляют в душе неизгладимое впечатление. Не случайно, говоря о дедушке, он устами внука называет его «мой остров, мой материк, моя Земля».\nНельзя не согласиться с мнением автора, так как очень многие знания об окружающей действительности мы в самом деле получаем от близких родственников, сопровождающих нас через детство и юность, формирующих наш характер и образ жизни.\nПроблема влияния родных людей на становление личности часто поднимается в творчестве русских писателей. Например, в романе-эпопее «Война и мир» Л.Н. Толстого перед нами предстаёт семья Болконских. Глава семейства – старый князь Николай Болконский – всю жизнь являлся непререкаемым авторитетом для своих детей Андрея и Марьи; под его строгой опекой сын вырос серьёзным, вдумчивым и храбрым человеком, а дочь – скромной, чуткой и образованной девушкой, что отличало их от многих беззаботных сверстников и позволило в итоге стать прекрасными людьми, не уронившими честь и достоинство своей фамилии.\nДругим характерным примером влияния близкого человека является главный герой произведения А.П. Платонова «Юшка», взявший на себя заботы об обеспечении девочки-сироты, пристроенной им в одно семейство в Москве. Каждое лето после года упорной работы Юшка посещал её и приносил накопленные деньги, чтобы его воспитанница жила и училась. В конечном счёте девушка стала врачом в надежде избавить своего благодетеля от мучавшей его грудной болезни. К сожалению, она не успевает застать его живым, однако остаётся в деревне в качестве сельского доктора. И хотя Юшка не был её кровным родственником, его доброта и самоотверженность стали тем вектором, что определил склад характера самой воспитанницы, её дальнейшую судьбу и отношение к людям.\nПодводя итог вышесказанному, хочется повторить, что впечатления детства и юности – самые важные впечатления жизни, а потому близкие люди, находящиеся с нами в этом возрасте, оказывают огромное влияние на всю дальнейшую дорогу каждого из нас.", "fileName": "0009333.json", "selections": [{"id": 0, "group": "error", "startSelection": 19, "endSelection": 22, "explanation": "Повторение одного и того же слова в разных формах.", "tag": "", "type": "Р.повтор", "subtype": "", "comment": "", "correction": ""}, {"id": 1, "group": "error", "startSelection": 45, "endSelection": 51, "explanation": "Повторение одного и того же слова.", "tag": "", "type": "Р.повтор", "subtype": "", "comment": "", "correction": ""}, {"id": 2, "group": "error", "startSelection": 62, "endSelection": 68, "explanation": "Повторение одного и того же слова.", "tag": "", "type": "Р.повтор", "subtype": "", "comment": "", "correction": ""}, {"id": 3, "group": "error", "startSelection": 69, "endSelection": 72, "explanation": "Повторение одного и того же слова в разных формах.", "tag": "", "type": "Р.повтор", "subtype": "", "comment": "", "correction": ""}, {"id": 4, "group": "error", "startSelection": 240, "endSelection": 246, "explanation": "", "tag": "REPLACE_текст_тест", "type": "А.лекс", "subtype": "конт", "comment": "", "correction": "тесте"}, {"id": 5, "group": "error", "startSelection": 355, "endSelection": 372, "explanation": "Слово «личность» и само по себе обозначает человека, поэтому не нужно употреблять оба слова одновременно.", "tag": "", "type": "Р.ЛИШН", "subtype": "плеон", "comment": "", "correction": ""}, {"id": 6, "group": "error", "startSelection": 497, "endSelection": 504, "explanation": "Повторение однокоренных слов.", "tag": "", "type": "Р.тавт", "subtype": "", "comment": "", "correction": ""}, {"id": 7, "group": "error", "startSelection": 650, "endSelection": 662, "explanation": "Превосходную степень «важнейший» незачем дополнительно усиливать словом «самый».", "tag": "", "type": "Г.ЛИШН", "subtype": "лишн", "comment": "", "correction": ""}, {"id": 8, "group": "error", "startSelection": 699, "endSelection": 702, "explanation": "Повторение однокоренных слов.", "tag": "", "type": "Р.тавт", "subtype": "", "comment": "", "correction": ""}, {"id": 9, "group": "error", "startSelection": 757, "endSelection": 764, "explanation": "Повторение однокоренных слов.", "tag": "", "type": "Р.тавт", "subtype": "", "comment": "", "correction": ""}, {"id": 10, "group": "error", "startSelection": 810, "endSelection": 817, "explanation": "Повторение однокоренных слов.", "tag": "", "type": "Р.тавт", "subtype": "", "comment": "", "correction": ""}, {"id": 11, "group": "error", "startSelection": 871, "endSelection": 879, "explanation": "Повторение однокоренных слов.", "tag": "", "type": "Р.тавт", "subtype": "", "comment": "", "correction": ""}, {"id": 12, "group": "error", "startSelection": 1355, "endSelection": 1368, "explanation": "Повторение однокоренных слов.", "tag": "", "type": "Р.тавт", "subtype": "", "comment": "", "correction": ""}, {"id": 13, "group": "error", "startSelection": 1470, "endSelection": 1476, "explanation": "Повторение однокоренных слов.", "tag": "", "type": "Р.тавт", "subtype": "", "comment": "", "correction": ""}, {"id": 14, "group": "error", "startSelection": 1632, "endSelection": 1637, "explanation": "Повторение однокоренных слов.", "tag": "", "type": "Р.тавт", "subtype": "", "comment": "", "correction": ""}, {"id": 15, "group": "error", "startSelection": 1649, "endSelection": 2048, "explanation": "Слишком длинное предложение с точки зрения выбранного стиля проверки. Измените настройку, выберите более свободный стиль или разбейте это предложение на несколько более коротких.", "tag": "message.txt: 0:0", "type": "А.лекс", "subtype": "конт", "comment": "", "correction": ""}, {"id": 16, "group": "error", "startSelection": 1656, "endSelection": 1665, "explanation": "Повторение однокоренных слов.", "tag": "", "type": "Р.тавт", "subtype": "", "comment": "", "correction": ""}, {"id": 17, "group": "error", "startSelection": 2155, "endSelection": 2159, "explanation": "Разговорное выражение, придающее тексту непринуждённый характер.", "tag": "RAZG.doc 1497028993", "type": "А.лекс", "subtype": "конт", "comment": "", "correction": ""}, {"id": 18, "group": "error", "startSelection": 2297, "endSelection": 2301, "explanation": "Разговорное выражение, придающее тексту непринуждённый характер.", "tag": "RAZG.doc 1497028993", "type": "А.лекс", "subtype": "конт", "comment": "", "correction": ""}, {"id": 19, "group": "error", "startSelection": 2350, "endSelection": 2353, "explanation": "Повторение одного и того же слова.", "tag": "", "type": "Р.повтор", "subtype": "", "comment": "", "correction": ""}, {"id": 20, "group": "error", "startSelection": 2471, "endSelection": 2474, "explanation": "Повторение одного и того же слова.", "tag": "", "type": "Р.повтор", "subtype": "", "comment": "", "correction": ""}, {"id": 21, "group": "error", "startSelection": 2529, "endSelection": 2532, "explanation": "Повторение одного и того же слова.", "tag": "", "type": "Р.повтор", "subtype": "", "comment": "", "correction": ""}, {"id": 22, "group": "error", "startSelection": 2603, "endSelection": 2607, "explanation": "Разговорное выражение, придающее тексту непринуждённый характер.", "tag": "RAZG.doc 1497028993", "type": "А.лекс", "subtype": "конт", "comment": "", "correction": ""}, {"id": 23, "group": "error", "startSelection": 2641, "endSelection": 2644, "explanation": "Повторение одного и того же слова.", "tag": "", "type": "Р.повтор", "subtype": "", "comment": "", "correction": ""}, {"id": 24, "group": "error", "startSelection": 2778, "endSelection": 2783, "explanation": "Повторение одного и того же слова в разных формах.", "tag": "", "type": "Р.повтор", "subtype": "", "comment": "", "correction": ""}, {"id": 25, "group": "error", "startSelection": 2868, "endSelection": 2880, "explanation": "Превосходную степень «важнейший» незачем дополнительно усиливать словом «самый».", "tag": "", "type": "Г.ЛИШН", "subtype": "лишн", "comment": "", "correction": ""}, {"id": 26, "group": "error", "startSelection": 2837, "endSelection": 2848, "explanation": "Повторение одного и того же слова.", "tag": "", "type": "Р.повтор", "subtype": "", "comment": "", "correction": ""}, {"id": 27, "group": "error", "startSelection": 2881, "endSelection": 2892, "explanation": "Повторение одного и того же слова.", "tag": "", "type": "Р.повтор", "subtype": "", "comment": "", "correction": ""}, {"id": 28, "group": "error", "startSelection": 2917, "endSelection": 2921, "explanation": "Повторение одного и того же слова в разных формах.", "tag": "", "type": "Р.повтор", "subtype": "", "comment": "", "correction": ""}, {"id": 29, "group": "error", "startSelection": 2937, "endSelection": 2941, "explanation": "Повторение одного и того же слова в разных формах.", "tag": "", "type": "Р.повтор", "subtype": "", "comment": "", "correction": ""}, {"id": 30, "group": "error", "startSelection": 3022, "endSelection": 3025, "explanation": "Повторение одного и того же слова в разных формах.", "tag": "", "type": "Р.повтор", "subtype": "", "comment": "", "correction": ""}, {"id": 32, "group": "meaning", "startSelection": 218, "endSelection": 373, "type": "ПРОБЛЕМА", "subtype": "", "explanation": "", "correction": "", "tag": "", "comment": ""}, {"id": 33, "group": "meaning", "startSelection": 978, "endSelection": 1219, "type": "ПОЗИЦИЯ", "subtype": "", "explanation": "", "correction": "", "tag": "", "comment": ""}, {"id": 34, "group": "meaning", "startSelection": 1220, "endSelection": 2784, "type": "ОТНОШЕНИЕ", "subtype": "", "explanation": "", "correction": "", "tag": "", "comment": ""}]}