{"meta": {"uuid": "fbfbfaa6-9bd8-4f54-89e6-89c59db224cf", "id": "0009340", "name": "0009340_ru_rus_problema_nravstvennoy_degradacii_noexp.txt", "subject": "rus", "test": "егэ тренировка", "category": "", "year": 2018, "class": "11", "theme": "Проблема нравственной деградации (По тексту Л.М. Леонова)", "taskText": "(1)В те отдалённые прежние времена приблизительно на том же уровне распада цивилизаций, какой мы наблюдаем сейчас, суровые обличающие пророки зарождались в народах, и потом босые, простоволосые идеи разгневанно, с мечом и факелом в руках, врывались в действительность, чтобы произвести необходимую санитарную чистку. (2)Природа слишком много потратила надежд и усилий на человека, чтобы так запросто и по-собачьи дать ему умереть. (3)Последний век машина цивилизации работала на критических скоростях с риском смертельной перегрузки. (4)Всё сильнее обжигала дыхание взвешенная в воздухе пыль нравственного износа.\n(5)Казалось бы, у наших современников нет оснований для особого пессимизма. (6)Ведь всё так планомерно движется вокруг. (7)Прогресс находится в добром здравии и рвётся вперёд на всём скаку. (8)Сверкают переполненные товарами витрины, по улицам движутся потоки прохожих, туристов, всяких наисовременнейших автомобилей. (9)Воздушные лайнеры за сутки преодолевают расстояния, на которые Марко Поло и Афанасию Никитину потребовалось по три года. (10)Весь мир оклеен увлекательными афишами, призывающими с помощью разных средств незаметно скоротать скуку жизни. (11)Музеев уже не хватает для передовых произведений искусства, а пытливые науки с чрезвычайным коэффициентом полезного действия прощупывают окружающую неизвестность, дабы извлечь оттуда пользу для дальнейших удовольствий. (12)У каждого в руках диковинные приборы, позволяющие общаться чуть ли не с Северным полюсом, которые навели бы ужас на наших ничего не смысливших в технике предков.\n(13)Но посмотрите, как дрожат стрелки манометров, определяющих духовное благополучие в мире, как стелется горелый чад от перегретых под ногами, перенапряжённых проводов, как обжигает лицо не в меру раскалённый воздух, какие подозрительные гулы ползут по земле не только от пробуждения материков или зарождения новаторских идей, но и ещё от чего-то… (14)Нечто подобное испытываешь во сне, когда, подкравшись к двери, слышишь за нею скрытное, затаившееся дыхание какого-то неописуемого существа, которое только и ждёт момента вставить колено, чуть приоткроется малая щёлка, и ворваться к тебе в тёплое, обжитое жильё.\n(15)Такое впечатление, что человечество приблизилось к финалу отпущенной ему скромной вечности. (16)А наука, с разбегу пробившись сквозь нулевую фазу времени и физического бытия, ворвётся в иное, ещё не освоенное математическое пространство с переносом туда интеллектуальной столицы мироздания. (17)Очевидный теперь крах вчерашней эры завершится неминуемым пересмотром печально не оправдавшей себя парности Добра и Зла.\n(18)Знание помогает заглянуть в бездну, но не содержит указаний, как не сорваться в неё. (19)Самый же прогресс следует уподобить горению бикфордова шнура: счастье наше в том и состоит, что не видно, как мало осталось до заряда.\n"}, "text": "Общественный прогресс – переход общества, а вместе с ним и человека, к более сложной и развитой системе организации. Для данного явления характерны множество признаков, например информатизация общества, повышение производства товаров, улучшение жизни человека, а именно - все меняется коренным образом: любую информацию человек может добыть за несколько секунд, исследовать мир, не выходя из дома. Но как влияет общественный прогресс на духовную составляющую человека? Именно проблему духовной деградации человека затрагивает в данном тексте Леонид Максимович Леонов.\nДанную проблему автор подробно раскрывает, рассуждая о том, как наше общество за последние сто лет изменилось в худшую сторону: для передовых произведений искусства недостаточно музеев, а науки вынуждены пробиваться в неизвестность, дабы извлечь оттуда пользу для дальнейших удовольствий. Автор показывает нам, что переизбыток информации в современном мире приводит к тому, что действительно важные знания становится незаметными в изобилии информационного мусора.\nПо мнению автора, «человечество приблизилось к финалу отпущенной ему скромной вечности», а сам прогресс представляет собой горение бикфордова шнура, и счастье человек состоит в неизвестности по поводу отведенного ему времени.\nЯ полностью согласна с мнением автора, и считаю, что прогресс не всегда представляет собой лишь позитивное явление. Человек с появлением технических средств достаточно серьезно деградировал. В XXI веке принято с самого детства наполнять жизнь ребенка современными технологиями: просмотр телевизора, игра в телефоны родителей. По моему мнению, именно это и является причиной духовной деградации человека. Такой ребенок вырастет ленивым, будет считать, что образование ему не нужно, и в итоге такие люди, как он приведут общество к неминуемому разложению.\nГоворя о влиянии прогресса на жизнь человека, нельзя не вспомнить рассказ Дугласа Рэя Брэдбери «Вельд». В нем повествуется о семье, которая живет в полностью автоматизированном доме типа «Все для счастья». Уже в названии дома автор использует иронию, так как, на деле, его жители совершенно не счастливы. Лидия и Джордж – родители семейства, чувствуют в полностью автоматизированном доме то, что они стали не нужны собственным детям. Последние, в свою очередь, не любят никого, кроме своей комнаты, а родителям, которые должны для детей всегда стоять на первом месте, они отвечают с агрессией, злостью, и заявляют об открытой ненависти. Таким образом, автор стремится показать, что прогресс всегда будет нести за собой и негативные последствия, поскольку он фактически олицетворяет развитие с одной сфере общества и деградацию в другой.\nВ заключение хочется сказать, что проблема духовной деградации человека из-за активного развития прогресса невероятно актуальна, поскольку в современном мире это явление затрагивает каждого из нас.", "fileName": "0009340.json", "selections": [{"id": 0, "group": "error", "startSelection": 0, "endSelection": 12, "explanation": "Повторение одинаковых и однокоренных слов.", "tag": "", "type": "Р.тавт", "subtype": "", "comment": "", "correction": ""}, {"id": 1, "group": "error", "startSelection": 32, "endSelection": 40, "explanation": "Повторение одинаковых и однокоренных слов.", "tag": "", "type": "Р.тавт", "subtype": "", "comment": "", "correction": ""}, {"id": 2, "group": "error", "startSelection": 59, "endSelection": 67, "explanation": "Повторение одного и того же слова в разных формах.", "tag": "", "type": "Р.повтор", "subtype": "", "comment": "", "correction": ""}, {"id": 3, "group": "error", "startSelection": 116, "endSelection": 397, "explanation": "Предложение сложно для восприятия, так как перегружено существительными. Попробуйте разбить его на несколько более коротких.", "tag": "message.txt: 3:2", "type": "А.лекс", "subtype": "конт", "comment": "", "correction": ""}, {"id": 4, "group": "error", "startSelection": 193, "endSelection": 201, "explanation": "Повторение одинаковых и однокоренных слов.", "tag": "", "type": "Р.тавт", "subtype": "", "comment": "", "correction": ""}, {"id": 5, "group": "error", "startSelection": 251, "endSelection": 259, "explanation": "Повторение одного и того же слова в разных формах.", "tag": "", "type": "Р.повтор", "subtype": "", "comment": "", "correction": ""}, {"id": 6, "group": "error", "startSelection": 320, "endSelection": 327, "explanation": "Повторение одного и того же слова в разных формах.", "tag": "", "type": "Р.повтор", "subtype": "", "comment": "", "correction": ""}, {"id": 7, "group": "error", "startSelection": 437, "endSelection": 445, "explanation": "Повторение одного и того же слова в разных формах.", "tag": "", "type": "Р.повтор", "subtype": "", "comment": "", "correction": ""}, {"id": 8, "group": "error", "startSelection": 459, "endSelection": 467, "explanation": "Повторение одного и того же слова.", "tag": "", "type": "Р.повтор", "subtype": "", "comment": "", "correction": ""}, {"id": 9, "group": "error", "startSelection": 485, "endSelection": 493, "explanation": "Повторение одного и того же слова в разных формах.", "tag": "", "type": "Р.повтор", "subtype": "", "comment": "", "correction": ""}, {"id": 10, "group": "error", "startSelection": 505, "endSelection": 513, "explanation": "Повторение одного и того же слова.", "tag": "", "type": "Р.повтор", "subtype": "", "comment": "", "correction": ""}, {"id": 11, "group": "error", "startSelection": 528, "endSelection": 534, "explanation": "Повторение одного и того же слова в разных формах.", "tag": "", "type": "Р.повтор", "subtype": "", "comment": "", "correction": ""}, {"id": 12, "group": "error", "startSelection": 801, "endSelection": 805, "explanation": "Устаревшее слово. В современном тексте оно имеет архаический характер.  Совр. аналог: чтобы.", "tag": "Ustar.doc -1651429741", "type": "А.лекс", "subtype": "конт", "comment": "", "correction": ""}, {"id": 13, "group": "error", "startSelection": 568, "endSelection": 574, "explanation": "Повторение одного и того же слова в разных формах.", "tag": "", "type": "Р.повтор", "subtype": "", "comment": "", "correction": ""}, {"id": 14, "group": "error", "startSelection": 974, "endSelection": 984, "explanation": "Повторение одинаковых и однокоренных слов.", "tag": "", "type": "Р.тавт", "subtype": "", "comment": "", "correction": ""}, {"id": 15, "group": "error", "startSelection": 1136, "endSelection": 1148, "explanation": "Повторение одинаковых и однокоренных слов.", "tag": "", "type": "Р.тавт", "subtype": "", "comment": "", "correction": ""}, {"id": 16, "group": "error", "startSelection": 1199, "endSelection": 1206, "explanation": "Повторение одинаковых и однокоренных слов.", "tag": "", "type": "Р.тавт", "subtype": "", "comment": "", "correction": ""}, {"id": 17, "group": "error", "startSelection": 1226, "endSelection": 1232, "explanation": "Повторение однокоренных слов.", "tag": "", "type": "Р.тавт", "subtype": "", "comment": "", "correction": ""}, {"id": 18, "group": "error", "startSelection": 1233, "endSelection": 1244, "explanation": "Повторение однокоренных слов.", "tag": "", "type": "Р.тавт", "subtype": "", "comment": "", "correction": ""}, {"id": 19, "group": "error", "startSelection": 1330, "endSelection": 1342, "explanation": "Повторение одинаковых и однокоренных слов.", "tag": "", "type": "Р.тавт", "subtype": "", "comment": "", "correction": ""}, {"id": 20, "group": "error", "startSelection": 1365, "endSelection": 1372, "explanation": "Повторение однокоренных слов.", "tag": "", "type": "Р.тавт", "subtype": "", "comment": "", "correction": ""}, {"id": 21, "group": "error", "startSelection": 1384, "endSelection": 1394, "explanation": "Повторение однокоренных слов.", "tag": "", "type": "Р.тавт", "subtype": "", "comment": "", "correction": ""}, {"id": 22, "group": "error", "startSelection": 1395, "endSelection": 1406, "explanation": "Повторение однокоренных слов.", "tag": "", "type": "Р.тавт", "subtype": "", "comment": "", "correction": ""}, {"id": 23, "group": "error", "startSelection": 1509, "endSelection": 1521, "explanation": "", "tag": "REPLACE_a-so-pref_a-so-prep", "type": "А.лекс", "subtype": "конт", "comment": "", "correction": "со временными"}, {"id": 24, "group": "error", "startSelection": 1522, "endSelection": 1534, "explanation": "Повторение однокоренных слов.", "tag": "", "type": "Р.тавт", "subtype": "", "comment": "", "correction": ""}, {"id": 25, "group": "error", "startSelection": 1614, "endSelection": 1622, "explanation": "Повторение однокоренных слов.", "tag": "", "type": "Р.тавт", "subtype": "", "comment": "", "correction": ""}, {"id": 26, "group": "error", "startSelection": 1842, "endSelection": 1847, "explanation": "Повторение однокоренных слов.", "tag": "", "type": "Р.тавт", "subtype": "", "comment": "", "correction": ""}, {"id": 27, "group": "error", "startSelection": 1952, "endSelection": 1957, "explanation": "Повторение однокоренных слов.", "tag": "", "type": "Р.тавт", "subtype": "", "comment": "", "correction": ""}, {"id": 28, "group": "error", "startSelection": 1989, "endSelection": 1993, "explanation": "Повторение одного и того же слова в разных формах.", "tag": "", "type": "Р.повтор", "subtype": "", "comment": "", "correction": ""}, {"id": 29, "group": "error", "startSelection": 2033, "endSelection": 2037, "explanation": "Повторение одного и того же слова в разных формах.", "tag": "", "type": "Р.повтор", "subtype": "", "comment": "", "correction": ""}, {"id": 30, "group": "error", "startSelection": 2195, "endSelection": 2199, "explanation": "Повторение одного и того же слова в разных формах.", "tag": "", "type": "Р.повтор", "subtype": "", "comment": "", "correction": ""}, {"id": 31, "group": "error", "startSelection": 2239, "endSelection": 2244, "explanation": "Повторение одного и того же слова в разных формах.", "tag": "", "type": "Р.повтор", "subtype": "", "comment": "", "correction": ""}, {"id": 32, "group": "error", "startSelection": 2259, "endSelection": 2263, "explanation": "Повторение одного и того же слова в разных формах.", "tag": "", "type": "Р.повтор", "subtype": "", "comment": "", "correction": ""}, {"id": 33, "group": "error", "startSelection": 2296, "endSelection": 2301, "explanation": "Повторение одного и того же слова в разных формах.", "tag": "", "type": "Р.повтор", "subtype": "", "comment": "", "correction": ""}, {"id": 34, "group": "error", "startSelection": 2343, "endSelection": 2348, "explanation": "Повторение одного и того же слова в разных формах.", "tag": "", "type": "Р.повтор", "subtype": "", "comment": "", "correction": ""}, {"id": 35, "group": "error", "startSelection": 2603, "endSelection": 2604, "explanation": "", "tag": "REPLACE_с_в", "type": "А.лекс", "subtype": "конт", "comment": "", "correction": "в"}, {"id": 36, "group": "error", "startSelection": 2594, "endSelection": 2602, "explanation": "Повторение одного и того же слова в разных формах.", "tag": "", "type": "Р.повтор", "subtype": "", "comment": "", "correction": ""}, {"id": 37, "group": "error", "startSelection": 2628, "endSelection": 2638, "explanation": "Повторение одного и того же слова в разных формах.", "tag": "", "type": "Р.повтор", "subtype": "", "comment": "", "correction": ""}, {"id": 38, "group": "error", "startSelection": 2701, "endSelection": 2711, "explanation": "Повторение одного и того же слова в разных формах.", "tag": "", "type": "Р.повтор", "subtype": "", "comment": "", "correction": ""}, {"id": 39, "group": "error", "startSelection": 2737, "endSelection": 2745, "explanation": "Повторение одного и того же слова в разных формах.", "tag": "", "type": "Р.повтор", "subtype": "", "comment": "", "correction": ""}, {"id": 41, "group": "meaning", "startSelection": 0, "endSelection": 567, "type": "ПРОБЛЕМА", "subtype": "", "explanation": "", "correction": "", "tag": "", "comment": ""}, {"id": 42, "group": "meaning", "startSelection": 568, "endSelection": 1031, "type": "ПОЗИЦИЯ", "subtype": "", "explanation": "", "correction": "", "tag": "", "comment": ""}, {"id": 43, "group": "meaning", "startSelection": 1032, "endSelection": 1257, "type": "ПРИМЕР", "subtype": "", "explanation": "", "correction": "", "tag": "", "comment": ""}, {"id": 44, "group": "meaning", "startSelection": 1258, "endSelection": 2648, "type": "ОТНОШЕНИЕ", "subtype": "", "explanation": "", "correction": "", "tag": "", "comment": ""}]}