{"meta": {"uuid": "d0703fa4-362e-45a7-a2c3-8473a5868b2c", "id": "0009245", "name": "0009245_ru_rus_pochemu_toska_po_rodine_nikogda_ne_prohodit_noexp.txt", "subject": "rus", "test": "егэ тренировка", "category": "", "year": 2021, "class": "11", "theme": "Почему тоска по родине никогда не проходит? (По тексту В. П. Астафьева)", "taskText": "(1)На задворках нашего села стояло на сваях длинное помещение из досок. (2)Я первый раз в жизни здесь услышал музыку — скрипку. (3)На ней играл Вася-поляк. (4)О чём мне рассказывала музыка? (5)О чём-то очень большом. (6)На что же это жаловалась она, на кого гневалась? (7)Тревожно и горько мне. (8)Хочется заплакать, оттого что мне жалко самого себя, жалко тех, что спят непробудным сном на кладбище!\n(9)Вася, не переставая играть, говорил: «(10)Эту музыку написал человек, которого лишили самого дорогого. (11)Если у человека нет матери, нет отца, но есть родина, он ещё не сирота. (12)Всё проходит: любовь, сожаление о ней, горечь утрат, даже боль от ран, — но никогда не проходит и не гаснет тоска по родине. (13)Эту музыку написал мой земляк Огинский. (14)Написал на границе, прощаясь с родиной. (15)Он посылал ей последний привет. (16)Давно уже нет композитора на свете, но боль его, тоска его, любовь к родной земле, которую никто не может отнять, жива до сих пор».\n(17)«Спасибо вам, дяденька», — прошептал я. (18)«За что, мальчик?» — (19)«3а то, что я не сирота». (20)Восторженными слезами благодарил я Васю, этот мир ночной, спящее село, а также спящий за ним лес. (21)В эти минуты не было для меня зла. (22)Мир был добр и одинок так же, как я. (23)Во мне звучала музыка о неистребимой любви к родине! (24)Енисей, не спящий даже ночью, молчаливое село за моей спиной, кузнечик, из последних сил работающий наперекор осени в крапиве, отливающей металлом, — это была моя родина.\n(25)...Прошло много лет. (26)И вот однажды в конце войны я стоял возле пушек в разрушенном польском городе. (27)Кругом пахло гарью, пылью. (28)И вдруг в доме, расположенном через улицу от меня, раздались звуки органа. (29)Эта музыка разбередила воспоминания. (30)Когда-то мне хотелось умереть от непонятной печали и восторга после того, как я послушал полонез Огинского. (31)Но теперь та же музыка, которую я слушал в детстве, преломилась во мне и закаменела, особенно та её часть, от которой я плакал когда-то. (32)Музыка так же, как и в ту далёкую ночь, хватала за горло, но не выжимала слёз, не прорастала жалостью. (33)Она звала куда-то, заставляла что-нибудь делать, чтобы потухли эти пожары, чтобы люди не ютились в горящих развалинах, чтобы небо не подбрасывало взрывами. (34)Музыка властвовала над оцепеневшим от горя городом, та самая музыка, которую, как вздох своей земли, хранил в сердце человек, никогда не видавший родины и всю жизнь тосковавший о ней.\n"}, "text": "Почему тоска по родине никогда не проходит? Именно над этой проблемой размышляет автор текста Виктор Петрович Астафьев.\nЗадумываясь над этим вопросом, Астафьев повествует о том, как однажды в детстве \"услышал музыку - скрипку\". На этой скрипке играл Вася-поляк, который поведал рассказчику, что \"эту музыку написал Человек, которого лишили самого дорогого\". После чего Вася отметил: \" никогда не проходит и не гаснет тоска по родине\". Музыку эту написал Огинский \"прощаясь с родиной\". Через неё он передал всю свою любовь к родной земле. Рассказчик отблагодарил Васю, потому что понял, что счастлив, ведь у него есть родина, а значит он \"не сирота\". Этим примером автор показал, что родина вызывает у человека очень сильные чувства.\nДля большего раскрытия своей мысли автор приводит другой пример. В конце войны во время пребывания в \"Разрушенном польском городе\", будучи уже взрослым, рассказчик слышит знакомый с детства тот самый \"полонез Огинского\". Однако его чувства отличаются от тех, которые когда-то он испытывал в детстве. Теперь эта музыка \"звала куда-то, заставляла что-нибудь делать\". После чего автор отмечает, что та самая музыка, которую \"хранил в сердце человек, никогда не видевший родины и всю жизнь тосковавший о ней\" властвовала над \"оцепеневшим от горя городом\". Тем самым, через образ разрушенного города и ту самую музыку Астафьев полностью передает чувства людей, тоскующих по родным местам. В этом примере автор показал, что длительное нахождение вдали от обостряет чувства, делает их уязвимыми.\nОба примера, дополняя друг друга, дают понять, что по родине человек может тосковать всю жизнь, ведь помимо родных это самое дорогое, что у него есть.\nПозиция автора очевидна, В. Астафьев считает, что всё проходит: любовь, сожаление о ней, горечь утрат, даже боль от ран, - но никогда не проходит и не гаснет тоска по родине.\nЯ согласен с позицией автора, ведь действительно тоска по родине никогда не пройдёт. Поскольку это то место, в котором человек родился и вырос, здесь сформировались его основные воззрения и интересы. Находясь в родном месте, человек счастлив, ведь всё, что его окружает, ему знакомо с детства. Именно поэтому этого места ему будет всегда не хватать.\nИсходя из всего вышесказанного, можно сделать вывод, что тоска по родине равносильна тоске по родным и близким людям. Ведь большинство из нас свои ранние годы проводили именно на родине. Там происходили наши первые знакомства и дружба, первые ошибки и похвалы. Поэтому для нас родина это нечто большее, чем просто место.", "fileName": "0009245.json", "selections": [{"id": 0, "group": "error", "startSelection": 209, "endSelection": 215, "explanation": "Повторение одного и того же слова.", "tag": "", "type": "Р.повтор", "subtype": "", "comment": "", "correction": ""}, {"id": 1, "group": "error", "startSelection": 218, "endSelection": 225, "explanation": "Повторение одного и того же слова в разных формах.", "tag": "", "type": "Р.повтор", "subtype": "", "comment": "", "correction": ""}, {"id": 2, "group": "error", "startSelection": 236, "endSelection": 243, "explanation": "Повторение одного и того же слова в разных формах.", "tag": "", "type": "Р.повтор", "subtype": "", "comment": "", "correction": ""}, {"id": 3, "group": "error", "startSelection": 300, "endSelection": 306, "explanation": "Повторение одного и того же слова.", "tag": "", "type": "Р.повтор", "subtype": "", "comment": "", "correction": ""}, {"id": 4, "group": "error", "startSelection": 374, "endSelection": 381, "explanation": "", "tag": "REPLACE_отмечать_отвечать", "type": "А.лекс", "subtype": "конт", "comment": "", "correction": "ответил"}, {"id": 5, "group": "error", "startSelection": 435, "endSelection": 441, "explanation": "Повторение одного и того же слова.", "tag": "", "type": "Р.повтор", "subtype": "", "comment": "", "correction": ""}, {"id": 6, "group": "error", "startSelection": 498, "endSelection": 505, "explanation": "", "tag": "REPLACE_передать_предать", "type": "А.лекс", "subtype": "конт", "comment": "", "correction": "предал"}, {"id": 7, "group": "error", "startSelection": 524, "endSelection": 530, "explanation": "Повторение одинаковых и однокоренных слов.", "tag": "", "type": "Р.тавт", "subtype": "", "comment": "", "correction": ""}, {"id": 8, "group": "error", "startSelection": 617, "endSelection": 623, "explanation": "Повторение одинаковых и однокоренных слов.", "tag": "", "type": "Р.повтор", "subtype": "", "comment": "", "correction": ""}, {"id": 9, "group": "error", "startSelection": 655, "endSelection": 663, "explanation": "Повторение одного и того же слова в разных формах.", "tag": "", "type": "Р.повтор", "subtype": "", "comment": "", "correction": ""}, {"id": 10, "group": "error", "startSelection": 683, "endSelection": 689, "explanation": "Повторение одинаковых и однокоренных слов.", "tag": "", "type": "Р.повтор", "subtype": "", "comment": "", "correction": ""}, {"id": 11, "group": "error", "startSelection": 790, "endSelection": 796, "explanation": "Повторение одного и того же слова в разных формах.", "tag": "", "type": "Р.повтор", "subtype": "", "comment": "", "correction": ""}, {"id": 12, "group": "error", "startSelection": 1044, "endSelection": 1050, "explanation": "Повторение одного и того же слова.", "tag": "", "type": "Р.повтор", "subtype": "", "comment": "", "correction": ""}, {"id": 13, "group": "error", "startSelection": 1132, "endSelection": 1137, "explanation": "Повторение одного и того же слова в разных формах.", "tag": "", "type": "Р.повтор", "subtype": "", "comment": "", "correction": ""}, {"id": 14, "group": "error", "startSelection": 1138, "endSelection": 1144, "explanation": "Повторение одного и того же слова.", "tag": "", "type": "Р.повтор", "subtype": "", "comment": "", "correction": ""}, {"id": 15, "group": "error", "startSelection": 1200, "endSelection": 1206, "explanation": "Повторение однокоренных слов.", "tag": "", "type": "Р.тавт", "subtype": "", "comment": "", "correction": ""}, {"id": 16, "group": "error", "startSelection": 1275, "endSelection": 1282, "explanation": "Повторение одного и того же слова в разных формах.", "tag": "", "type": "Р.повтор", "subtype": "", "comment": "", "correction": ""}, {"id": 17, "group": "error", "startSelection": 1289, "endSelection": 1294, "explanation": "Повторение одного и того же слова в разных формах.", "tag": "", "type": "Р.повтор", "subtype": "", "comment": "", "correction": ""}, {"id": 18, "group": "error", "startSelection": 1321, "endSelection": 1327, "explanation": "Повторение одного и того же слова в разных формах.", "tag": "", "type": "Р.повтор", "subtype": "", "comment": "", "correction": ""}, {"id": 19, "group": "error", "startSelection": 1333, "endSelection": 1338, "explanation": "Повторение одного и того же слова в разных формах.", "tag": "", "type": "Р.повтор", "subtype": "", "comment": "", "correction": ""}, {"id": 20, "group": "error", "startSelection": 1374, "endSelection": 1381, "explanation": "Повторение одного и того же слова.", "tag": "", "type": "Р.повтор", "subtype": "", "comment": "", "correction": ""}, {"id": 21, "group": "error", "startSelection": 1402, "endSelection": 1408, "explanation": "Повторение однокоренных слов.", "tag": "", "type": "Р.тавт", "subtype": "", "comment": "", "correction": ""}, {"id": 22, "group": "error", "startSelection": 1479, "endSelection": 1491, "explanation": "Предлог перед глаголом. Возможно, ошибка.", "tag": "message.txt: 2:8", "type": "А.лекс", "subtype": "конт", "comment": "", "correction": ""}, {"id": 23, "group": "error", "startSelection": 1479, "endSelection": 1481, "explanation": "", "tag": "REPLACE_от_он", "type": "А.лекс", "subtype": "конт", "comment": "", "correction": "он"}, {"id": 24, "group": "error", "startSelection": 1424, "endSelection": 1431, "explanation": "Повторение одного и того же слова в разных формах.", "tag": "", "type": "Р.повтор", "subtype": "", "comment": "", "correction": ""}, {"id": 25, "group": "error", "startSelection": 1492, "endSelection": 1499, "explanation": "Повторение одного и того же слова.", "tag": "", "type": "Р.повтор", "subtype": "", "comment": "", "correction": ""}, {"id": 26, "group": "error", "startSelection": 1522, "endSelection": 1554, "explanation": "Лучше обойтись без «оба» («примеры дополняют друг друга») или вообще использовать прилагательное «взаимодополняющие».", "tag": "", "type": "Р.ЛИШН", "subtype": null, "comment": "", "correction": ""}, {"id": 27, "group": "error", "startSelection": 1526, "endSelection": 1533, "explanation": "Повторение одного и того же слова в разных формах.", "tag": "", "type": "Р.повтор", "subtype": "", "comment": "", "correction": ""}, {"id": 28, "group": "error", "startSelection": 1576, "endSelection": 1582, "explanation": "Повторение однокоренных слов.", "tag": "", "type": "Р.тавт", "subtype": "", "comment": "", "correction": ""}, {"id": 29, "group": "error", "startSelection": 1630, "endSelection": 1636, "explanation": "Повторение однокоренных слов.", "tag": "", "type": "Р.тавт", "subtype": "", "comment": "", "correction": ""}, {"id": 30, "group": "error", "startSelection": 1799, "endSelection": 1806, "explanation": "Повторение одного и того же слова.", "tag": "", "type": "Р.повтор", "subtype": "", "comment": "", "correction": ""}, {"id": 31, "group": "error", "startSelection": 1810, "endSelection": 1818, "explanation": "Повторение однокоренных слов.", "tag": "", "type": "Р.тавт", "subtype": "", "comment": "", "correction": ""}, {"id": 32, "group": "error", "startSelection": 1831, "endSelection": 1836, "explanation": "Повторение одного и того же слова.", "tag": "", "type": "Р.повтор", "subtype": "", "comment": "", "correction": ""}, {"id": 33, "group": "error", "startSelection": 1840, "endSelection": 1846, "explanation": "Повторение однокоренных слов.", "tag": "", "type": "Р.повтор", "subtype": "", "comment": "", "correction": ""}, {"id": 34, "group": "error", "startSelection": 1897, "endSelection": 1902, "explanation": "Повторение одного и того же слова.", "tag": "", "type": "Р.повтор", "subtype": "", "comment": "", "correction": ""}, {"id": 35, "group": "error", "startSelection": 1906, "endSelection": 1912, "explanation": "Повторение однокоренных слов.", "tag": "", "type": "Р.повтор", "subtype": "", "comment": "", "correction": ""}, {"id": 36, "group": "error", "startSelection": 1913, "endSelection": 1920, "explanation": "Повторение одного и того же слова.", "tag": "", "type": "Р.повтор", "subtype": "", "comment": "", "correction": ""}, {"id": 37, "group": "error", "startSelection": 1924, "endSelection": 1931, "explanation": "Повторение однокоренных слов.", "tag": "", "type": "Р.тавт", "subtype": "", "comment": "", "correction": ""}, {"id": 38, "group": "error", "startSelection": 1950, "endSelection": 1955, "explanation": "Повторение одного и того же слова в разных формах.", "tag": "", "type": "Р.повтор", "subtype": "", "comment": "", "correction": ""}, {"id": 39, "group": "error", "startSelection": 1975, "endSelection": 1982, "explanation": "Повторение однокоренных слов.", "tag": "", "type": "Р.тавт", "subtype": "", "comment": "", "correction": ""}, {"id": 40, "group": "error", "startSelection": 2013, "endSelection": 2016, "explanation": "Повторение одного и того же слова.", "tag": "", "type": "Р.повтор", "subtype": "", "comment": "", "correction": ""}, {"id": 41, "group": "error", "startSelection": 2048, "endSelection": 2056, "explanation": "Повторение однокоренных слов.", "tag": "", "type": "Р.тавт", "subtype": "", "comment": "", "correction": ""}, {"id": 42, "group": "error", "startSelection": 2059, "endSelection": 2065, "explanation": "Повторение однокоренных слов.", "tag": "", "type": "Р.тавт", "subtype": "", "comment": "", "correction": ""}, {"id": 43, "group": "error", "startSelection": 2066, "endSelection": 2071, "explanation": "Повторение одного и того же слова в разных формах.", "tag": "", "type": "Р.повтор", "subtype": "", "comment": "", "correction": ""}, {"id": 44, "group": "error", "startSelection": 2105, "endSelection": 2108, "explanation": "Повторение одного и того же слова.", "tag": "", "type": "Р.повтор", "subtype": "", "comment": "", "correction": ""}, {"id": 45, "group": "error", "startSelection": 2163, "endSelection": 2168, "explanation": "Повторение одного и того же слова в разных формах.", "tag": "", "type": "Р.повтор", "subtype": "", "comment": "", "correction": ""}, {"id": 46, "group": "error", "startSelection": 2198, "endSelection": 2204, "explanation": "Повторение однокоренных слов.", "tag": "", "type": "Р.тавт", "subtype": "", "comment": "", "correction": ""}, {"id": 47, "group": "error", "startSelection": 2244, "endSelection": 2249, "explanation": "Повторение однокоренных слов.", "tag": "", "type": "Р.тавт", "subtype": "", "comment": "", "correction": ""}, {"id": 48, "group": "error", "startSelection": 2255, "endSelection": 2260, "explanation": "Повторение одного и того же слова в разных формах.", "tag": "", "type": "Р.повтор", "subtype": "", "comment": "", "correction": ""}, {"id": 49, "group": "error", "startSelection": 2264, "endSelection": 2270, "explanation": "Повторение одинаковых и однокоренных слов.", "tag": "", "type": "Р.повтор", "subtype": "", "comment": "", "correction": ""}, {"id": 50, "group": "error", "startSelection": 2283, "endSelection": 2288, "explanation": "Повторение одного и того же слова в разных формах.", "tag": "", "type": "Р.повтор", "subtype": "", "comment": "", "correction": ""}, {"id": 51, "group": "error", "startSelection": 2292, "endSelection": 2298, "explanation": "Повторение одинаковых и однокоренных слов.", "tag": "", "type": "Р.тавт", "subtype": "", "comment": "", "correction": ""}, {"id": 52, "group": "error", "startSelection": 2357, "endSelection": 2366, "explanation": "Повторение однокоренных слов.", "tag": "", "type": "Р.тавт", "subtype": "", "comment": "", "correction": ""}, {"id": 53, "group": "error", "startSelection": 2377, "endSelection": 2383, "explanation": "Повторение одинаковых и однокоренных слов.", "tag": "", "type": "Р.повтор", "subtype": "", "comment": "", "correction": ""}, {"id": 54, "group": "error", "startSelection": 2389, "endSelection": 2400, "explanation": "Повторение однокоренных слов.", "tag": "", "type": "Р.тавт", "subtype": "", "comment": "", "correction": ""}, {"id": 55, "group": "error", "startSelection": 2475, "endSelection": 2481, "explanation": "Повторение одинаковых и однокоренных слов.", "tag": "", "type": "Р.повтор", "subtype": "", "comment": "", "correction": ""}, {"id": 57, "group": "meaning", "startSelection": 44, "endSelection": 119, "type": "ПРОБЛЕМА", "subtype": "", "explanation": "", "correction": "", "tag": "", "comment": ""}, {"id": 58, "group": "meaning", "startSelection": 120, "endSelection": 434, "type": "ПРИМЕР", "subtype": "", "explanation": "", "correction": "", "tag": "", "comment": ""}, {"id": 59, "group": "meaning", "startSelection": 435, "endSelection": 537, "type": "ПОЯСНЕНИЕ", "subtype": "", "explanation": "", "correction": "", "tag": "", "comment": ""}, {"id": 60, "group": "meaning", "startSelection": 538, "endSelection": 649, "type": "ПРИМЕР", "subtype": "", "explanation": "", "correction": "", "tag": "", "comment": ""}, {"id": 61, "group": "meaning", "startSelection": 650, "endSelection": 732, "type": "ПОЯСНЕНИЕ", "subtype": "", "explanation": "", "correction": "", "tag": "", "comment": ""}, {"id": 62, "group": "meaning", "startSelection": 733, "endSelection": 953, "type": "ПРИМЕР", "subtype": "", "explanation": "", "correction": "", "tag": "", "comment": ""}, {"id": 63, "group": "meaning", "startSelection": 954, "endSelection": 1032, "type": "ПОЯСНЕНИЕ", "subtype": "", "explanation": "", "correction": "", "tag": "", "comment": ""}, {"id": 64, "group": "meaning", "startSelection": 1033, "endSelection": 1284, "type": "ПРИМЕР", "subtype": "", "explanation": "", "correction": "", "tag": "", "comment": ""}, {"id": 65, "group": "meaning", "startSelection": 1285, "endSelection": 1521, "type": "ПОЯСНЕНИЕ", "subtype": "", "explanation": "", "correction": "", "tag": "", "comment": ""}, {"id": 66, "group": "meaning", "startSelection": 1522, "endSelection": 1672, "type": "СВЯЗЬ", "subtype": "", "explanation": "", "correction": "", "tag": "", "comment": ""}, {"id": 67, "group": "meaning", "startSelection": 1673, "endSelection": 1847, "type": "ПОЗИЦИЯ", "subtype": "", "explanation": "", "correction": "", "tag": "", "comment": ""}, {"id": 68, "group": "meaning", "startSelection": 1848, "endSelection": 2197, "type": "ОТНОШЕНИЕ", "subtype": "", "explanation": "", "correction": "", "tag": "", "comment": ""}]}