{"meta": {"uuid": "a2772352-8189-4d0f-b90a-6f08f6398275", "id": "0009427", "name": "0009427_ru_rus_problema_professionalnogo_dolga_noexp.txt", "subject": "rus", "test": "егэ тренировка", "category": "", "year": 2019, "class": "11", "theme": "Проблема профессионального долга (По тексту В. Аксёнова)", "taskText": "(1)Прибыв на новое место работы, молодой врач Александр Зеленин на следующий день приступил к своим обязанностям. (2)Во время обхода его стало одолевать волнение: было несколько чрезвычайно сложных случаев — без лабораторных данных невозможно разобраться, а лаборатория не работает.\n(3)Как он будет лечить этих людей? (4)Работая шприцем или скальпелем, Александр всегда успокаивался. (5)Есть под рукой что-то осязаемое, сразу можно видеть результат. (6)Но терапия без анализов… (7)Сейчас Зеленин чувствовал себя словно древний мореплаватель, только что миновавший Геркулесовы столбы. (8)Безбрежный, неведомый океан колыхался перед ним.\n(9)Вот уже больше трёх лет фельдшер Макар Иванович благополучно обходился без рентгена и лаборатории, врачуя без страха и сомнения. (10)В райздраве он славился лихостью своих диагнозов. (11)Перебирая старые истории болезней, Зеленин то и дело натыкался на такие перлы: «(12)Общее сотрясение организма при падении с телеги».\n(13)В конце недели Зеленин собрал производственное совещание. (14)Пришли все: пять медсестёр, фельдшер, санитарки, бухгалтер, завхоз и кучер Филимон. (15)Все они со скрытой насмешкой, с любопытством и недоверием поглядывали на беспокойного худого юношу, который теперь стал их начальником. (16)Персонал привык к тишине и спокойствию. (17)Больных было мало, потому что всех мало-мальски серьёзных отправляли в район. (18)Для выполнения плана койко-дней Макар Иванович клал в больницу знакомых старушек и упражнялся на них в диагностике.\n(19)Зеленин подумал и неожиданно для самого себя густым голосом сказал:\n— (20)Наша больница в Круглогорье является самым крупным лечебным учреждением на всём пространстве Круглогорского куста, со стационаром на двадцать пять коек. (21)Как видите, задачи перед нами стоят большие, и мы должны быть на высоте. (22)Но сейчас мы не на высоте! (23)Больше того, мы представляем из себя совершенно невероятный экспонат прошлого столетия. (24)В век телевидения и электроники работаем вслепую. (25)А между тем у нас есть и рентгеновский аппарат, и лабораторное оборудование. (26)Но всё это поломанное, грязное. (27)И в чём же здесь дело? (28)Некому было заняться? (29)Нет, дело в косности. (30)Вот вы, Макар Иванович…\n(31)Тот слегка вздрогнул и пошевелил сцепленными на животе пальцами. (32)Полчаса назад он отобедал, и сейчас по голове его под белым колпаком, семеня ножками, бегали крохотные человечки, предвестники мягкой дремоты. (33)Взволнованные восклицания молодого доктора с шипе-нием, как ракеты-шутихи, летели откуда-то издалека.\n«(34)Нехорошо получилось, — подумал Зеленин, — ещё обидится старик». (35)Но отступать было поздно.\n— (36)Макар Иванович, расскажите, как вы лечите, что назначаете больным?\n— (37)Как что? (38)В зависимости от индивидуальных реакций организма, — ответил Макар Иванович и привычно напыжился. — (39)От головы даю пирамидон, от живота — бесалол…\n— (40)Макар Иванович! (41)Ведь так, наверное, во времена Чехова уже не врачевали. «(42)От головы, от живота…» (43)Скажите, вы вот эту книжку давно перечитывали? — и Зеленин протянул ему толстый том «Пособия для сельских фельдшеров».\n(44)Макар Иванович протёр очки, отставил книжку на длину вытянутой руки и прочёл название.\n— (45)Мол-лодой человек, я тридцать лет здесь практикую, я… я… — сказал он после этого дрожащим голосом, встал и неловко стал стаскивать с плеч халат. — (46)Я на фронте… (47)Эх… постыдились бы!..\n(48)Минуту спустя Зеленин, чувствуя острую щемящую жалость, увидел в окне нелепую бочкообразную фигуру фельдшера на тонких ножках. (49)Александр несмело обвёл взглядом оставшихся. (50)Что теперь сказать? (51)Ему было жалко Макара Ивановича, хотелось оправдаться перед людьми, но он продолжил свою речь, словно ничего не случилось:\n— (52)Итак, мы должны наладить работу своими руками, и начать придётся с рентгеновского кабинета и лаборатории. (53)Для ремонта аппарата придётся вызвать техника из района — нужно выделить средства, — сказал он, обращаясь к завхозу. — (54)Потом командируем кого-нибудь из сестёр на курсы рентгенолаборантов.\n(55)На следующий день, в обед, Зеленин сидел в чайной и смотрел в окно на бескрайнюю ширь озера. (56)Было ветрено, мрачно, ходуном ходил тёмно-серый взлохмаченный горизонт.\n«(57)Настоящий морской шторм, — подумал Саша. — (58)Сегодня Макар Иванович не вышел на работу. (59)Филимон говорил, что старик лежит на сундуке с полотенцем на лбу и молчит. (60)Какая я сволочь! (61)Надо пойти к нему, поговорить по душам. (62)Нет, я должен быть твёрд. (63)Что из того, что он стар? (64)Если работаешь — изволь работать добросовестно».\n(65)Мысли Зеленина прервались, потому что в дверь бухнули сапогом, а затем появился Филимон, больничный кучер.\n"}, "text": "В современном мире многие люди не осознают всей ответственности, которая приобретается ими в процессе профессиональной деятельности. Некоторые индивиды понимают, что она есть, но не торопятся работать по совести. Именно проблему профессионального долга поднимает Василий Павлович Аксёнов в своём произведении.\nОбратимся к тексту. Автор повествует нам о молодом враче Александре Зеленине, который прибыл на новое место работы в божницу Круглогорья. Он удивляется тому, что в заведении отсутствует лаборатория и рентген, при наличии оборудования. Герой понимает, что так осуществлять врачебную деятельность нельзя. Александр собрал производственное совещание, на котором отчитывает старообрядки фельдшера Макара Ивановича за его методы врачевания, которые не отвечают современным требованиям. Зеленин обижает тем самым старика, но, несмотря на угрызения совести, не торопится извиняться. Главный герой понимает, что только такими методами можно наладить работу больницы. Этот пример иллюстрирует, как молодой врач стремится выполнить свой профессиональный долг. Александр понимает, что критика обижает Макара Ивановича, но только так можно усовершенствовать данное медицинское учреждение. Именно так должен действовать любой человек на своём рабочем месте. Ведь нельзя избегать по-настоящему насущные проблемы.\nВ. П. Аксёнов также показывает нам то, что Александр Зеленин не только может отчитывать старого фельдшера, но и привести способы разрешения насущных проблем больницы. Молодой врач предлагает выделить средства на ремонт сломанной техники, а также отправить кого-нибудь из работающих в больнице на курсы рентгенолаборантов. Этот пример показывает нам, что Александр желает как можно скорей наладить работу медицинского учреждения. Молодой врач добросовестно исполняет свой профессиональный долг.\nЭти два примера приводят нас к выводу о том, что каждый работник любой профессии должен осознавать всю ответственность, лежащую на нём. Александр Зеленин понимает, что продолжать вести работу допотопными методами, без использования лаборатории и рентгена опасно. Люди должны осознать, что халатность по отношению к своей работе может привести к печальным последствиям.\nВасилий Павлович Аксёнов уверен, что исполнять свой профессиональный долг необходимо, даже если это может задеть или обидеть кого-нибудь. Если все не будут обращать внимание на чужую безответственность, то мир станет опасным для нас всех.\nЯ полностью разделяю позицию автора и считаю, что профессиональный долг должен исполняться каждым человеком на его рабочем месте. К сожалению, в нашем мире многие не понимают этого, что приводит к трагичным последствиям. В пример могу привести пожар в торговом центре \"Зимняя вишня\" в Кемерово, в котором из-за безответственности проектировщиков здания и проверяющих инстанций погибло более пятидесяти человек. Любому из нас следует задуматься над этим и осознать необходимость исполнения профессионального долга.\nВ заключение хотелось бы сказать, что каждому надо понимать всю ответственность, которая лежит на нас в процессе профессиональной деятельности. Исполнение своего рабочего долга должно стать первоочерёдной задачей для всех.", "fileName": "0009427.json", "selections": [{"id": 0, "group": "error", "startSelection": 288, "endSelection": 308, "explanation": "Слово «свой» в контекстах вроде «писатель в своём тексте рассказывает...» избыточно.", "tag": "", "type": "Р.ЛИШН", "subtype": "лишн", "comment": "", "correction": ""}, {"id": 1, "group": "error", "startSelection": 336, "endSelection": 350, "explanation": "Указание на адресата «повествования» обычно излишне.", "tag": "", "type": "Р.СОЧЕТ", "subtype": null, "comment": "", "correction": ""}, {"id": 2, "group": "error", "startSelection": 361, "endSelection": 366, "explanation": "Повторение однокоренных слов.", "tag": "", "type": "Р.тавт", "subtype": "", "comment": "", "correction": ""}, {"id": 3, "group": "error", "startSelection": 582, "endSelection": 591, "explanation": "Повторение однокоренных слов.", "tag": "", "type": "Р.тавт", "subtype": "", "comment": "", "correction": ""}, {"id": 4, "group": "error", "startSelection": 734, "endSelection": 744, "explanation": "Повторение однокоренных слов.", "tag": "", "type": "Р.тавт", "subtype": "", "comment": "", "correction": ""}, {"id": 5, "group": "error", "startSelection": 1128, "endSelection": 1131, "explanation": "Повторение одного и того же слова.", "tag": "", "type": "Р.повтор", "subtype": "", "comment": "", "correction": ""}, {"id": 6, "group": "error", "startSelection": 1194, "endSelection": 1197, "explanation": "Повторение одного и того же слова.", "tag": "", "type": "Р.повтор", "subtype": "", "comment": "", "correction": ""}, {"id": 7, "group": "error", "startSelection": 1466, "endSelection": 1474, "explanation": "Повторение одного и того же слова в разных формах.", "tag": "", "type": "Р.повтор", "subtype": "", "comment": "", "correction": ""}, {"id": 8, "group": "error", "startSelection": 1580, "endSelection": 1590, "explanation": "Повторение однокоренных слов.", "tag": "", "type": "Р.тавт", "subtype": "", "comment": "", "correction": ""}, {"id": 9, "group": "error", "startSelection": 1593, "endSelection": 1601, "explanation": "Повторение одного и того же слова в разных формах.", "tag": "", "type": "Р.повтор", "subtype": "", "comment": "", "correction": ""}, {"id": 10, "group": "error", "startSelection": 1706, "endSelection": 1712, "explanation": "Повторение однокоренных слов.", "tag": "", "type": "Р.тавт", "subtype": "", "comment": "", "correction": ""}, {"id": 11, "group": "error", "startSelection": 1819, "endSelection": 1827, "explanation": "Повторение однокоренных слов.", "tag": "", "type": "Р.тавт", "subtype": "", "comment": "", "correction": ""}, {"id": 12, "group": "error", "startSelection": 1834, "endSelection": 1840, "explanation": "Повторение однокоренных слов.", "tag": "", "type": "Р.тавт", "subtype": "", "comment": "", "correction": ""}, {"id": 13, "group": "error", "startSelection": 1859, "endSelection": 1867, "explanation": "Повторение однокоренных слов.", "tag": "", "type": "Р.тавт", "subtype": "", "comment": "", "correction": ""}, {"id": 14, "group": "error", "startSelection": 1995, "endSelection": 2006, "explanation": "Разговорное выражение, придающее тексту непринуждённый характер.", "tag": "RAZG.doc 9f5cfe827", "type": "А.лекс", "subtype": "конт", "comment": "", "correction": ""}, {"id": 15, "group": "error", "startSelection": 1982, "endSelection": 1987, "explanation": "Повторение однокоренных слов.", "tag": "", "type": "Р.тавт", "subtype": "", "comment": "", "correction": ""}, {"id": 16, "group": "error", "startSelection": 1988, "endSelection": 1994, "explanation": "Повторение однокоренных слов.", "tag": "", "type": "Р.тавт", "subtype": "", "comment": "", "correction": ""}, {"id": 17, "group": "error", "startSelection": 2118, "endSelection": 2130, "explanation": "Слово «свой» в контекстах вроде «автор в своей работе показывает» или «достигнуть совершенства в своей работе» часто избыточно.", "tag": "", "type": "Р.ЛИШН", "subtype": "лишн", "comment": "", "correction": ""}, {"id": 18, "group": "error", "startSelection": 2118, "endSelection": 2123, "explanation": "Повторение одного и того же слова в разных формах.", "tag": "", "type": "Р.повтор", "subtype": "", "comment": "", "correction": ""}, {"id": 19, "group": "error", "startSelection": 2131, "endSelection": 2136, "explanation": "Повторение одного и того же слова.", "tag": "", "type": "Р.повтор", "subtype": "", "comment": "", "correction": ""}, {"id": 20, "group": "error", "startSelection": 2137, "endSelection": 2145, "explanation": "Повторение однокоренных слов.", "tag": "", "type": "Р.тавт", "subtype": "", "comment": "", "correction": ""}, {"id": 21, "group": "error", "startSelection": 2209, "endSelection": 2218, "explanation": "Повторение однокоренных слов.", "tag": "", "type": "Р.тавт", "subtype": "", "comment": "", "correction": ""}, {"id": 22, "group": "error", "startSelection": 2219, "endSelection": 2223, "explanation": "Повторение одного и того же слова в разных формах.", "tag": "", "type": "Р.повтор", "subtype": "", "comment": "", "correction": ""}, {"id": 23, "group": "error", "startSelection": 2263, "endSelection": 2267, "explanation": "Повторение одного и того же слова.", "tag": "", "type": "Р.повтор", "subtype": "", "comment": "", "correction": ""}, {"id": 24, "group": "error", "startSelection": 2272, "endSelection": 2277, "explanation": "Повторение одного и того же слова.", "tag": "", "type": "Р.повтор", "subtype": "", "comment": "", "correction": ""}, {"id": 25, "group": "error", "startSelection": 2310, "endSelection": 2314, "explanation": "Повторение одного и того же слова.", "tag": "", "type": "Р.повтор", "subtype": "", "comment": "", "correction": ""}, {"id": 26, "group": "error", "startSelection": 2413, "endSelection": 2422, "explanation": "Повторение однокоренных слов.", "tag": "", "type": "Р.тавт", "subtype": "", "comment": "", "correction": ""}, {"id": 27, "group": "error", "startSelection": 2490, "endSelection": 2501, "explanation": "Повторение однокоренных слов.", "tag": "", "type": "Р.тавт", "subtype": "", "comment": "", "correction": ""}, {"id": 28, "group": "error", "startSelection": 2608, "endSelection": 2617, "explanation": "", "tag": "REPLACE_пр+чный_пр+ческий", "type": "А.лекс", "subtype": "конт", "comment": "", "correction": "трагическим"}, {"id": 29, "group": "error", "startSelection": 2597, "endSelection": 2605, "explanation": "Повторение однокоренных слов.", "tag": "", "type": "Р.тавт", "subtype": "", "comment": "", "correction": ""}, {"id": 30, "group": "error", "startSelection": 2646, "endSelection": 2654, "explanation": "Повторение однокоренных слов.", "tag": "", "type": "Р.тавт", "subtype": "", "comment": "", "correction": ""}, {"id": 31, "group": "error", "startSelection": 2900, "endSelection": 2917, "explanation": "Повторение одного и того же слова в разных формах.", "tag": "", "type": "Р.повтор", "subtype": "", "comment": "", "correction": ""}, {"id": 32, "group": "error", "startSelection": 3038, "endSelection": 3054, "explanation": "Повторение одного и того же слова в разных формах.", "tag": "", "type": "Р.повтор", "subtype": "", "comment": "", "correction": ""}, {"id": 34, "group": "meaning", "startSelection": 213, "endSelection": 309, "type": "ПРОБЛЕМА", "subtype": "", "explanation": "", "correction": "", "tag": "", "comment": ""}, {"id": 35, "group": "meaning", "startSelection": 310, "endSelection": 1254, "type": "ПРИМЕР", "subtype": "", "explanation": "", "correction": "", "tag": "", "comment": ""}, {"id": 36, "group": "meaning", "startSelection": 1255, "endSelection": 1308, "type": "ПОЯСНЕНИЕ", "subtype": "", "explanation": "", "correction": "", "tag": "", "comment": ""}, {"id": 37, "group": "meaning", "startSelection": 1803, "endSelection": 2171, "type": "СВЯЗЬ", "subtype": "", "explanation": "", "correction": "", "tag": "", "comment": ""}, {"id": 38, "group": "meaning", "startSelection": 2411, "endSelection": 2924, "type": "ОТНОШЕНИЕ", "subtype": "", "explanation": "", "correction": "", "tag": "", "comment": ""}]}