{"meta": {"uuid": "254651e1-cf20-4772-820c-964a062d64a1", "id": "0009489", "name": "0009489_ru_rus_pochemu_neobhodimo_byt_uverennym_v_sebe_noexp.txt", "subject": "rus", "test": "егэ тренировка", "category": "", "year": 2020, "class": "11", "theme": "Почему необходимо быть уверенным в себе? (По тексту В. П. Аксёнова)", "taskText": "(1)Прибыв на новое место работы, молодой врач Александр Зеленин на следующий день приступил к своим обязанностям. (2)Во время обхода его стало одолевать волнение: было несколько чрезвычайно сложных случаев — без лабораторных данных невозможно разобраться, а лаборатория не работает.\n(3)Как он будет лечить этих людей? (4)Работая шприцем или скальпелем, Александр всегда успокаивался. (5)Есть под рукой что-то осязаемое, сразу можно видеть результат. (6)Но терапия без анализов… (7)Сейчас Зеленин чувствовал себя словно древний мореплаватель, только что миновавший Геркулесовы столбы. (8)Безбрежный, неведомый океан колыхался перед ним.\n(9)Вот уже больше трёх лет фельдшер Макар Иванович благополучно обходился без рентгена и лаборатории, врачуя без страха и сомнения. (10)В райздраве он славился лихостью своих диагнозов. (11)Перебирая старые истории болезней, Зеленин то и дело натыкался на такие перлы: «(12)Общее сотрясение организма при падении с телеги».\n(13)В конце недели Зеленин собрал производственное совещание. (14)Пришли все: пять медсестёр, фельдшер, санитарки, бухгалтер, завхоз и кучер Филимон. (15)Все они со скрытой насмешкой, с любопытством и недоверием поглядывали на беспокойного худого юношу, который теперь стал их начальником. (16)Персонал привык к тишине и спокойствию. (17)Больных было мало, потому что всех мало-мальски серьёзных отправляли в район. (18)Для выполнения плана койко-дней Макар Иванович клал в больницу знакомых старушек и упражнялся на них в диагностике.\n(19)Зеленин подумал и неожиданно для самого себя густым голосом сказал:\n— (20)Наша больница в Круглогорье является самым крупным лечебным учреждением на всём пространстве Круглогорского куста, со стационаром на двадцать пять коек. (21)Как видите, задачи перед нами стоят большие, и мы должны быть на высоте. (22)Но сейчас мы не на высоте! (23)Больше того, мы представляем из себя совершенно невероятный экспонат прошлого столетия. (24)В век телевидения и электроники работаем вслепую. (25)А между тем у нас есть и рентгеновский аппарат, и лабораторное оборудование. (26)Но всё это поломанное, грязное. (27)И в чём же здесь дело? (28)Некому было заняться? (29)Нет, дело в косности. (30)Вот вы, Макар Иванович…\n(31)Тот слегка вздрогнул и пошевелил сцепленными на животе пальцами. (32)Полчаса назад он отобедал, и сейчас по голове его под белым колпаком, семеня ножками, бегали крохотные человечки, предвестники мягкой дремоты. (33)Взволнованные восклицания молодого доктора с шипе-нием, как ракеты-шутихи, летели откуда-то издалека.\n«(34)Нехорошо получилось, — подумал Зеленин, — ещё обидится старик». (35)Но отступать было поздно.\n— (36)Макар Иванович, расскажите, как вы лечите, что назначаете больным?\n— (37)Как что? (38)В зависимости от индивидуальных реакций организма, — ответил Макар Иванович и привычно напыжился. — (39)От головы даю пирамидон, от живота — бесалол…\n— (40)Макар Иванович! (41)Ведь так, наверное, во времена Чехова уже не врачевали. «(42)От головы, от живота…» (43)Скажите, вы вот эту книжку давно перечитывали? — и Зеленин протянул ему толстый том «Пособия для сельских фельдшеров».\n(44)Макар Иванович протёр очки, отставил книжку на длину вытянутой руки и прочёл название.\n— (45)Мол-лодой человек, я тридцать лет здесь практикую, я… я… — сказал он после этого дрожащим голосом, встал и неловко стал стаскивать с плеч халат. — (46)Я на фронте… (47)Эх… постыдились бы!..\n(48)Минуту спустя Зеленин, чувствуя острую щемящую жалость, увидел в окне нелепую бочкообразную фигуру фельдшера на тонких ножках. (49)Александр несмело обвёл взглядом оставшихся. (50)Что теперь сказать? (51)Ему было жалко Макара Ивановича, хотелось оправдаться перед людьми, но он продолжил свою речь, словно ничего не случилось:\n— (52)Итак, мы должны наладить работу своими руками, и начать придётся с рентгеновского кабинета и лаборатории. (53)Для ремонта аппарата придётся вызвать техника из района — нужно выделить средства, — сказал он, обращаясь к завхозу. — (54)Потом командируем кого-нибудь из сестёр на курсы рентгенолаборантов.\n(55)На следующий день, в обед, Зеленин сидел в чайной и смотрел в окно на бескрайнюю ширь озера. (56)Было ветрено, мрачно, ходуном ходил тёмно-серый взлохмаченный горизонт.\n«(57)Настоящий морской шторм, — подумал Саша. — (58)Сегодня Макар Иванович не вышел на работу. (59)Филимон говорил, что старик лежит на сундуке с полотенцем на лбу и молчит. (60)Какая я сволочь! (61)Надо пойти к нему, поговорить по душам. (62)Нет, я должен быть твёрд. (63)Что из того, что он стар? (64)Если работаешь — изволь работать добросовестно».\n(65)Мысли Зеленина прервались, потому что в дверь бухнули сапогом, а затем появился Филимон, больничный кучер.\n"}, "text": "Почему необходимо быть уверенным в себе, не сомневаться в своих силах и способностях? Поиском ответов на эти вопросы занят Василий Павлович Аксёнов, русский писатель и переводчик, в предложенном для анализа тексте.\nВ. П. Аксёнов обращает внимание читателя на то, как молодой врач Александр Зеленин пытается решить проблемы в больнице, находящейся на Круглогорском кусте. Зеленина одолевает волнение, в это лечебное учреждение его перевели совсем недавно, и он не знает, что делать, «безбрежный, неведомый океан колыхается перед ним». Однако молодой врач не отчаивается, и, несмотря на то, что в больнице не работает лаборатория и что без лабораторных данных трудно разбираться в определенных сложных ситуациях, он уверенно работает шприцем или скальпелем, лечит больных. Зеленин думает, что «если под рукой есть что-то осязаемое, можно сразу увидеть результат». Именно так автор показывает читателю, что человеку необходимо быть уверенным в своих силах и продолжать работать, даже если есть хоть капля сомнения.\nАвтор рассказывает о том, как уверенность в себе и своем деле укрепляет главного героя. Зеленин не доволен, что в его больнице беспорядок: «лабораторное оборудование поломанное, грязное», главный фельдшер, Макар Иванович, обходится без рентгена и лаборатории, ставит сомнительные диагнозы (например, «общее сотрясение организма при падении с телеги»). Молодой врач собирает производственное совещание, где рассказывает о всех проблемах и ругает старого врача Макара Ивановича за его «косность». Сначала Зеленин чувствует вину за то, что он «унизил» опытного врача, однако понимает, что «работать нужно добросовестно», и тверд в своём решении. Так автор доказывает, что человек должен идти наперекор трудностям, быть уверенным в своих действиях.\nОба примера, взаимно дополняющие друг друга, позволяют понять, почему необходимо быть уверенным в себе, не сомневаться в своих силах и способностях.\nАвторская позиция ясна. В. П. Аксёнов утверждает, что человек должен быть уверенным в себе, чтобы достигать своих целей и уметь бороться с жизненными неприятностями.\nЯ согласна с позицией автора. Действительно, уверенность — двигатель прогресса. Только уверенный в себе человек может стать успешным, только он может действовать без сомнения в трудных ситуациях. Как сказал Максим Горький: «Только человек, насыщенный верой в себя, осуществляет свою волю, прямо внедряя её в жизнь».\nПриведу пример из произведения Г. Х. Андерсена «Снежная королева». В сказке главной героине было тяжело преодолеть неуверенность в себе. Она сомневалась в том, что сможет спасти Кая, которого забрала в свой замок Снежная королева. Но если бы Герда дала волю страху и не пошла бы за ним, его сердце превратилось бы в лёд.\nТаким образом, уверенность является важным качеством личности. Она заставляет человека не сдаваться в трудных жизненных ситуациях, делает его упорным и «вселяет» в него веру в успех.", "fileName": "0009489.json", "selections": [{"id": 0, "group": "error", "startSelection": 607, "endSelection": 615, "explanation": "Повторение одного и того же слова.", "tag": "", "type": "Р.повтор", "subtype": "", "comment": "", "correction": ""}, {"id": 1, "group": "error", "startSelection": 616, "endSelection": 627, "explanation": "Повторение однокоренных слов.", "tag": "", "type": "Р.тавт", "subtype": "", "comment": "", "correction": ""}, {"id": 2, "group": "error", "startSelection": 638, "endSelection": 650, "explanation": "Повторение однокоренных слов.", "tag": "", "type": "Р.тавт", "subtype": "", "comment": "", "correction": ""}, {"id": 3, "group": "error", "startSelection": 714, "endSelection": 722, "explanation": "Повторение одинаковых и однокоренных слов.", "tag": "", "type": "Р.тавт", "subtype": "", "comment": "", "correction": ""}, {"id": 4, "group": "error", "startSelection": 723, "endSelection": 731, "explanation": "Повторение одного и того же слова.", "tag": "", "type": "Р.повтор", "subtype": "", "comment": "", "correction": ""}, {"id": 5, "group": "error", "startSelection": 929, "endSelection": 938, "explanation": "Повторение одинаковых и однокоренных слов.", "tag": "", "type": "Р.тавт", "subtype": "", "comment": "", "correction": ""}, {"id": 6, "group": "error", "startSelection": 941, "endSelection": 946, "explanation": "Повторение одного и того же слова в разных формах.", "tag": "", "type": "Р.повтор", "subtype": "", "comment": "", "correction": ""}, {"id": 7, "group": "error", "startSelection": 1042, "endSelection": 1053, "explanation": "Повторение одинаковых и однокоренных слов.", "tag": "", "type": "Р.тавт", "subtype": "", "comment": "", "correction": ""}, {"id": 8, "group": "error", "startSelection": 1063, "endSelection": 1068, "explanation": "Повторение одного и того же слова в разных формах.", "tag": "", "type": "Р.повтор", "subtype": "", "comment": "", "correction": ""}, {"id": 9, "group": "error", "startSelection": 1084, "endSelection": 1092, "explanation": "Повторение одного и того же слова в разных формах.", "tag": "", "type": "Р.повтор", "subtype": "", "comment": "", "correction": ""}, {"id": 10, "group": "error", "startSelection": 1108, "endSelection": 1118, "explanation": "", "tag": "REPLACE_ne-razd-nedo_ne-slit-nedo", "type": "А.лекс", "subtype": "конт", "comment": "", "correction": "недоволен"}, {"id": 11, "group": "error", "startSelection": 1152, "endSelection": 1164, "explanation": "Повторение однокоренных слов.", "tag": "", "type": "Р.тавт", "subtype": "", "comment": "", "correction": ""}, {"id": 12, "group": "error", "startSelection": 1200, "endSelection": 1207, "explanation": "Повторение одного и того же слова в разных формах.", "tag": "", "type": "Р.повтор", "subtype": "", "comment": "", "correction": ""}, {"id": 13, "group": "error", "startSelection": 1259, "endSelection": 1270, "explanation": "Повторение однокоренных слов.", "tag": "", "type": "Р.тавт", "subtype": "", "comment": "", "correction": ""}, {"id": 14, "group": "error", "startSelection": 1431, "endSelection": 1432, "explanation": "В данном контексте рекомендуется употребление предлога [\"обо\"].", "tag": "message.txt: 5:0", "type": "А.лекс", "subtype": "конт", "comment": "", "correction": "обо"}, {"id": 15, "group": "error", "startSelection": 1431, "endSelection": 1432, "explanation": "", "tag": "REPLACE_о_обо", "type": "А.лекс", "subtype": "конт", "comment": "", "correction": "обо"}, {"id": 16, "group": "error", "startSelection": 1372, "endSelection": 1376, "explanation": "Повторение одного и того же слова в разных формах.", "tag": "", "type": "Р.повтор", "subtype": "", "comment": "", "correction": ""}, {"id": 17, "group": "error", "startSelection": 1465, "endSelection": 1470, "explanation": "Повторение одного и того же слова в разных формах.", "tag": "", "type": "Р.повтор", "subtype": "", "comment": "", "correction": ""}, {"id": 18, "group": "error", "startSelection": 1635, "endSelection": 1642, "explanation": "Слишком много идущих подряд согласных на стыке слов. Попробуйте построить фразу иначе.", "tag": "message.txt: 6:0", "type": "А.лекс", "subtype": "конт", "comment": "", "correction": ""}, {"id": 19, "group": "error", "startSelection": 1570, "endSelection": 1575, "explanation": "Повторение одного и того же слова в разных формах.", "tag": "", "type": "Р.повтор", "subtype": "", "comment": "", "correction": ""}, {"id": 20, "group": "error", "startSelection": 1640, "endSelection": 1645, "explanation": "Повторение одного и того же слова в разных формах.", "tag": "", "type": "Р.повтор", "subtype": "", "comment": "", "correction": ""}, {"id": 21, "group": "error", "startSelection": 1696, "endSelection": 1700, "explanation": "Повторение однокоренных слов.", "tag": "", "type": "Р.тавт", "subtype": "", "comment": "", "correction": ""}, {"id": 22, "group": "error", "startSelection": 1728, "endSelection": 1737, "explanation": "Повторение однокоренных слов.", "tag": "", "type": "Р.повтор", "subtype": "", "comment": "", "correction": ""}, {"id": 23, "group": "error", "startSelection": 1740, "endSelection": 1745, "explanation": "Повторение одного и того же слова в разных формах.", "tag": "", "type": "Р.повтор", "subtype": "", "comment": "", "correction": ""}, {"id": 24, "group": "error", "startSelection": 1770, "endSelection": 1800, "explanation": "«Взаимный» передает ту же идею, что и «друг друга». Вместе их употреблять нежелательно", "tag": "", "type": "Р.ЛИШН", "subtype": "плеон", "comment": "", "correction": ""}, {"id": 25, "group": "error", "startSelection": 1827, "endSelection": 1837, "explanation": "Повторение однокоренных слов.", "tag": "", "type": "Р.тавт", "subtype": "", "comment": "", "correction": ""}, {"id": 26, "group": "error", "startSelection": 1843, "endSelection": 1852, "explanation": "Повторение однокоренных слов.", "tag": "", "type": "Р.повтор", "subtype": "", "comment": "", "correction": ""}, {"id": 27, "group": "error", "startSelection": 1878, "endSelection": 1883, "explanation": "Повторение одного и того же слова в разных формах.", "tag": "", "type": "Р.повтор", "subtype": "", "comment": "", "correction": ""}, {"id": 28, "group": "error", "startSelection": 1980, "endSelection": 1989, "explanation": "Повторение однокоренных слов.", "tag": "", "type": "Р.повтор", "subtype": "", "comment": "", "correction": ""}, {"id": 29, "group": "error", "startSelection": 2014, "endSelection": 2019, "explanation": "Повторение одного и того же слова в разных формах.", "tag": "", "type": "Р.повтор", "subtype": "", "comment": "", "correction": ""}, {"id": 30, "group": "error", "startSelection": 2102, "endSelection": 2115, "explanation": "Повторение однокоренных слов.", "tag": "", "type": "Р.тавт", "subtype": "", "comment": "", "correction": ""}, {"id": 31, "group": "error", "startSelection": 2117, "endSelection": 2128, "explanation": "Повторение однокоренных слов.", "tag": "", "type": "Р.тавт", "subtype": "", "comment": "", "correction": ""}, {"id": 32, "group": "error", "startSelection": 2159, "endSelection": 2168, "explanation": "Повторение однокоренных слов.", "tag": "", "type": "Р.тавт", "subtype": "", "comment": "", "correction": ""}, {"id": 33, "group": "error", "startSelection": 2176, "endSelection": 2183, "explanation": "Повторение одного и того же слова.", "tag": "", "type": "Р.повтор", "subtype": "", "comment": "", "correction": ""}, {"id": 34, "group": "error", "startSelection": 2184, "endSelection": 2189, "explanation": "Повторение одного и того же слова.", "tag": "", "type": "Р.повтор", "subtype": "", "comment": "", "correction": ""}, {"id": 35, "group": "error", "startSelection": 2216, "endSelection": 2221, "explanation": "Повторение одного и того же слова.", "tag": "", "type": "Р.повтор", "subtype": "", "comment": "", "correction": ""}, {"id": 36, "group": "error", "startSelection": 2222, "endSelection": 2233, "explanation": "Повторение однокоренных слов.", "tag": "", "type": "Р.тавт", "subtype": "", "comment": "", "correction": ""}, {"id": 37, "group": "error", "startSelection": 2303, "endSelection": 2310, "explanation": "Повторение одного и того же слова.", "tag": "", "type": "Р.повтор", "subtype": "", "comment": "", "correction": ""}, {"id": 38, "group": "error", "startSelection": 2323, "endSelection": 2328, "explanation": "Повторение однокоренных слов.", "tag": "", "type": "Р.тавт", "subtype": "", "comment": "", "correction": ""}, {"id": 39, "group": "error", "startSelection": 2503, "endSelection": 2516, "explanation": "Повторение однокоренных слов.", "tag": "", "type": "Р.тавт", "subtype": "", "comment": "", "correction": ""}, {"id": 41, "group": "meaning", "startSelection": 0, "endSelection": 214, "type": "ПРОБЛЕМА", "subtype": "", "explanation": "", "correction": "", "tag": "", "comment": ""}, {"id": 42, "group": "meaning", "startSelection": 215, "endSelection": 370, "type": "ПРИМЕР", "subtype": "", "explanation": "", "correction": "", "tag": "", "comment": ""}, {"id": 43, "group": "meaning", "startSelection": 371, "endSelection": 770, "type": "ПОЯСНЕНИЕ", "subtype": "", "explanation": "", "correction": "", "tag": "", "comment": ""}, {"id": 44, "group": "meaning", "startSelection": 771, "endSelection": 861, "type": "ПРИМЕР", "subtype": "", "explanation": "", "correction": "", "tag": "", "comment": ""}, {"id": 45, "group": "meaning", "startSelection": 862, "endSelection": 1011, "type": "ПОЗИЦИЯ", "subtype": "", "explanation": "", "correction": "", "tag": "", "comment": ""}, {"id": 46, "group": "meaning", "startSelection": 1012, "endSelection": 1363, "type": "ПРИМЕР", "subtype": "", "explanation": "", "correction": "", "tag": "", "comment": ""}, {"id": 47, "group": "meaning", "startSelection": 1364, "endSelection": 1756, "type": "ПОЯСНЕНИЕ", "subtype": "", "explanation": "", "correction": "", "tag": "", "comment": ""}, {"id": 48, "group": "meaning", "startSelection": 1757, "endSelection": 1905, "type": "СВЯЗЬ", "subtype": "", "explanation": "", "correction": "", "tag": "", "comment": ""}, {"id": 49, "group": "meaning", "startSelection": 1906, "endSelection": 2071, "type": "ПОЗИЦИЯ", "subtype": "", "explanation": "", "correction": "", "tag": "", "comment": ""}, {"id": 50, "group": "meaning", "startSelection": 2072, "endSelection": 2708, "type": "ОТНОШЕНИЕ", "subtype": "", "explanation": "", "correction": "", "tag": "", "comment": ""}]}