{"meta": {"uuid": "7043d909-4521-4821-b4ea-96947c1d0b47", "id": "0009396", "name": "0009396_ru_rus_kak_muzykalnoe_vospitanie_vliyaet_na_razvitie_cheloveka_noexp.txt", "subject": "rus", "test": "егэ тренировка", "category": "", "year": 2019, "class": "11", "theme": "Как музыкальное воспитание влияет на развитие человека? (По тексту В. Сухомлинского)", "taskText": "(1)Му­зы­ка, ме­ло­дия, кра­со­та му­зы­каль­ных зву­ков − важ­ное сред­ство нрав­ствен­но­го и ум­ствен­но­го вос­пи­та­ния че­ло­ве­ка, ис­точ­ник бла­го­род­ства серд­ца и чи­сто­ты души. (2)Му­зы­ка от­кры­ва­ет людям глаза на кра­со­ту при­ро­ды, нрав­ствен­ных от­но­ше­ний, труда. (3)Бла­го­да­ря му­зы­ке в че­ло­ве­ке про­буж­да­ет­ся пред­став­ле­ние о воз­вы­шен­ном, ве­ли­че­ствен­ном, пре­крас­ном не толь­ко\nв окру­жа­ю­щем мире, но и в самом себе.\n(4)В зим­ние дни, когда сне­гом за­сы­па­ло все наши тро­пин­ки, мы си­де­ли в школь­ной ком­на­те, слу­ша­ли ме­ло­дии П. Чай­ков­ско­го, Э. Грига, Ф. Шу­бер­та, Р. Шу­ма­на.\n(5)Если в ран­нем дет­стве до­не­сти до серд­ца кра­со­ту му­зы­каль­но­го про­из­ве­де­ния, если в зву­ках ребёнок по­чув­ству­ет мно­го­гран­ные от­тен­ки че­ло­ве­че­ских чувств, он под­ни­мет­ся на такую сту­пень­ку куль­ту­ры, ко­то­рая не может быть до­стиг­ну­та ни­ка­ки­ми дру­ги­ми сред­ства­ми.\n(6)Раз­ви­вая чут­кость ребёнка к му­зы­ке, мы обла­го­ра­жи­ва­ем его мысли, стрем­ле­ния. (7)За­да­ча за­клю­ча­ет­ся в том, чтобы му­зы­каль­ная ме­ло­дия от­кры­ла в каж­дом серд­це жи­во­твор­ный род­ник че­ло­ве­че­ских чувств. (8)Но ме­ло­дия − этот язык че­ло­ве­че­ских чувств − до­но­сит до дет­ской души не толь­ко кра­со­ту мира: она от­кры­ва­ет перед лю­дь­ми че­ло­ве­че­ское ве­ли­чие и до­сто­ин­ство.\n(9)Сти­хий­ное, не­ор­га­ни­зо­ван­ное воз­дей­ствие му­зы­ки на детей не спо­соб­ству­ет, а ско­рее вре­дит пра­виль­но­му эс­те­ти­че­ско­му вос­пи­та­нию: ребёнок ока­зы­ва­ет­ся за­лож­ни­ком му­зы­каль­но­го шума, он по­дав­лен на­гро­мож­де­ни­ем зву­ков, он не спо­со­бен от­ли­чить кра­со­ту от урод­ства. (10)Так и пойдёт он в мир, рас­те­рян­ный, не­уве­рен­ный в себе.\n(11)Нель­зя про­сто по­са­дить ребёнка и за­ста­вить его слу­шать му­зы­ку, нет, у ребёнка дол­жен быть Учи­тель, ко­то­рый по­мо­жет ему в му­зы­каль­ном вос­пи­та­нии. (12)Я под­би­рал для слу­ша­ния ме­ло­дии, в ко­то­рых в ярких об­ра­зах, по­нят­ных детям, пе­ре­да­ны звуки, что они слы­шат во­круг себя: оча­ро­ва­тель­ное ще­бе­та­нье птиц, ше­лест ли­стьев, ро­ко­та­ние грома, жур­ча­ние ручья, за­вы­ва­ние\nветра. (13)Я ис­поль­зо­вал не боль­ше двух ме­ло­дий в месяц, но перед зна­ком­ством с каж­дой ме­ло­ди­ей про­во­дил боль­шую вос­пи­та­тель­ную ра­бо­ту, цель ко­то­рой − про­бу­дить у детей же­ла­ние ещё и ещё раз по­слу­шать му­зы­ку, до­бить­ся, чтобы каж­дый раз ре­бя­та от­кры­ва­ли в про­из­ве­де­нии новую кра­со­ту.\n(14)Ран­ней осе­нью, когда в про­зрач­ном воз­ду­хе отчётливо слы­шит­ся каж­дый звук, я пред­ло­жил про­слу­шать ме­ло­дию «Полёт шмеля» из оперы «Сказ­ка о царе Сал­та­не» Н. Рим­ско­го-Кор­са­ко­ва. (15)Му­зы­ка нашла у детей эмо­ци­о­наль­ный от­клик. (16)Ма­лы­ши го­во­ри­ли: (17)«Шмель то при­бли­жа­ет­ся, то от­да­ля­ет­ся. (18)Слы­шит­ся ще­бе­та­нье ма­лень­ких пти­чек...» (19)Ещё раз\nслу­ша­ем ме­ло­дию. (20) Потом идём к цве­ту­щей ме­до­нос­ной траве.\n(21)Дети слы­шат пче­ли­ную арфу, жуж­жа­нье шмеля. (22)А он, боль­шой, лох­ма­тый, то под­ни­ма­ет­ся над цвет­ком, то опус­ка­ет­ся. (23)Дети в вос­тор­ге: ведь это почти такая же ме­ло­дия, как и за­пи­сан­ная, но в му­зы­каль­ном про­из­ве­де­нии есть какая-то свое­об­раз­ная кра­со­та, ко­то­рую ком­по­зи­тор под­слу­шал в при­ро­де и пе­ре­дал нам. (24)Детям хо­чет­ся ещё раз услы­шать за­пи­сан­ную ме­ло­дию.\n(25)В том, что до сих пор ка­за­лось им обыч­ным, от­кры­лась кра­со­та −\nта­ко­ва сила му­зы­ки.\n"}, "text": "В. М. Сухомлинский, выдающийся педагог-новатор, повествует о влиянии музыки на становление личности человека. Как музыкальное воспитание влияет на развитие человека? Именно эта проблема находится в центре внимания автора.\nРазмышляя над этим вопросом, В. М. Сухомлинский, чтобы показать важность обучения музыки, пишет: «Развивая чуткость ребёнка к музыке, мы облагораживаем его мысли, стремления. Мелодия - это язык человеческих чувств, который доносит до детской души не только красоту мира: она открывает перед людьми человеческое величие и достоинство». Кроме того, автор подчеркивает, что необходимо не просто слушать мелодии, а уметь правильно их подобрать, ведь «стихийное, неорганизованное воздействие музыки на детей не способствует, а скорее вредит правильному эстетическому воспитанию: ребёнок оказывается заложником музыкального шума, он подавлен нагромождением звуков, он не способен отличить красоту от уродства. Так и пойдёт он в мир, растерянный, неуверенный в себе». Таким образом, оба эти примера доказывают, что человеку необходимо получить правильное музыкальное воспитание, чтобы понять многогранные оттенки человеческих чувств и уметь видеть истинную красоту окружающего его мира.\nАвтор считает, что важное место в становлении личности человека играет правильное музыкальное воспитание, так как оно помогает людям открыть глаза на красоту природы, нравственных отношений, труда. А без этого обучения нельзя получить в звуках представление о возвышенном и величественном не только в окружающем мире, но и в самом себе.\nЯ согласна с мнением автора. Действительно, именно музыка способна научить нас находить красоту в обычном и заставить отвлечься от горестей и бед, ведь она является источником «благородства сердца и чистоты души». Поэтому так важно получить правильное музыкальное воспитание.\nВ достоверности такой точки зрения меня убеждает произведение В. Короленко «Слепой музыкант». Главный герой повести – мальчик Петруся, который с рождения был слеп. Оживление природы всегда сказывалось болезненным недоумением на лице мальчика, ведь для него вокруг был лишь шум. Однако мать Петра начала учить его играть на фортепиано, помогая ему осмысливать свои ощущения. И получив правильное музыкальное воспитание, он научился различать новые звуки и смог почувствовать всю красоту весенней природы.\nВ заключении я хочу сказать, что человеку важно уметь отличать красоту от уродства и находить в простом нечто возвышенное. А в этом может помочь только правильное музыкальное воспитание, ведь без него даже самая прекрасная мелодия будет восприниматься как обычный шум.", "fileName": "0009396.json", "selections": [{"id": 0, "group": "error", "startSelection": 61, "endSelection": 68, "explanation": "Повторение однокоренных слов.", "tag": "", "type": "Р.тавт", "subtype": "", "comment": "", "correction": ""}, {"id": 1, "group": "error", "startSelection": 69, "endSelection": 75, "explanation": "Повторение одинаковых и однокоренных слов.", "tag": "", "type": "Р.тавт", "subtype": "", "comment": "", "correction": ""}, {"id": 2, "group": "error", "startSelection": 91, "endSelection": 108, "explanation": "Слово «личность» и само по себе обозначает человека, поэтому не нужно употреблять оба слова одновременно.", "tag": "", "type": "Р.ЛИШН", "subtype": "плеон", "comment": "", "correction": ""}, {"id": 3, "group": "error", "startSelection": 100, "endSelection": 108, "explanation": "Повторение одного и того же слова.", "tag": "", "type": "Р.повтор", "subtype": "", "comment": "", "correction": ""}, {"id": 4, "group": "error", "startSelection": 114, "endSelection": 125, "explanation": "Повторение одинаковых и однокоренных слов.", "tag": "", "type": "Р.тавт", "subtype": "", "comment": "", "correction": ""}, {"id": 5, "group": "error", "startSelection": 137, "endSelection": 143, "explanation": "Повторение однокоренных слов.", "tag": "", "type": "Р.тавт", "subtype": "", "comment": "", "correction": ""}, {"id": 6, "group": "error", "startSelection": 156, "endSelection": 164, "explanation": "Повторение одного и того же слова.", "tag": "", "type": "Р.повтор", "subtype": "", "comment": "", "correction": ""}, {"id": 7, "group": "error", "startSelection": 304, "endSelection": 310, "explanation": "Повторение одинаковых и однокоренных слов.", "tag": "", "type": "Р.повтор", "subtype": "", "comment": "", "correction": ""}, {"id": 8, "group": "error", "startSelection": 348, "endSelection": 354, "explanation": "Повторение одинаковых и однокоренных слов.", "tag": "", "type": "Р.повтор", "subtype": "", "comment": "", "correction": ""}, {"id": 9, "group": "error", "startSelection": 556, "endSelection": 925, "explanation": "Слишком длинное предложение с точки зрения выбранного стиля проверки. Измените настройку, выберите более свободный стиль или разбейте это предложение на несколько более коротких.", "tag": "message.txt: 0:0", "type": "А.лекс", "subtype": "конт", "comment": "", "correction": ""}, {"id": 10, "group": "error", "startSelection": 639, "endSelection": 648, "explanation": "Повторение одного и того же слова в разных формах.", "tag": "", "type": "Р.повтор", "subtype": "", "comment": "", "correction": ""}, {"id": 11, "group": "error", "startSelection": 758, "endSelection": 769, "explanation": "Повторение одного и того же слова в разных формах.", "tag": "", "type": "Р.повтор", "subtype": "", "comment": "", "correction": ""}, {"id": 12, "group": "error", "startSelection": 962, "endSelection": 973, "explanation": "", "tag": "REPLACE_ne-slit-vp_ne-razd-vp", "type": "А.лекс", "subtype": "конт", "comment": "", "correction": "не уверенный"}, {"id": 13, "group": "error", "startSelection": 1248, "endSelection": 1265, "explanation": "Слово «личность» и само по себе обозначает человека, поэтому не нужно употреблять оба слова одновременно.", "tag": "", "type": "Р.ЛИШН", "subtype": "плеон", "comment": "", "correction": ""}, {"id": 14, "group": "error", "startSelection": 1462, "endSelection": 1473, "explanation": "Устаревшее слово. В современном тексте оно, скорее всего, употребляется в книжном стиле.  Совр. аналоги к одному из знач.: повысить, увеличить.", "tag": "Ustar.doc 2070783933", "type": "А.лекс", "subtype": "конт", "comment": "", "correction": ""}, {"id": 15, "group": "error", "startSelection": 1637, "endSelection": 1644, "explanation": "Нет существительных, согласующихся с прилагательным {\"обычном\"}.", "tag": "message.txt: 2:3", "type": "А.лекс", "subtype": "конт", "comment": "", "correction": ""}, {"id": 16, "group": "error", "startSelection": 1933, "endSelection": 1940, "explanation": "Повторение одного и того же слова в разных формах.", "tag": "", "type": "Р.повтор", "subtype": "", "comment": "", "correction": ""}, {"id": 17, "group": "error", "startSelection": 2048, "endSelection": 2056, "explanation": "Повторение одного и того же слова в разных формах.", "tag": "", "type": "Р.повтор", "subtype": "", "comment": "", "correction": ""}, {"id": 18, "group": "error", "startSelection": 2150, "endSelection": 2157, "explanation": "Повторение однокоренных слов.", "tag": "", "type": "Р.тавт", "subtype": "", "comment": "", "correction": ""}, {"id": 19, "group": "error", "startSelection": 2270, "endSelection": 2274, "explanation": "Повторение однокоренных слов.", "tag": "", "type": "Р.тавт", "subtype": "", "comment": "", "correction": ""}, {"id": 20, "group": "error", "startSelection": 2293, "endSelection": 2300, "explanation": "Повторение одного и того же слова.", "tag": "", "type": "Р.повтор", "subtype": "", "comment": "", "correction": ""}, {"id": 21, "group": "error", "startSelection": 2318, "endSelection": 2441, "explanation": "Возможно, предложение не согласовано.", "tag": "message.txt: 2:3", "type": "А.лекс", "subtype": "конт", "comment": "", "correction": ""}, {"id": 22, "group": "error", "startSelection": 2382, "endSelection": 2389, "explanation": "Повторение одного и того же слова.", "tag": "", "type": "Р.повтор", "subtype": "", "comment": "", "correction": ""}, {"id": 23, "group": "error", "startSelection": 2451, "endSelection": 2456, "explanation": "Повторение однокоренных слов.", "tag": "", "type": "Р.тавт", "subtype": "", "comment": "", "correction": ""}, {"id": 24, "group": "error", "startSelection": 2457, "endSelection": 2463, "explanation": "Повторение однокоренных слов.", "tag": "", "type": "Р.тавт", "subtype": "", "comment": "", "correction": ""}, {"id": 26, "group": "meaning", "startSelection": 166, "endSelection": 221, "type": "ПРОБЛЕМА", "subtype": "", "explanation": "", "correction": "", "tag": "", "comment": ""}, {"id": 27, "group": "meaning", "startSelection": 222, "endSelection": 556, "type": "ПРИМЕР", "subtype": "", "explanation": "", "correction": "", "tag": "", "comment": ""}, {"id": 28, "group": "meaning", "startSelection": 557, "endSelection": 982, "type": "ПРИМЕР", "subtype": "", "explanation": "", "correction": "", "tag": "", "comment": ""}, {"id": 29, "group": "meaning", "startSelection": 983, "endSelection": 1201, "type": "СВЯЗЬ", "subtype": "", "explanation": "", "correction": "", "tag": "", "comment": ""}, {"id": 30, "group": "meaning", "startSelection": 1202, "endSelection": 1538, "type": "ПОЗИЦИЯ", "subtype": "", "explanation": "", "correction": "", "tag": "", "comment": ""}, {"id": 31, "group": "meaning", "startSelection": 1539, "endSelection": 2587, "type": "ОТНОШЕНИЕ", "subtype": "", "explanation": "", "correction": "", "tag": "", "comment": ""}]}