{"meta": {"uuid": "dc760a7b-2078-4b01-8853-8105697abd6f", "id": "0009386", "name": "0009386_ru_rus_problema_very_v_budushchee_noexp.txt", "subject": "rus", "test": "егэ тренировка", "category": "", "year": 2019, "class": "11", "theme": "Проблема веры в будущее (По тексту Г. Галлер)", "taskText": "(1)В суровые военные годы во время бомбёжки моя бабушка всегда стояла на посту с винтовкой за плечами и со свистком в руке. (2)Маленького росточка, но очень полная, она, как колобок, выкатывалась на пост и направляла людей в укрытие, подбадривая отставших тонкой трелью свистка.\n(3)Зинаиду Ильиничну соседи любили за доброту и умение советом или нужным словом подбодрить человека. (4)А мы, дети, в ней просто души не чаяли. (5)В девичестве она была Юсуповой (своими корнями втайне очень гордилась), и восточный отблеск придавал её облику особый колорит.\n(6)Весь подъезд помнил историю с Иваном, тринадцатилетним подростком, переехавшим в наш дом с больной матерью и полуслепой бабушкой. (7)3а свою короткую жизнь подросток успел побывать в колонии за воровство, в подъезде поначалу звучала его громкая ругань. (8)С согласия его матери бабушка взялась устроить Ивана на подработку в театр юного зрителя. (9)Полгода она буквально за руку водила его на спектакли, горячо обсуждала с ним полученные впечатления, просила описать свои ощущения и эмоции. (10)Потом, шаг за шагом, научила работать над собой с помощью дневника.\n(11)Результат превзошёл все ожидания. (12)Ванечка, как называла его бабушка, обладая замечательной памятью и абсолютным слухом, оказался одарён и артистическим талантом. (13)В течение года он выучил все роли и с лёгкостью подменял отсутствующих актёров. (14)Закончив после войны режиссёрское и сценарное отделение ВГИКа, Иван впоследствии стал заслуженным артистом и режиссёром.\n(15)Будучи учительницей начальных классов, бабушка умела создать на уроках атмосферу игры, в то же время не давая ученикам уйти от главной цели — получения новых знаний. (16)Уроки радости — таков был стиль её преподавания. (17)И дети буквально боготворили свою Зинаиду Ильиничну.\n(18)Рядом с ней даже бомбёжка была не так страшна. (19)Бабушка вселяла в окружающих уверенность в близкой победе, надежду на добрые вести от родных, из горнила передовой — а иначе и быть не могло...\n(20)Шёл август 1941-го, и немцы подвергли наш город жестоким бомбовым атакам. (21)Августовская ночь была тёмной и тёплой. (22)Начавшийся артобстрел заставил нас очнуться от сна. (23)«Где мой свисток, ищите!» — бабушкин крик окончательно разбудил нас с мамой. (24)Свесив головы с кровати, мы всматривались в темноту, тщетно пытаясь помочь. (25)Наверняка этот злосчастный свисток болтался у неё за поясом или на шее. (26)«Твоих рук дело, Анка?» — накинулась на меня бабушка, ведь я всегда была причиной беспорядка в доме. (27)Наконец свисток был найден — он и в самом деле оказался где-то в заднем кармане бабушкиной юбки.\n(28)Невзирая на возраст и солидный вес, бабушка вихрем помчалась на пост, а мы побежали в наше укрытие недалеко от дома. (29)Эта глубокая яма, сверху прикрытая досками, и была нашим бомбоубежищем — его вырыли оставшиеся в доме жильцы. (30)Оно, конечно, не спасло бы нас от бомбы, но здесь мы чувствовали себя защищёнными. (31)Прижимаясь друг к другу под оглушительный грохот рвущихся снарядов и плач детей, мы старались не стучать зубами от страха и даже напевать.\n(32)Неожиданно мама начала смеяться. (33)«Линочка, что с тобой?» — опасливо спросила соседка. (34)Мама, буквально давясь смехом, продолжала заливаться. (35)Напряжение, охватившее людей, ушло после того, как она рассказала про «бабушкины сборы» про то, как маленькая, кругленькая Зинаида Ильинична с винтовкой за спиной в спешке расшвыривала по дому вещи, пытаясь отыскать свисток. (36)Сцена за сценой, она так живо нарисовала картину этого яростного поиска, что улыбки на лицах присутствующих сменились смехом. (37)Смеялись все, даже плачущие дети заулыбались. (38)Смеялись до слёз — громким, довоенным смехом.\n(39)Когда мы вышли из нашего убогого укрытия, мы бросились к нашему, к счастью, уцелевшему, дому. (40)Бабушка бежала навстречу, размазывая по щекам слёзы радости, оттого что увидела нас живыми и невредимыми. (41)Она обняла нас, крепко прижала к себе и как ни в чём не бывало сказала:\n— Кости целы — мясо наживём! (42)Живы будем — не помрём!\n(43)С тех пор прошло столько лет, и мне уже далеко за восемьдесят. (44) Но в минуты уныния я вдруг вспоминаю бабушку с её незаряженной винтовкой, вечными поисками свистка и несокрушимой верой в победу.\n(45) И всплывает в памяти мамин рассказ, наше хлипкое убежище и общий неудержимый смех. (46)Он гремел, как вестник надежды и веры в себя и в будущее, — смех, рвущийся из нас вопреки ужасу войны и смерти.\n"}, "text": "Привилегия народа, победившего войну не есть оружие высшего качества, обошедшее настоящее на шаг вперед, не в бесчисленной армии беспечных автомашин, назначение которых - убийство без упрека; холодное оружие в руках холодных людей губит живое настоящее, не побеждает зла. Для победы необходимо тепло: Добро, Надежда, Любовь и Вера. Вера в отрадное, ясное будущее. Именно проблема веры в будущее волнует автора текста. Не может не взволновать она и читателя.\nВсякий на \"поле артобстрела\" проникнут верой в счастливое будущее. Взять хоть бы и Зинаиду Ильиничну - маленького росточка, но очень полная, как колобок - которая всегда подбадривала отставших и выживших после бомбежек. Эта женщина несокрушимо верила в победу, в торжество справедливости. В ней нуждались дети - ее любили. Как учитель, она умела любой урок преподнести в виде интересной игры. Зинаида Ильинична помогла Ванечке не потерять себя, найти верный путь к преобразованию его природной талантливости в жизни. Она учила верить людей, потерявших надежду, в победу добра.\nСмех гремел, как вестник надежды и веры в себя и будущее, - смех, рвущийся из нас вопреки ужасу войны и смерти. Так заканчивает свое повествование Галина Галлер. И, действительно, она убеждена, что спасением их в те минуты стали всеобщие вера и надежда, которые проявились таким не соответствующем войне образом - смехом, о котором автор нередко - в минуты грусти - вспоминает даже спустя много лет.\nЯ согласна с мнением автора. Говорят, жизнь человека состоит из того, во что он верит. Боишься неудачи - а, значит веришь в ее неминуемость - несомненно она настигнет тебя; веришь в собственную победу над страхом, болью и трусостью, значит - победишь. А на что способна вера целого народа?.. Об этом и повествует Галина Галлер читателю. Доказать свои размышления могу некоторыми аргументами из художественной литературы.\nА. Адамович и Д. Гранин \"Блокадная книга\" рассказывает о подвиге ленинградцев, вызванном отнюдь не угрозой уничтожения; девятьсот блокадных дней, которые вместили в себя не только невероятные, немыслимые волны страданий, боли и отчаяния, не передаваемые человеческими словами, но и величайшую веру в будущее, в победу.\nВторым аргументом я бы хотела представить пример, не соответствующий рассматриваемой теме - войне, а теме любви. Роман Михаила Булгакова \"Мастер и Маргарита\" представляет читателю образ любящей Маргариты, которая несмотря на очевидную нелепость собственных надежд на встречу с мастером, верит, хоть и расшатанно, в возможность их будущего. Эта вера поддерживала жизнь в Маргарите. И в итоге оправдала.\nЧто еще добавить, если все уже сказано? Человеку не следует забывать, что искренняя вера - это оплот духовной силы, которая направляет жизнь человека в\nнужное русло. А уж куда человека направит собственная вера, зависит от него самого и от того, во что он верит.", "fileName": "0009386.json", "selections": [{"id": 0, "group": "error", "startSelection": 192, "endSelection": 200, "explanation": "Повторение одного и того же слова в разных формах.", "tag": "", "type": "Р.повтор", "subtype": "", "comment": "", "correction": ""}, {"id": 1, "group": "error", "startSelection": 216, "endSelection": 224, "explanation": "Повторение одного и того же слова в разных формах.", "tag": "", "type": "Р.повтор", "subtype": "", "comment": "", "correction": ""}, {"id": 2, "group": "error", "startSelection": 257, "endSelection": 266, "explanation": "Повторение однокоренных слов.", "tag": "", "type": "Р.тавт", "subtype": "", "comment": "", "correction": ""}, {"id": 3, "group": "error", "startSelection": 276, "endSelection": 282, "explanation": "Повторение однокоренных слов.", "tag": "", "type": "Р.тавт", "subtype": "", "comment": "", "correction": ""}, {"id": 4, "group": "error", "startSelection": 355, "endSelection": 362, "explanation": "Повторение одного и того же слова.", "tag": "", "type": "Р.повтор", "subtype": "", "comment": "", "correction": ""}, {"id": 5, "group": "error", "startSelection": 387, "endSelection": 394, "explanation": "Повторение одного и того же слова.", "tag": "", "type": "Р.повтор", "subtype": "", "comment": "", "correction": ""}, {"id": 6, "group": "error", "startSelection": 395, "endSelection": 402, "explanation": "Повторение однокоренных слов.", "tag": "", "type": "Р.тавт", "subtype": "", "comment": "", "correction": ""}, {"id": 7, "group": "error", "startSelection": 430, "endSelection": 441, "explanation": "Повторение однокоренных слов.", "tag": "", "type": "Р.тавт", "subtype": "", "comment": "", "correction": ""}, {"id": 8, "group": "error", "startSelection": 516, "endSelection": 523, "explanation": "Повторение одного и того же слова.", "tag": "", "type": "Р.повтор", "subtype": "", "comment": "", "correction": ""}, {"id": 9, "group": "error", "startSelection": 591, "endSelection": 597, "explanation": "Нет существительных, согласующихся с прилагательным {\"полная\"}.", "tag": "message.txt: 2:3", "type": "А.лекс", "subtype": "конт", "comment": "", "correction": ""}, {"id": 10, "group": "error", "startSelection": 888, "endSelection": 896, "explanation": "Повторение одного и того же слова в разных формах.", "tag": "", "type": "Р.повтор", "subtype": "", "comment": "", "correction": ""}, {"id": 11, "group": "error", "startSelection": 999, "endSelection": 1009, "explanation": "Повторение одного и того же слова в разных формах.", "tag": "", "type": "Р.повтор", "subtype": "", "comment": "", "correction": ""}, {"id": 12, "group": "error", "startSelection": 1035, "endSelection": 1039, "explanation": "Повторение одного и того же слова.", "tag": "", "type": "Р.повтор", "subtype": "", "comment": "", "correction": ""}, {"id": 13, "group": "error", "startSelection": 1095, "endSelection": 1099, "explanation": "Повторение одного и того же слова.", "tag": "", "type": "Р.повтор", "subtype": "", "comment": "", "correction": ""}, {"id": 14, "group": "error", "startSelection": 1196, "endSelection": 1434, "explanation": "Возможно, предложение не согласовано.", "tag": "message.txt: 2:3", "type": "А.лекс", "subtype": "конт", "comment": "", "correction": ""}, {"id": 15, "group": "error", "startSelection": 1317, "endSelection": 1332, "explanation": "", "tag": "REPLACE_adj-em_adj-im", "type": "А.лекс", "subtype": "конт", "comment": "", "correction": "соответствующим"}, {"id": 16, "group": "error", "startSelection": 1515, "endSelection": 1520, "explanation": "Повторение одного и того же слова в разных формах.", "tag": "", "type": "Р.повтор", "subtype": "", "comment": "", "correction": ""}, {"id": 17, "group": "error", "startSelection": 1543, "endSelection": 1549, "explanation": "Повторение одного и того же слова.", "tag": "", "type": "Р.повтор", "subtype": "", "comment": "", "correction": ""}, {"id": 18, "group": "error", "startSelection": 1550, "endSelection": 1556, "explanation": "Повторение одного и того же слова в разных формах.", "tag": "", "type": "Р.повтор", "subtype": "", "comment": "", "correction": ""}, {"id": 19, "group": "error", "startSelection": 1608, "endSelection": 1614, "explanation": "Повторение одного и того же слова в разных формах.", "tag": "", "type": "Р.повтор", "subtype": "", "comment": "", "correction": ""}, {"id": 20, "group": "error", "startSelection": 1629, "endSelection": 1635, "explanation": "Повторение однокоренных слов.", "tag": "", "type": "Р.тавт", "subtype": "", "comment": "", "correction": ""}, {"id": 21, "group": "error", "startSelection": 1668, "endSelection": 1674, "explanation": "Повторение одного и того же слова.", "tag": "", "type": "Р.повтор", "subtype": "", "comment": "", "correction": ""}, {"id": 22, "group": "error", "startSelection": 1677, "endSelection": 1685, "explanation": "Повторение однокоренных слов.", "tag": "", "type": "Р.тавт", "subtype": "", "comment": "", "correction": ""}, {"id": 23, "group": "error", "startSelection": 2205, "endSelection": 2216, "explanation": "Повторение однокоренных слов.", "tag": "", "type": "Р.тавт", "subtype": "", "comment": "", "correction": ""}, {"id": 24, "group": "error", "startSelection": 2260, "endSelection": 2264, "explanation": "Повторение одного и того же слова.", "tag": "", "type": "Р.повтор", "subtype": "", "comment": "", "correction": ""}, {"id": 25, "group": "error", "startSelection": 2276, "endSelection": 2280, "explanation": "Повторение одного и того же слова.", "tag": "", "type": "Р.повтор", "subtype": "", "comment": "", "correction": ""}, {"id": 26, "group": "error", "startSelection": 2333, "endSelection": 2345, "explanation": "Повторение однокоренных слов.", "tag": "", "type": "Р.тавт", "subtype": "", "comment": "", "correction": ""}, {"id": 27, "group": "error", "startSelection": 2727, "endSelection": 2728, "explanation": "Предлог {\"в\"} не связан с существительным или местоимением.", "tag": "message.txt: 2:3", "type": "А.лекс", "subtype": "конт", "comment": "", "correction": ""}, {"id": 28, "group": "error", "startSelection": 2617, "endSelection": 2625, "explanation": "Повторение одного и того же слова в разных формах.", "tag": "", "type": "Р.повтор", "subtype": "", "comment": "", "correction": ""}, {"id": 29, "group": "error", "startSelection": 2701, "endSelection": 2711, "explanation": "Повторение однокоренных слов.", "tag": "", "type": "Р.тавт", "subtype": "", "comment": "", "correction": ""}, {"id": 30, "group": "error", "startSelection": 2718, "endSelection": 2726, "explanation": "Повторение одного и того же слова в разных формах.", "tag": "", "type": "Р.повтор", "subtype": "", "comment": "", "correction": ""}, {"id": 31, "group": "error", "startSelection": 2753, "endSelection": 2761, "explanation": "Повторение одного и того же слова в разных формах.", "tag": "", "type": "Р.повтор", "subtype": "", "comment": "", "correction": ""}, {"id": 32, "group": "error", "startSelection": 2762, "endSelection": 2770, "explanation": "Повторение однокоренных слов.", "tag": "", "type": "Р.тавт", "subtype": "", "comment": "", "correction": ""}, {"id": 34, "group": "meaning", "startSelection": 0, "endSelection": 417, "type": "ПРОБЛЕМА", "subtype": "", "explanation": "", "correction": "", "tag": "", "comment": ""}, {"id": 35, "group": "meaning", "startSelection": 1435, "endSelection": 2839, "type": "ОТНОШЕНИЕ", "subtype": "", "explanation": "", "correction": "", "tag": "", "comment": ""}]}