{"meta": {"uuid": "a5cb1a03-3510-408e-ada0-19dab6d71c10", "id": "0009760", "name": "0009760_ru_rus_problema_otnosheniya_cheloveka_k_lyubvi_noexp.txt", "subject": "rus", "test": "егэ тренировка", "category": "", "year": 2020, "class": "11", "theme": "Проблема отношения человека к любви (По тексту Е. Гришковца)", "taskText": "(1) Вот иногда ты остро чувствуешь, что ты ЕСТЬ. (2) И что ты очень маленький. (3) Ты очень маленький, но ты есть! (4) И твой костерок виден на том берегу. (5) И вот это чувство – что Я ЕСТЬ, хоть и маленький, это космически больше, чем если бы меня не было вовсе. (6) Но иногда случается чувство совсем другое. (7) Это такое чувство… (8) Которое называется таким словом, которое на родном языке произносить ужасно трудно. (9) Такое слово, которое, если произнесешь, то обязательно поперхнешься или откашляешься, или даже это слово только подумаешь – как споткнешься об него… (10) Зато на любом другом языке, английском, немецком, - сколько угодно… легко. (11) Это слово – «любовь». (12) Когда вдруг, обычно весной, обрушится любовь, то обнаруживаешь странные вещи. (13) Например, меня очень раздражала какая-то песня, потому что эта песня была дурацкая, и именно поэтому ее так часто крутили на всех радиостанциях. (14) И исполняла эту песню какая-то пошлая блондинка с большим ртом. (15) Но в этой песне пелось о любви. (16) И я вдруг понимаю, что песня хоть и плохая, но не бессмысленная! (17) И, в общем-то, эта песня про меня. (18) И та песня про человека, который работал на лесоповале, которого ждала женщина, но… увы. (19) Эта песня тоже про меня… (20) За исключением лесоповала, конечно. (21) И так много, оказывается, песен про меня. (22) А еще, я раньше видел какие-то фильмы, и они казались мне надуманными, фальшивыми, потому что они были о любви. (23) А тут я смотрю и понимаю, что эти фильмы правдивые и все эти фильмы про меня. (24) Оказывается, так много фильмов снято про меня. (25) И пьесы Шекспира… (26) Они мне всегда нравились, но казалось, что Шекспир что-то как-то переборщил, как-то он чересчур сильно… (27) А тут читаешь снова и думаешь: что-то Шекспир просто даже не дописал. (28) Можно было посильнее. (29) И надо было ему у меня кое-что спросить. (30) Я бы ему рассказал, как оно бывает. (31) И вообще – так много музыки, картин, стихов про меня, что я обнаруживаю себя в центре внимания мирового искусства. (32) И даже те стихи, которые запомнились с детства, запомнились потому, что память была не испорчена и свободна, так вот, эти детские стишки вспоминаются и оказываются прекрасными стихами про меня сегодняшнего. (33) Например, этот стишок про бычка: (34) Идет бычок, качается, вздыхает на ходу, Ой-ой, доска качается, сейчас я упаду… (35) Это же про меня! (36) Я тоже, может быть, вижу, что все бесполезно, что вот моя жизнь… (37) Но я иду. (38) Может быть, не очень красиво, но иду… (39) Про меня. (40) А стихотворение про зайку – это не просто шедевр поэзии, это поэма моей жизни! (41) Зайку бросила хозяйка, Под дождем остался зайка, Со скамейки слезть не мог, Весь до ниточки промок. (42) Хозяйка бросила, заметьте, не хозяин. (43) А он не смог слезть, не смог… (44) Заяц не смог слезть со скамьи! (45) Это же смешно! (46) Да он гордо остался там сидеть! (47) И промок не только от дождя и даже не столько от дождя, сколько от слез. (48) Но заплакал только под дождем, чтобы никто не увидел его слез…\n(49) Но так хочется верить, что где-то там, за окном, та самая женщина слушает какую-нибудь песню, которая не только про нее или про меня, но про нас. (50) Такая песня, которую и она, и я – мы оба любим. (51) И если есть такая песня и она там звучит, за тем окном, значит, между нами уже что-то есть. (52) И это уже что-то. (53) И появляется надежда.\n"}, "text": "Е. Гришковец предлагает читателю задуматься над проблемой отношения человека к любви. Очень часто люди остерегаются любви, так как она, безусловно, знаменует собой глубокую привязанность. Не редкими являются случаи, когда человек обжигается в своих чувствах. С другой стороны, мир не обходится без пар влюбленных, которые сумели не только заключить свои симпатии в узы брака, но и сохранить брачный союз до самой смерти, одной из ярких примеров которой являются Пётр и Феврония. Эти доводы позволяют утверждать о том, что проблема отношения человека к любви очень неоднозначная, она многогранна и касается каждого.\nАвтор пишет: «Когда вдруг, обычно весной, обрушится любовь, то обнаруживаешь странные вещи». Это действительно так. Трудно объяснить, чем руководствуется в своих действиях и намерениях влюбленный человек. Иногда мы стараемся быть не предсказуемыми в своих действиях ради того, чтобы удивить свою вторую половинку, порой самыми экстраординарными методами.\n«А еще, я раньше видел какие-то фильмы, и они казались мне надуманными, фальшивыми, потому что они были о любви», — пишет Е. Гришковец. Даже самый опытный, талантливый, блистательный актер не сможет абсолютно точно передать чувство любви. Как бы мастера киноискусства не пытались преподнести любовь искренней, настоящей, живой и не наигранной, вряд ли скрупулёзный взгляд зоркого зрителя поверит киноактерам. Кроме того, если углубиться в тему фальшивости любви, то можно сказать о том, что часто люди обманывают в своих чувствах не только спутника жизни, но и самих себя.\nОба эти примера, дополняя друг друга, указывают на многообразность такой категории состояния души, как любовь. Трудно объяснить и дать четкий ответ на вопросы: «Откуда она берется?» и «Существует ли любовь вообще?».\nПозиция автора текста такова: Е. Гришковец считает, что у каждого человека обязательно найдется та самая, единственная и неповторимая. Это очень интересная точка зрения. Публицист подкрепляет своё суждение возможной общностью интересов между мужчиной и женщиной.\nНе могу не согласиться с автором, потому что я уверен в том, что с огромной долей вероятности на планете Земля обязательно найдется человек, с которым ты можешь связать свою жизнь. Безусловно, это очень энергозатратное, трудное и ресурсоемкое занятие. С каждым годом я убеждаюсь в том, что действительно достойные люди в жизни человека появляются спонтанно. Совершенно не обязательно уходить с головой в какие-либо поиски, достаточно лишь быть тем, кем ты являешься. Самое интересное заключается в том, что не обязательно нужно исключать из внимания полную противоположность образа человека, который тебе якобы подходит. На мой взгляд, это утверждение ошибочное. Иногда противоположности притягиваются, и такие отношения не будут уступать по крепости и насыщенности. Об этом существует немало статей, споров и мнений.\nТаким образом, психология человека скорее является не постижимой. Я думаю, что это объясняется индивидуальностью и уникальностью природы людей. Нет какого либо универсального архетипа или эталона, существуют различные воззрения и соображения, которые лишь могут совпадать с конкретными случаями и ситуациями, не более. Поэтому внести какой-либо незыблемой детализации в наше время невозможно. Однако могу лишь сказать, опираясь на свое субъективное мнение, что отношения, возникающие между мужчиной и женщиной, действительно стоят того.", "fileName": "0009760.json", "selections": [{"id": 0, "group": "error", "startSelection": 243, "endSelection": 248, "explanation": "Повторение одного и того же слова в разных формах.", "tag": "", "type": "Р.повтор", "subtype": "", "comment": "", "correction": ""}, {"id": 1, "group": "error", "startSelection": 365, "endSelection": 368, "explanation": "В переносном смысле: \"нечто связывающее, соединяющее\" - это слово имеет высокопарный оттенок, не подходящий, например, для делового стиля. В прямом смысле: \"оковы, кандалы\" - это устаревшее слово.", "tag": "Ustar.doc 2094851307", "type": "А.лекс", "subtype": "конт", "comment": "", "correction": ""}, {"id": 2, "group": "error", "startSelection": 349, "endSelection": 353, "explanation": "Повторение одного и того же слова в разных формах.", "tag": "", "type": "Р.повтор", "subtype": "", "comment": "", "correction": ""}, {"id": 3, "group": "error", "startSelection": 771, "endSelection": 776, "explanation": "Повторение одного и того же слова в разных формах.", "tag": "", "type": "Р.повтор", "subtype": "", "comment": "", "correction": ""}, {"id": 4, "group": "error", "startSelection": 865, "endSelection": 870, "explanation": "Повторение одного и того же слова в разных формах.", "tag": "", "type": "Р.повтор", "subtype": "", "comment": "", "correction": ""}, {"id": 5, "group": "error", "startSelection": 906, "endSelection": 910, "explanation": "Повторение одного и того же слова в разных формах.", "tag": "", "type": "Р.повтор", "subtype": "", "comment": "", "correction": ""}, {"id": 6, "group": "error", "startSelection": 1280, "endSelection": 1289, "explanation": "Нет существительных, согласующихся с прилагательным {\"настоящей\"}.", "tag": "message.txt: 2:3", "type": "А.лекс", "subtype": "конт", "comment": "", "correction": ""}, {"id": 7, "group": "error", "startSelection": 1299, "endSelection": 1312, "explanation": "", "tag": "REPLACE_ne-razd-vp_ne-slit-vp", "type": "А.лекс", "subtype": "конт", "comment": "", "correction": "ненаигранной"}, {"id": 8, "group": "error", "startSelection": 1543, "endSelection": 1579, "explanation": "Лучше обойтись без «оба» («примеры дополняют друг друга») или вообще использовать прилагательное «взаимодополняющие».", "tag": "", "type": "Р.ЛИШН", "subtype": null, "comment": "", "correction": ""}, {"id": 9, "group": "error", "startSelection": 1904, "endSelection": 1914, "explanation": "Повторение однокоренных слов.", "tag": "", "type": "Р.тавт", "subtype": "", "comment": "", "correction": ""}, {"id": 10, "group": "error", "startSelection": 1965, "endSelection": 1974, "explanation": "Повторение одинаковых и однокоренных слов.", "tag": "", "type": "Р.тавт", "subtype": "", "comment": "", "correction": ""}, {"id": 11, "group": "error", "startSelection": 1985, "endSelection": 1994, "explanation": "Повторение однокоренных слов.", "tag": "", "type": "Р.тавт", "subtype": "", "comment": "", "correction": ""}, {"id": 12, "group": "error", "startSelection": 2191, "endSelection": 2201, "explanation": "Слово «свой» применительно к жизни часто избыточно, поскольку жизнь у человека всегда «своя».", "tag": "", "type": "Р.ЛИШН", "subtype": "лишн", "comment": "", "correction": ""}, {"id": 13, "group": "error", "startSelection": 2025, "endSelection": 2029, "explanation": "Повторение одинаковых и однокоренных слов.", "tag": "", "type": "Р.тавт", "subtype": "", "comment": "", "correction": ""}, {"id": 14, "group": "error", "startSelection": 2176, "endSelection": 2182, "explanation": "Повторение одинаковых и однокоренных слов.", "tag": "", "type": "Р.тавт", "subtype": "", "comment": "", "correction": ""}, {"id": 15, "group": "error", "startSelection": 2358, "endSelection": 2368, "explanation": "Повторение однокоренных слов.", "tag": "", "type": "Р.тавт", "subtype": "", "comment": "", "correction": ""}, {"id": 16, "group": "error", "startSelection": 2478, "endSelection": 2487, "explanation": "Повторение однокоренных слов.", "tag": "", "type": "Р.тавт", "subtype": "", "comment": "", "correction": ""}, {"id": 17, "group": "error", "startSelection": 2891, "endSelection": 2904, "explanation": "", "tag": "REPLACE_ne-razd-adj_ne-slit-adj", "type": "А.лекс", "subtype": "конт", "comment": "", "correction": "непостижимой"}, {"id": 18, "group": "error", "startSelection": 2988, "endSelection": 2999, "explanation": "", "tag": "REPLACE_кто+то_кто-то", "type": "А.лекс", "subtype": "конт", "comment": "", "correction": "какого - либо"}, {"id": 20, "group": "meaning", "startSelection": 0, "endSelection": 614, "type": "ПРОБЛЕМА", "subtype": "", "explanation": "", "correction": "", "tag": "", "comment": ""}, {"id": 21, "group": "meaning", "startSelection": 615, "endSelection": 707, "type": "ПРИМЕР", "subtype": "", "explanation": "", "correction": "", "tag": "", "comment": ""}, {"id": 22, "group": "meaning", "startSelection": 708, "endSelection": 969, "type": "ПОЯСНЕНИЕ", "subtype": "", "explanation": "", "correction": "", "tag": "", "comment": ""}, {"id": 23, "group": "meaning", "startSelection": 970, "endSelection": 1105, "type": "ПРИМЕР", "subtype": "", "explanation": "", "correction": "", "tag": "", "comment": ""}, {"id": 24, "group": "meaning", "startSelection": 1106, "endSelection": 1542, "type": "ПОЯСНЕНИЕ", "subtype": "", "explanation": "", "correction": "", "tag": "", "comment": ""}, {"id": 25, "group": "meaning", "startSelection": 1543, "endSelection": 1758, "type": "СВЯЗЬ", "subtype": "", "explanation": "", "correction": "", "tag": "", "comment": ""}, {"id": 26, "group": "meaning", "startSelection": 1759, "endSelection": 2021, "type": "ПОЗИЦИЯ", "subtype": "", "explanation": "", "correction": "", "tag": "", "comment": ""}, {"id": 27, "group": "meaning", "startSelection": 2022, "endSelection": 2839, "type": "ОТНОШЕНИЕ", "subtype": "", "explanation": "", "correction": "", "tag": "", "comment": ""}]}