{"meta": {"uuid": "b7628773-89a4-4599-ae39-3329de95810f", "id": "0009458", "name": "0009458_ru_rus_kakim_obrazom_priroda_mojet_povliyat_na_cheloveka_i_sposobna_li_ona_izmenit_ego_jizn_noexp.txt", "subject": "rus", "test": "егэ тренировка", "category": "", "year": 2020, "class": "11", "theme": "Каким образом природа может повлиять на человека, и способна ли она изменить его жизнь? (По тексту Б. Ямпольского)", "taskText": "(1)Когда я вошёл в новую пустую квартиру, единственный, кто встретил меня, был старый заснеженный тополь за окном, он остался от деревенской усадьбы, которая была на этом месте, и теперь, заглядывая во второй этаж, будто сказал мне: «Здравствуй», — и от белых прекрасных ветвей его в комнату лился свет, чистый, непорочный, неподкупный. (2)Потом пришла весна, и однажды утром, после тёплого ночного дождя, в окно заглянуло что-то зелёное, дымчатое, неопределённое.\n(3)Каждую весну повторяется одно и то же, и каждый раз это как чудо, чудо обновления, и к нему нельзя привыкнуть. (4)Я долго стоял и смотрел и не мог наглядеться. (5)Теперь за окном будто поселился кто-то живой, шумел и вдруг замолкал, а во время ветра тихонько и кротко постукивал в окно.\n(6)Он жил всеми своими листьями, тысячами тысяч листьев, подставляя их солнцу, луне, ветру, дождю. (7)Он радовался жизни вовсю, каждую минуту, каждую секунду своего бытия. (8)А я, раздумывая над своей жизнью, хотел бы научиться у него этой постоянной радости на воле под небом.\n(9)На его ветви прилетали птицы, они свистели, пели свои короткие городские песенки, может, тополь им рассказывал обо мне, и они заглядывали в окно и ухмылялись.\n(10)Какое это было долгое чудесное лето в тот первый год жизни в новой комнате, с живым тополем у самого окна, какие были бесконечные закаты, и светлые ночи, и легкие сны! (11)Лишь иногда мне вдруг снилось, что я почему-то потерял новую комнату и снова живу в старой, тёмной и чадной, с голой электрической лампочкой на длинном шнуре. (12)Но я просыпался, и тополь глядел в комнату с чистыми, свежими стенами, и предрассветный зелёный шум сливался с ощущением счастливого пробуждения. (13)Потом пришла осень, листья пожелтели, и в комнате стало тихо, грустно.\n(14)Начались осенние ливни и бури, по ночам тополь скрипел, стонал, бился ветвями о стену, словно просил защиты от непогоды. (15)Постепенно облетали листья с его ветвей, сначала с верхних, потом с нижних. (16)Листья струились ручьями, устилая балкон, и некоторые прилипали к стеклам и с ужасом глядели в комнату, чего-то ожидая.\n(17)И вот уже на тополе не осталось ни одного листочка, он стоял голый, чёрный, словно обгорелый, и на фоне синего неба видна была каждая чёрная веточка, каждая жилочка, было торжественно тихо и печально в природе, негреющее солнце светило по-летнему. (18)И, как всегда, вспоминалось детство и думалось: кто ты? (19)В чём смысл жизни? (20)Потом ещё раз была весна, и всё было сначала, и жизнь казалась бесконечной.\n(21)Но однажды утром я услышал под окном звук, будто тополь мой визжал. (22)Я бросился к окну. (23)Внизу стояли скреперы и дорожные катки, которые пробивали новую улицу, и рабочий электрической пилой валил стоявший посреди дороги тополь.\n(24)И вот сверху я увидел, как дрожь прошла по всему его зелёному телу, он зашатался, мгновение подумал и рухнул на новую улицу, перекрыв её во всю ширину шумящей зелёной обвальной листвой.\n(25)И открылась мне краснокирпичная, скучная, голая стена дома на той стороне улицы, и с тех пор я вижу только её и кусочек неба.\n(26)Часто вспоминается мне мой тополь. (27)И всё кажется, что он не исчез с земли, а где-то растёт в лесу, на поляне, шумит всеми листьями.\n"}, "text": "В предложенном для анализа тексте известный русский писатель Борис Самойлович Ямпольский поднимает проблему взаимоотношений человека и природы. Каким образом природа может повлиять на человека, и способна ли она изменить его жизнь?\nПроблема раскрывается на примере истории из жизни рассказчика. Человек, от чьего лица ведется повествование, восхищается прекрасным тополем под своим окном и обращается с ним как с живым существом, о чем говорят множественные олицетворения: «За окном будто поселился кто-то живой, шумел и вдруг замолкал, а во время ветра тихонько и кротко постукивал в окно», «Он жил всеми своими листьями…». Рассказчик духовно привязан к тополю, он считает его своим другом, так как дерево наполняет его силами и светлыми чувствами, пробуждает положительные эмоции. Именно тополь развевает одиночество рассказчика, ведь когда есть гармония в отношениях между человеком и природой, тогда есть и гармония в душе самого человека. Ещё одним примером, доказывающим важность существовавшей связи между деревом и человеком, является сцена рубки тополя. Потерям друга, автор снова окунается в одиночество, в свою скучную и серую городскую жизнь: «И открылась мне краснокирпичная, скучная, голая стена дома на той стороне улицы, и с тех пор я вижу только её и кусочек неба». С уходом частички природы из жизни рассказчика пропадет и гармония. Вольнолюбивое дерево, закрывающее мрачный город, будто ограждало главного героя от серой жизни, давала повод для радости и спокойствия среди вечной суеты. Оба этих примера, дополняя друг друга, дают понять, что связь человека с природой необыкновенно сильна. Лишь найдя гармонию с окружающим миром, человек познает радость жизни, увидит красоту в обыденности.\nАвторская позиция предельно ясна. Ямпольский считает, что красота природы помогает простому городскому жителю ярче видеть жизнь. Казалось бы обыкновенное дерево может в корне изменить жизнь человека, оказывать на него благотворное и даже целительное воздействие.\nЯ согласна с мнением автора. Действительно, природа занимает большое место в жизни человека, однако не стоит забывать, что и сам человек является частью окружающей его среды. Нельзя считать себя главным и великим, пытаться властвовать над природой, так как это может обернуться отрицательными для самих людей последствиями.\nСвязь человека с природой описывалась во многих произведениях русской литературы. Одним из них является «Юшка» Платонова. Главный герой рассказа часто уходил в лес и в поле, чтобы отвлечься от суеты рабочей жизни. На природе он забывал обиды, наносимые ему односельчанами. Юшка трепетно относился к окружающей среде, и общение с природой придавало ему душевные силы.\nДелая вывод, можно сказать, что человек и природа понятия неразрывные. Однако надо научиться беречь окружающую нас среду, не наносить ей вреда, и тогда она отплатит тем же, вселяя гармонию в людские сердца.", "fileName": "0009458.json", "selections": [{"id": 0, "group": "error", "startSelection": 89, "endSelection": 107, "explanation": "Проблему можно «поставить», «выдвинуть», «обозначить» или «рассмотреть», но лучше ее не «поднимать».", "tag": "", "type": "Р.СОЧЕТ", "subtype": null, "comment": "", "correction": ""}, {"id": 1, "group": "error", "startSelection": 124, "endSelection": 132, "explanation": "Повторение одного и того же слова в разных формах.", "tag": "", "type": "Р.повтор", "subtype": "", "comment": "", "correction": ""}, {"id": 2, "group": "error", "startSelection": 135, "endSelection": 142, "explanation": "Повторение одного и того же слова в разных формах.", "tag": "", "type": "Р.повтор", "subtype": "", "comment": "", "correction": ""}, {"id": 3, "group": "error", "startSelection": 158, "endSelection": 165, "explanation": "Повторение одного и того же слова в разных формах.", "tag": "", "type": "Р.повтор", "subtype": "", "comment": "", "correction": ""}, {"id": 4, "group": "error", "startSelection": 184, "endSelection": 192, "explanation": "Повторение одного и того же слова в разных формах.", "tag": "", "type": "Р.повтор", "subtype": "", "comment": "", "correction": ""}, {"id": 5, "group": "error", "startSelection": 554, "endSelection": 562, "explanation": "Разговорное выражение, придающее тексту непринуждённый характер.", "tag": "RAZG.doc 1309027878", "type": "А.лекс", "subtype": "конт", "comment": "", "correction": ""}, {"id": 6, "group": "error", "startSelection": 295, "endSelection": 302, "explanation": "Повторение одного и того же слова в разных формах.", "tag": "", "type": "Р.повтор", "subtype": "", "comment": "", "correction": ""}, {"id": 7, "group": "error", "startSelection": 413, "endSelection": 418, "explanation": "Повторение однокоренных слов.", "tag": "", "type": "Р.повтор", "subtype": "", "comment": "", "correction": ""}, {"id": 8, "group": "error", "startSelection": 506, "endSelection": 511, "explanation": "Повторение однокоренных слов.", "tag": "", "type": "Р.повтор", "subtype": "", "comment": "", "correction": ""}, {"id": 9, "group": "error", "startSelection": 596, "endSelection": 599, "explanation": "Повторение однокоренных слов.", "tag": "", "type": "Р.тавт", "subtype": "", "comment": "", "correction": ""}, {"id": 10, "group": "error", "startSelection": 678, "endSelection": 690, "explanation": "Слово «свой» применительно к словам, обозначающим отношение (друг, сестра, коллега) часто избыточно.", "tag": "", "type": "Р.ЛИШН", "subtype": "лишн", "comment": "", "correction": ""}, {"id": 11, "group": "error", "startSelection": 655, "endSelection": 661, "explanation": "Повторение одного и того же слова в разных формах.", "tag": "", "type": "Р.повтор", "subtype": "", "comment": "", "correction": ""}, {"id": 12, "group": "error", "startSelection": 674, "endSelection": 677, "explanation": "Повторение одного и того же слова.", "tag": "", "type": "Р.повтор", "subtype": "", "comment": "", "correction": ""}, {"id": 13, "group": "error", "startSelection": 717, "endSelection": 720, "explanation": "Повторение одного и того же слова.", "tag": "", "type": "Р.повтор", "subtype": "", "comment": "", "correction": ""}, {"id": 14, "group": "error", "startSelection": 790, "endSelection": 796, "explanation": "Повторение одного и того же слова в разных формах.", "tag": "", "type": "Р.повтор", "subtype": "", "comment": "", "correction": ""}, {"id": 15, "group": "error", "startSelection": 807, "endSelection": 818, "explanation": "Повторение однокоренных слов.", "tag": "", "type": "Р.тавт", "subtype": "", "comment": "", "correction": ""}, {"id": 16, "group": "error", "startSelection": 848, "endSelection": 856, "explanation": "Повторение одного и того же слова.", "tag": "", "type": "Р.повтор", "subtype": "", "comment": "", "correction": ""}, {"id": 17, "group": "error", "startSelection": 870, "endSelection": 875, "explanation": "Повторение одного и того же слова.", "tag": "", "type": "Р.повтор", "subtype": "", "comment": "", "correction": ""}, {"id": 18, "group": "error", "startSelection": 876, "endSelection": 885, "explanation": "Повторение одного и того же слова в разных формах.", "tag": "", "type": "Р.повтор", "subtype": "", "comment": "", "correction": ""}, {"id": 19, "group": "error", "startSelection": 911, "endSelection": 919, "explanation": "Повторение одного и того же слова.", "tag": "", "type": "Р.повтор", "subtype": "", "comment": "", "correction": ""}, {"id": 20, "group": "error", "startSelection": 934, "endSelection": 942, "explanation": "Повторение одного и того же слова в разных формах.", "tag": "", "type": "Р.повтор", "subtype": "", "comment": "", "correction": ""}, {"id": 21, "group": "error", "startSelection": 948, "endSelection": 953, "explanation": "Повторение однокоренных слов.", "tag": "", "type": "Р.тавт", "subtype": "", "comment": "", "correction": ""}, {"id": 22, "group": "error", "startSelection": 1007, "endSelection": 1012, "explanation": "Повторение одного и того же слова.", "tag": "", "type": "Р.повтор", "subtype": "", "comment": "", "correction": ""}, {"id": 23, "group": "error", "startSelection": 1023, "endSelection": 1032, "explanation": "Повторение одного и того же слова в разных формах.", "tag": "", "type": "Р.повтор", "subtype": "", "comment": "", "correction": ""}, {"id": 24, "group": "error", "startSelection": 1102, "endSelection": 1113, "explanation": "Повторение однокоренных слов.", "tag": "", "type": "Р.тавт", "subtype": "", "comment": "", "correction": ""}, {"id": 25, "group": "error", "startSelection": 1148, "endSelection": 1153, "explanation": "Повторение одного и того же слова в разных формах.", "tag": "", "type": "Р.повтор", "subtype": "", "comment": "", "correction": ""}, {"id": 26, "group": "error", "startSelection": 1312, "endSelection": 1317, "explanation": "Повторение одного и того же слова в разных формах.", "tag": "", "type": "Р.повтор", "subtype": "", "comment": "", "correction": ""}, {"id": 27, "group": "error", "startSelection": 1440, "endSelection": 1445, "explanation": "Повторение одного и того же слова в разных формах.", "tag": "", "type": "Р.повтор", "subtype": "", "comment": "", "correction": ""}, {"id": 28, "group": "error", "startSelection": 1447, "endSelection": 1453, "explanation": "Повторение одного и того же слова в разных формах.", "tag": "", "type": "Р.повтор", "subtype": "", "comment": "", "correction": ""}, {"id": 29, "group": "error", "startSelection": 1506, "endSelection": 1543, "explanation": "Лучше обойтись без «оба» («примеры дополняют друг друга») или вообще использовать прилагательное «взаимодополняющие».", "tag": "", "type": "Р.ЛИШН", "subtype": null, "comment": "", "correction": ""}, {"id": 30, "group": "error", "startSelection": 1545, "endSelection": 1549, "explanation": "Повторение одного и того же слова в разных формах.", "tag": "", "type": "Р.повтор", "subtype": "", "comment": "", "correction": ""}, {"id": 31, "group": "error", "startSelection": 1568, "endSelection": 1576, "explanation": "Повторение одного и того же слова в разных формах.", "tag": "", "type": "Р.повтор", "subtype": "", "comment": "", "correction": ""}, {"id": 32, "group": "error", "startSelection": 1698, "endSelection": 1709, "explanation": "Устаревшее слово. В современном тексте оно имеет архаический характер.", "tag": "Ustar.doc 354ca2ab6", "type": "А.лекс", "subtype": "конт", "comment": "", "correction": ""}, {"id": 33, "group": "error", "startSelection": 1650, "endSelection": 1657, "explanation": "Повторение одного и того же слова в разных формах.", "tag": "", "type": "Р.повтор", "subtype": "", "comment": "", "correction": ""}, {"id": 34, "group": "error", "startSelection": 1674, "endSelection": 1679, "explanation": "Повторение одинаковых и однокоренных слов.", "tag": "", "type": "Р.повтор", "subtype": "", "comment": "", "correction": ""}, {"id": 35, "group": "error", "startSelection": 1785, "endSelection": 1793, "explanation": "Повторение однокоренных слов.", "tag": "", "type": "Р.тавт", "subtype": "", "comment": "", "correction": ""}, {"id": 36, "group": "error", "startSelection": 1814, "endSelection": 1820, "explanation": "Повторение одинаковых и однокоренных слов.", "tag": "", "type": "Р.тавт", "subtype": "", "comment": "", "correction": ""}, {"id": 37, "group": "error", "startSelection": 1833, "endSelection": 1838, "explanation": "Повторение одинаковых и однокоренных слов.", "tag": "", "type": "Р.повтор", "subtype": "", "comment": "", "correction": ""}, {"id": 38, "group": "error", "startSelection": 1872, "endSelection": 1877, "explanation": "Повторение однокоренных слов.", "tag": "", "type": "Р.тавт", "subtype": "", "comment": "", "correction": ""}, {"id": 39, "group": "error", "startSelection": 1895, "endSelection": 1900, "explanation": "Повторение одинаковых и однокоренных слов.", "tag": "", "type": "Р.повтор", "subtype": "", "comment": "", "correction": ""}, {"id": 40, "group": "error", "startSelection": 2018, "endSelection": 2025, "explanation": "Повторение одного и того же слова в разных формах.", "tag": "", "type": "Р.повтор", "subtype": "", "comment": "", "correction": ""}, {"id": 41, "group": "error", "startSelection": 2051, "endSelection": 2056, "explanation": "Повторение одинаковых и однокоренных слов.", "tag": "", "type": "Р.повтор", "subtype": "", "comment": "", "correction": ""}, {"id": 42, "group": "error", "startSelection": 2213, "endSelection": 2221, "explanation": "Повторение одного и того же слова в разных формах.", "tag": "", "type": "Р.повтор", "subtype": "", "comment": "", "correction": ""}, {"id": 43, "group": "error", "startSelection": 2315, "endSelection": 2323, "explanation": "Повторение одного и того же слова в разных формах.", "tag": "", "type": "Р.повтор", "subtype": "", "comment": "", "correction": ""}, {"id": 44, "group": "error", "startSelection": 2403, "endSelection": 2407, "explanation": "Разговорное выражение, придающее тексту непринуждённый характер.", "tag": "RAZG.doc 1497028993", "type": "А.лекс", "subtype": "конт", "comment": "", "correction": ""}, {"id": 45, "group": "error", "startSelection": 2515, "endSelection": 2522, "explanation": "Повторение одного и того же слова в разных формах.", "tag": "", "type": "Р.повтор", "subtype": "", "comment": "", "correction": ""}, {"id": 46, "group": "error", "startSelection": 2541, "endSelection": 2550, "explanation": "Повторение однокоренных слов.", "tag": "", "type": "Р.тавт", "subtype": "", "comment": "", "correction": ""}, {"id": 47, "group": "error", "startSelection": 2571, "endSelection": 2594, "explanation": "Не согласованы подлежащее со сказуемым, или дополнение стоит не в том падеже. Проверьте окончания слов  {\"Юшка\"},  {\"относился\"}.", "tag": "Podlezh_i_skaz_a.doc -9885642", "type": "А.лекс", "subtype": "конт", "comment": "", "correction": ""}, {"id": 48, "group": "error", "startSelection": 2571, "endSelection": 2575, "explanation": "Не согласованы подлежащее со сказуемым, или дополнение стоит не в том падеже. Проверьте окончания слов  {\"Юшка\"},  {\"относился\"}.", "tag": "Podlezh_i_skaz_a.doc -9885642", "type": "А.лекс", "subtype": "конт", "comment": "", "correction": ""}, {"id": 49, "group": "error", "startSelection": 2571, "endSelection": 2575, "explanation": "Разговорное выражение, придающее тексту непринуждённый характер.", "tag": "RAZG.doc 1497028993", "type": "А.лекс", "subtype": "конт", "comment": "", "correction": ""}, {"id": 50, "group": "error", "startSelection": 2585, "endSelection": 2594, "explanation": "Не согласованы подлежащее со сказуемым, или дополнение стоит не в том падеже. Проверьте окончания слов  {\"Юшка\"},  {\"относился\"}.", "tag": "Podlezh_i_skaz_a.doc -9885642", "type": "А.лекс", "subtype": "конт", "comment": "", "correction": ""}, {"id": 51, "group": "error", "startSelection": 2585, "endSelection": 2594, "explanation": "Повторение однокоренных слов.", "tag": "", "type": "Р.тавт", "subtype": "", "comment": "", "correction": ""}, {"id": 52, "group": "error", "startSelection": 2627, "endSelection": 2635, "explanation": "Повторение одного и того же слова в разных формах.", "tag": "", "type": "Р.повтор", "subtype": "", "comment": "", "correction": ""}, {"id": 53, "group": "error", "startSelection": 2707, "endSelection": 2714, "explanation": "Повторение одного и того же слова в разных формах.", "tag": "", "type": "Р.повтор", "subtype": "", "comment": "", "correction": ""}, {"id": 54, "group": "error", "startSelection": 2790, "endSelection": 2798, "explanation": "Повторение однокоренных слов.", "tag": "", "type": "Р.тавт", "subtype": "", "comment": "", "correction": ""}, {"id": 56, "group": "meaning", "startSelection": 0, "endSelection": 143, "type": "ПРОБЛЕМА", "subtype": "", "explanation": "", "correction": "", "tag": "", "comment": ""}, {"id": 57, "group": "meaning", "startSelection": 232, "endSelection": 782, "type": "ПРИМЕР", "subtype": "", "explanation": "", "correction": "", "tag": "", "comment": ""}, {"id": 58, "group": "meaning", "startSelection": 783, "endSelection": 1062, "type": "ПОЯСНЕНИЕ", "subtype": "", "explanation": "", "correction": "", "tag": "", "comment": ""}, {"id": 59, "group": "meaning", "startSelection": 1063, "endSelection": 1282, "type": "ПРИМЕР", "subtype": "", "explanation": "", "correction": "", "tag": "", "comment": ""}, {"id": 60, "group": "meaning", "startSelection": 1283, "endSelection": 1505, "type": "ПОЯСНЕНИЕ", "subtype": "", "explanation": "", "correction": "", "tag": "", "comment": ""}, {"id": 61, "group": "meaning", "startSelection": 1506, "endSelection": 1710, "type": "СВЯЗЬ", "subtype": "", "explanation": "", "correction": "", "tag": "", "comment": ""}, {"id": 62, "group": "meaning", "startSelection": 1711, "endSelection": 1973, "type": "ПОЗИЦИЯ", "subtype": "", "explanation": "", "correction": "", "tag": "", "comment": ""}, {"id": 63, "group": "meaning", "startSelection": 1974, "endSelection": 2871, "type": "ОТНОШЕНИЕ", "subtype": "", "explanation": "", "correction": "", "tag": "", "comment": ""}]}