{"meta": {"uuid": "86b6137f-4981-4f4c-a026-da62f9bb7820", "id": "0009841", "name": "0009841_ru_rus_problema_borby_chuvstva_i_dolga_noexp.txt", "subject": "rus", "test": "егэ тренировка", "category": "", "year": 2020, "class": "11", "theme": "Проблема борьбы чувства и долга (По тексту М. Горького)", "taskText": "(1)Уже несколько недель город был обложен тесным кольцом врагов.\n(2)Не ожидая помощи, изнурённые трудами и голодом, с каждым днём теряя надежды, люди в страхе смотрели на острые зубья гор, чёрные пасти ущелий и на шумный лагерь врагов — всё напоминало им о смерти. (3)В домах боялись зажигать огни, густая тьма заливала улицы, и в этой тьме безмолвно мелькала женщина, с головой закутанная в чёрный плащ.\n(4)Люди, увидав её, спрашивали друг друга:\n— Это она?\n(5)И прятались в ниши под воротами или, опустив головы, молча пробегали мимо неё, а начальники патрулей сурово предупреждали её:\n— Вы снова на улице, монна Марианна? (6)Смотрите, вас могут убить, и никто не станет искать виновного в этом…\n(7)Она выпрямлялась, ждала, но патруль проходил мимо, не решаясь или брезгуя поднять руку на неё, а она снова тихо, одиноко шла куда-то, немая и чёрная, точно воплощение несчастий города. (8)А вокруг, преследуя её, жалобно ползали печальные звуки: стоны, плач и молитвы.\n(9)Гражданка и мать, она думала о сыне и родине: во главе людей, разрушавших город, стоял её сын, весёлый и безжалостный красавец. (10)Ещё недавно она смотрела на него с гордостью, как на добрую силу, рождённую ею в помощь людям города — гнезда, где она родилась сама, родила и выкормила его.\n(11)Так ходила она по улицам, и многие, не узнавая её, принимали чёрную фигуру за олицетворение смерти, а узнавая, молча отходили прочь от матери изменника.\n(12)Тогда Марианна явилась к защитникам города и сказала:\n— Или убейте меня за то, что мой сын стал врагом вашим, или откройте мне ворота, я уйду к нему… (13)Я — мать, я его люблю и считаю себя виновной в том, что он таков, каким стал.\n(14)Они открыли ворота пред нею и долго смотрели ей вслед. (15)В лагере врагов заметили её, одну среди поля, и, не спеша, осторожно, к ней приближались чёрные, как она, фигуры.\n(16)Подошли и спросили — кто она, куда идёт?\n(17)– Ваш предводитель — мой сын, — сказала она, и ни один из солдат не усомнился в этом. (18)Шли рядом с нею, хвалебно говоря о том, как умён и храбр её сын, она слушала их, гордо подняв голову, и не удивлялась — её сын таким и должен быть!\n(19)И вот она пред человеком, которого знала за девять месяцев до рождения его, пред тем, кого она никогда не чувствовала вне своего сердца, — в шёлке и бархате он пред нею, и оружие его в драгоценных камнях. (20)Всё так, как должно быть; именно таким она видела его много раз во сне — богатым, знаменитым и любимым.\n(21)– Мать! — говорил он, целуя её руки, — ты пришла ко мне, значит, ты поняла меня, и завтра я возьму этот проклятый город!\n(22)– В котором ты родился, — напомнила она.\n(23)Опьянённый подвигами своими, обезумевший в жажде ещё большей славы, он говорил ей с дерзким жаром молодости:\n— Я щадил этот город ради тебя — он как заноза в ноге моей и мешает мне так быстро идти к славе, как я хочу этого. (24)Но завтра я разрушу гнездо упрямцев!\n(25)– Где каждый камень знает и помнит тебя ребёнком, — сказала она.\n(26)– Камни немы, если человек не заставит их говорить, — пусть горы заговорят обо мне, вот чего я хочу!\n(27)– Но люди? — спросила она.\n(28)– О да, я помню о них, мать! (29)И они мне нужны, ибо только в памяти людей бессмертны герои!\n(30)Она сказала:\n— Герой — это тот, кто творит жизнь вопреки смерти, кто побеждает смерть…\n(31)Мать всегда против смерти; рука, которая вносит смерть в жилища людей, ненавистна и враждебна Матерям — её сын не видел этого, ослеплённый холодным блеском славы, убивающим сердце.\n(32)Весь город казался израненным, и, точно погребальные свечи, зажглись над ним звёзды.\n(33)– Может быть, мы обрушимся на него ещё ночью, — говорил её сын, — если ночь будет достаточно темна! (34)Неудобно убивать, когда солнце смотрит в глаза и блеск оружия ослепляет их — всегда при этом много неверных ударов, — говорил он, рассматривая свой меч.\n(35)Мать сказала ему:\n— Иди сюда, положи голову на грудь мне, отдохни, вспоминая, как весел и добр был ты ребёнком и как все любили тебя…\n(36)Он послушался, прилёг на колени к ней и закрыл глаза, говоря: — Я люблю только славу и тебя за то, что ты родила меня таким, каков я есть.\n(37)И задремал на груди матери, как ребёнок.\n(38)Тогда она, накрыв его своим чёрным плащом, воткнула нож в сердце его, и он, вздрогнув, тотчас умер — ведь она хорошо знала, где бьётся сердце сына. (39)И, сбросив труп его с колен своих к ногам изумлённой стражи, она сказала в сторону города:\n— Как человек — я сделала для родины всё, что могла; как мать — я остаюсь со своим сыном!\n(40)И тот же нож, ещё тёплый от крови его — её крови, — она твёрдой рукою вонзила в свою грудь и тоже верно попала в сердце, — если оно болит, в него легко попасть.\n"}, "text": "В военное время людям особенно часто приходилось выбирать между их желаниями и обязательствами, что натолкнуло Максима Горького на написание текста “Мать изменника’’. В котором, мы видим проблему борьбы чувства и долга. Проследим, как автор раскрывает данную проблему.\nПо моему мнению, одним из аргументов, является тот факт, что мать постоянно думает о своем сыне, который был предводителем людей, разрушающих город. Еще не давно она смотрела на него с гордостью, как на добрую силу, рожденную ею в помощь людям города гнезда где она родилась сама и родила и выкормила его. И тут она заявляет “Или убейте меня за то, что мой сын стал врагом вашим, или откройте мне ворота, я уйду к нему”. Этот пример дает понять, насколько велика материнская любовь и насколько бывает сложно сделать выбор в трудные жизненные моменты.\nВторым аргументом, хотелось бы привести тот факт, что мама пытается переубедить сына, чтобы он не совершал этот поступок. Но мужчина уже был охвачен злобой к родному городу, ему хотелось носить звание Героя, но он не понимал слов матери о том, что Герой это тот, кто творит жизнь вопреки смерти, кто побеждает ее. Мама понимает, что уже нельзя повлиять на сына и ей приходится идти на убийство его, но она, взяв тот же нож, еще теплый от крови ее ребенка, твердой рукой вонзила его в свою грудь. Последние слова, которые она произнесла, были “ Как человек я сделала для родины все, что могла; как мать я остаюсь со своим сыном”. Благодаря этому примеру мы понимаем, трудность военного времени и сложность осуществления долга для своей родины.\nОба примера дополняют друг друга и дают выявить авторскую позицию.\nМаксим Горький считает, что материнская любовь и гражданский долг два самых сильных начла в человеке. Их столкновение величайшая человеческая трагедия.\nЯ согласен с мнением автора, ведь ярким примером из литературы является повесть Николая Васильевича Гоголя “Тарас Бульба”. В которой мы видим, что решающий шаг к отречению от казачества Андрий все-таки делает тогда, когда «панночка» отвечает на его чувства. С того момента, как младший сын переходит на сторону поляков, он умирает в глазах своих сородичей. По казачьим законам бесславный поступок, совершенный Андрием, должен караться смертью, и поэтому Тарас Бульба собственноручно убивает сына. В своем понимании и в понимании других запорожцев он вершит правое дело, и потому ему приходится переступать через личные чувства.\nТаким образом можно сделать вывод, что выбор между чувством и долгом это один из самых сложных выборов в жизни человека и к нему надо отнестись с ответственностью.", "fileName": "0009841.json", "selections": [{"id": 0, "group": "error", "startSelection": 169, "endSelection": 176, "explanation": "Нет существительных, согласующихся с прилагательным {\"котором\"}.", "tag": "message.txt: 2:3", "type": "А.лекс", "subtype": "конт", "comment": "", "correction": ""}, {"id": 1, "group": "error", "startSelection": 354, "endSelection": 364, "explanation": "Слово «свой» применительно к словам, обозначающим отношение (друг, сестра, коллега) часто избыточно.", "tag": "", "type": "Р.ЛИШН", "subtype": "лишн", "comment": "", "correction": ""}, {"id": 2, "group": "error", "startSelection": 422, "endSelection": 430, "explanation": "Наречие \"недавно\" пишется слитно, однако возможно раздельное написание при наличии противопоставления: \"я слышал это не давно, а только что\".", "tag": "NE_NI.doc -1841397548", "type": "А.лекс", "subtype": "конт", "comment": "", "correction": ""}, {"id": 3, "group": "error", "startSelection": 422, "endSelection": 430, "explanation": "", "tag": "REPLACE_ne-razd-adv-o_ne-slit-adv-o", "type": "А.лекс", "subtype": "конт", "comment": "", "correction": "недавно"}, {"id": 4, "group": "error", "startSelection": 1435, "endSelection": 1446, "explanation": "Слово «свой» применительно к словам, обозначающим отношение (друг, сестра, коллега) часто избыточно.", "tag": "", "type": "Р.ЛИШН", "subtype": "лишн", "comment": "", "correction": ""}, {"id": 5, "group": "error", "startSelection": 1563, "endSelection": 1595, "explanation": "Лучше обойтись без «оба» («примеры дополняют друг друга») или вообще использовать прилагательное «взаимодополняющие».", "tag": "", "type": "Р.ЛИШН", "subtype": null, "comment": "", "correction": ""}, {"id": 6, "group": "error", "startSelection": 1831, "endSelection": 1833, "explanation": "", "tag": "REPLACE_из_их", "type": "А.лекс", "subtype": "конт", "comment": "", "correction": "их"}, {"id": 7, "group": "error", "startSelection": 2005, "endSelection": 2013, "explanation": "Разговорное выражение, придающее тексту непринуждённый характер.", "tag": "RAZG.doc d1c91365b", "type": "А.лекс", "subtype": "конт", "comment": "", "correction": ""}, {"id": 8, "group": "error", "startSelection": 2128, "endSelection": 2137, "explanation": "В современном тексте это слово обычно имеет просторечный или иронический оттенок.  Стилистически нейтральный синоним: \"родственник\".", "tag": "Ustar.doc -1259764848", "type": "А.лекс", "subtype": "конт", "comment": "", "correction": ""}, {"id": 10, "group": "meaning", "startSelection": 0, "endSelection": 268, "type": "ПРОБЛЕМА", "subtype": "", "explanation": "", "correction": "", "tag": "", "comment": ""}, {"id": 11, "group": "meaning", "startSelection": 269, "endSelection": 689, "type": "ПРИМЕР", "subtype": "", "explanation": "", "correction": "", "tag": "", "comment": ""}, {"id": 12, "group": "meaning", "startSelection": 690, "endSelection": 819, "type": "ПОЯСНЕНИЕ", "subtype": "", "explanation": "", "correction": "", "tag": "", "comment": ""}, {"id": 13, "group": "meaning", "startSelection": 820, "endSelection": 1448, "type": "ПРИМЕР", "subtype": "", "explanation": "", "correction": "", "tag": "", "comment": ""}, {"id": 14, "group": "meaning", "startSelection": 1449, "endSelection": 1562, "type": "ПОЯСНЕНИЕ", "subtype": "", "explanation": "", "correction": "", "tag": "", "comment": ""}, {"id": 15, "group": "meaning", "startSelection": 1563, "endSelection": 1629, "type": "СВЯЗЬ", "subtype": "", "explanation": "", "correction": "", "tag": "", "comment": ""}, {"id": 16, "group": "meaning", "startSelection": 1630, "endSelection": 1781, "type": "ПОЗИЦИЯ", "subtype": "", "explanation": "", "correction": "", "tag": "", "comment": ""}, {"id": 17, "group": "meaning", "startSelection": 1782, "endSelection": 2409, "type": "ОТНОШЕНИЕ", "subtype": "", "explanation": "", "correction": "", "tag": "", "comment": ""}]}