{"meta": {"uuid": "dffcd709-a562-4072-9a01-a2e26da7ada4", "id": "0009848", "name": "0009848_ru_rus_chto_takoe_talant_noexp.txt", "subject": "rus", "test": "егэ тренировка", "category": "", "year": 2020, "class": "11", "theme": "Что такое талант? (По тексту М. Пришвина)", "taskText": "(1)Некоторые мои читатели время от времени просят меня написать рассказ о такой любви мастера к своему ремеслу, чтобы им можно было поучиться. (2)Желая ответить читателям, много перебрал я в своей памяти всякого рода мастеров в разных областях науки, искусства и техники, таких замечательных, что я, как мастер слова, им не гожусь и в подмётки. (3)Но всё-таки из всех мастеров для примера я выбрал себя, потому что себя самого я знаю лучше других. (4)И пусть мне дано не так много, любви к своему делу я имел не меньше их и могу поучить, как надо беречь свой талант.\n(5)Что значит — талант? (6)Однажды весной я подумал об этом, и вот вижу, на высокой ёлке, на самом верхнем её пальчике, сидит маленький птичик. (7)Я догадался, что птичик этот поёт, потому что клювик его маленький то откроется, то закроется. (8)Но такой он маленький, птичик, что песенка его до земли не доходит и остаётся вся там, наверху. (9)Птичик этот крохотный пел, чтобы славить зарю, но не для того он пел, чтобы песенка славила птичку.\n(10)Так я тогда в этом птичике и нашёл себе ответ на вопрос, что такое талант. (11)Это, по-моему, есть способность делать больше, чем нужно только себе, это способность славить зарю, но не самому славиться.\n(12)Вот ещё что я думаю о таланте. (13)Эта птичка поёт не только у поэтов, музыкантов и всякого рода артистов, в каждом деле движение к лучшему непременно совершается под песенку такой птички.\n(14)Я знал в былые времена одного башмачника, по имени Цыганок, в Марьиной роще. (15)Крыша в его домике развалилась — ему нет дела до крыши. (16)Штаны износились спереди — ничего, закрывается фартуком. (17)Просиделись сзади штаны — опять ничего, закрывается другим фартуком сзади. (18)Но какое мастерство! (19)О мастерстве этого Цыганка легенды сложились.\n(20)Рассказывают, будто приехала к нему в Марьину рощу из Парижа настоящая француженка, и мастер сделал ей две пары башмаков. (21)Одну эту пару француженка в грязь окунула, чтобы вид получился для таможни ношеный, другую пару завернула в газету, свою же, парижскую, бросила. (22)По приезде в Париж очищает грязную пару, продаёт и окупает все расходы по этой поездке в Марьину рощу. (23)Сколько в жизни своей видал я таких мастеров, и думаю теперь, что артисты бывают не только в искусстве: всякий артист, кто делает своё дело под пение птички.\n"}, "text": "Люди часто задаются вопросом: что такое талант? Как научиться делать свою работу так, чтобы тебя называли мастером? В поиске ответов на эти вопросы, мы чаще всего смотрим на творения, вышедшие из-под рук великих писателей, художников или артистов. Однако, не только у них можно поучиться: обычные, казалось бы, люди тоже являются мастерами своего дела. Что значит талант? Именно на этот вопрос отвечает Михаил Михайлович Пришвин в своём тексте.\nРассмотрю данную проблему подробнее. В тексте рассказывается, как маленькая птичка своей песенкой дала ответ на вопрос, что такое талант. Герой произведения осознаёт, что \"птичик этот крохотный пел, чтобы славить зарю, но не для того он пел, чтобы песенка славила птичку\". Этим примером писатель хочет показать, что талант кроется в способности \"славить зарю, но не самому славиться\", то есть творить в угоду окружающим, но не себе.\nВторой пример М. М. Пришвин приводит в дополнение первому. Он пишет о башмачнике, который так любил свою работу, что не обращал внимание ни на развалившуюся крышу собственного дома, ни на изношенные с обоих сторон штаны (предложения 15 - 17). \"Но какое мастерство!\" — восклицает персонаж книги, потому что нельзя не восхищаться тем, кто в угоду другим людям трудится, но о собственной выгоде не думает. Писатель, приводя данный пример, наводит на мысль, что настоящий талант живёт не только в знаменитых людях, но и в таких \"башмачниках\", которые делают своё дело от сердца.\nПозиция автора мне понятна: мастерство человека заключается не в том, известен ли он миру, а в том, для чего он творит: славит зарю или самого себя (предложение 11). Талантливый человек, по мнению писателя, тот человек — \"кто делает своё дело под пение птички\". С полностью согласна с ним, потому что призвание мастера состоит именно в использовании своего дара для окружающих. Часто люди думают, что человек, занимающийся обычным ремеслом, не талантлив, потому что он не писатель, не артист. Считать так не правильно, ведь каждый носит в себе свой собственный дар, нужно лишь его правильно использовать. Например, хороший хирург тоже талантлив, ведь он спасает жизни множества людей, делая свою крайне трудную работу. Человек, делающий всё от него зависящее, чтобы помочь чужому, больше всех заслуживает звания мастера своего дела.\nТаким образом, можно прийти к выводу о том, что талант — это способность отказаться от собственной выгоды в пользу чужой, прославить мир, но не себя. Затронув эту проблему, М. М. Пришвин открывает глаза читателям на настоящее мастерство. Может показаться, что талантливых людей мало, но, как видно из текста, это не так: они встречаются нам каждый день, и даже не всегда это именно люди: каждая, даже самая маленькая птичка, — тоже мастер.", "fileName": "0009848.json", "selections": [{"id": 0, "group": "error", "startSelection": 69, "endSelection": 80, "explanation": "Слово «свой» в контекстах вроде «автор в своей работе показывает» или «достигнуть совершенства в своей работе» часто избыточно.", "tag": "", "type": "Р.ЛИШН", "subtype": "лишн", "comment": "", "correction": ""}, {"id": 1, "group": "error", "startSelection": 429, "endSelection": 443, "explanation": "Слово «свой» в контекстах вроде «писатель в своём тексте рассказывает...» избыточно.", "tag": "", "type": "Р.ЛИШН", "subtype": "лишн", "comment": "", "correction": ""}, {"id": 2, "group": "error", "startSelection": 455, "endSelection": 461, "explanation": "Повторение одного и того же слова в разных формах.", "tag": "", "type": "Р.повтор", "subtype": "", "comment": "", "correction": ""}, {"id": 3, "group": "error", "startSelection": 543, "endSelection": 547, "explanation": "Повторение одного и того же слова в разных формах.", "tag": "", "type": "Р.повтор", "subtype": "", "comment": "", "correction": ""}, {"id": 4, "group": "error", "startSelection": 701, "endSelection": 708, "explanation": "Повторение одного и того же слова в разных формах.", "tag": "", "type": "Р.повтор", "subtype": "", "comment": "", "correction": ""}, {"id": 5, "group": "error", "startSelection": 717, "endSelection": 877, "explanation": "Предложение сложно для восприятия, так как перегружено глаголами. Попробуйте разбить его на несколько более коротких.", "tag": "message.txt: 3:2", "type": "А.лекс", "subtype": "конт", "comment": "", "correction": ""}, {"id": 6, "group": "error", "startSelection": 791, "endSelection": 798, "explanation": "Повторение одного и того же слова в разных формах.", "tag": "", "type": "Р.повтор", "subtype": "", "comment": "", "correction": ""}, {"id": 7, "group": "error", "startSelection": 948, "endSelection": 958, "explanation": "Устаревшее слово. В современном тексте оно имеет архаический характер.", "tag": "Ustar.doc 495594985", "type": "А.лекс", "subtype": "конт", "comment": "", "correction": ""}, {"id": 8, "group": "error", "startSelection": 978, "endSelection": 989, "explanation": "Слово «свой» в контекстах вроде «автор в своей работе показывает» или «достигнуть совершенства в своей работе» часто избыточно.", "tag": "", "type": "Р.ЛИШН", "subtype": "лишн", "comment": "", "correction": ""}, {"id": 9, "group": "error", "startSelection": 995, "endSelection": 1014, "explanation": "\"Не обращать (на кого-л. или на что-л.) внимания\" - устойчивое словосочетание, например: никто не обратил на него внимания.", "tag": "NEGATIVE.doc 832048546", "type": "А.лекс", "subtype": "конт", "comment": "", "correction": ""}, {"id": 10, "group": "error", "startSelection": 995, "endSelection": 1014, "explanation": "Если при глаголе есть отрицание, прямое дополнение имеет форму родительного падежа: «не обращать внимания».", "tag": "", "type": "Г.УПР", "subtype": "упр", "comment": "", "correction": ""}, {"id": 11, "group": "error", "startSelection": 1079, "endSelection": 1084, "explanation": "Числительное {\"обоих\"} и существительное {\"сторон\"} не согласованы. Заменить числительное?", "tag": "message.txt: 3:11", "type": "А.лекс", "subtype": "конт", "comment": "", "correction": "обеих"}, {"id": 12, "group": "error", "startSelection": 1079, "endSelection": 1084, "explanation": "Вы имели ввиду \"обеих\"? ", "tag": "", "type": "А.лекс", "subtype": "конт", "comment": "", "correction": ""}, {"id": 13, "group": "error", "startSelection": 1079, "endSelection": 1084, "explanation": "", "tag": "REPLACE_оба_обе", "type": "А.лекс", "subtype": "конт", "comment": "", "correction": "обеих"}, {"id": 14, "group": "error", "startSelection": 1403, "endSelection": 1414, "explanation": "Устаревшее слово. В современном тексте оно имеет архаический характер.", "tag": "Ustar.doc 495594985", "type": "А.лекс", "subtype": "конт", "comment": "", "correction": ""}, {"id": 15, "group": "error", "startSelection": 1291, "endSelection": 1298, "explanation": "Повторение однокоренных слов.", "tag": "", "type": "Р.тавт", "subtype": "", "comment": "", "correction": ""}, {"id": 16, "group": "error", "startSelection": 1314, "endSelection": 1321, "explanation": "Повторение однокоренных слов.", "tag": "", "type": "Р.тавт", "subtype": "", "comment": "", "correction": ""}, {"id": 17, "group": "error", "startSelection": 1492, "endSelection": 1500, "explanation": "Повторение одного и того же слова в разных формах.", "tag": "", "type": "Р.повтор", "subtype": "", "comment": "", "correction": ""}, {"id": 18, "group": "error", "startSelection": 1518, "endSelection": 1521, "explanation": "Повторение одного и того же слова.", "tag": "", "type": "Р.повтор", "subtype": "", "comment": "", "correction": ""}, {"id": 19, "group": "error", "startSelection": 1548, "endSelection": 1551, "explanation": "Повторение одного и того же слова.", "tag": "", "type": "Р.повтор", "subtype": "", "comment": "", "correction": ""}, {"id": 20, "group": "error", "startSelection": 1631, "endSelection": 1638, "explanation": "Повторение одного и того же слова в разных формах.", "tag": "", "type": "Р.повтор", "subtype": "", "comment": "", "correction": ""}, {"id": 21, "group": "error", "startSelection": 1664, "endSelection": 1671, "explanation": "Повторение одного и того же слова в разных формах.", "tag": "", "type": "Р.повтор", "subtype": "", "comment": "", "correction": ""}, {"id": 22, "group": "error", "startSelection": 1686, "endSelection": 1690, "explanation": "Повторение одного и того же слова в разных формах.", "tag": "", "type": "Р.повтор", "subtype": "", "comment": "", "correction": ""}, {"id": 23, "group": "error", "startSelection": 1715, "endSelection": 1726, "explanation": "", "tag": "REPLACE_p+adv_adv", "type": "А.лекс", "subtype": "конт", "comment": "", "correction": "???"}, {"id": 24, "group": "error", "startSelection": 1727, "endSelection": 1735, "explanation": "Нет существительных, согласующихся с прилагательным {\"согласна\"}.", "tag": "message.txt: 2:3", "type": "А.лекс", "subtype": "конт", "comment": "", "correction": ""}, {"id": 25, "group": "error", "startSelection": 1803, "endSelection": 1809, "explanation": "Повторение одного и того же слова в разных формах.", "tag": "", "type": "Р.повтор", "subtype": "", "comment": "", "correction": ""}, {"id": 26, "group": "error", "startSelection": 1854, "endSelection": 1861, "explanation": "Повторение одного и того же слова в разных формах.", "tag": "", "type": "Р.повтор", "subtype": "", "comment": "", "correction": ""}, {"id": 27, "group": "error", "startSelection": 1958, "endSelection": 1970, "explanation": "", "tag": "REPLACE_ne-razd-adv-o_ne-slit-adv-o", "type": "А.лекс", "subtype": "конт", "comment": "", "correction": "неправильно"}, {"id": 28, "group": "error", "startSelection": 1997, "endSelection": 2001, "explanation": "Повторение одного и того же слова в разных формах.", "tag": "", "type": "Р.повтор", "subtype": "", "comment": "", "correction": ""}, {"id": 29, "group": "error", "startSelection": 2138, "endSelection": 2143, "explanation": "Повторение одного и того же слова в разных формах.", "tag": "", "type": "Р.повтор", "subtype": "", "comment": "", "correction": ""}, {"id": 30, "group": "error", "startSelection": 2144, "endSelection": 2148, "explanation": "Повторение одного и того же слова в разных формах.", "tag": "", "type": "Р.повтор", "subtype": "", "comment": "", "correction": ""}, {"id": 31, "group": "error", "startSelection": 2181, "endSelection": 2189, "explanation": "Повторение одного и того же слова в разных формах.", "tag": "", "type": "Р.повтор", "subtype": "", "comment": "", "correction": ""}, {"id": 32, "group": "error", "startSelection": 2273, "endSelection": 2279, "explanation": "Повторение одного и того же слова в разных формах.", "tag": "", "type": "Р.повтор", "subtype": "", "comment": "", "correction": ""}, {"id": 33, "group": "error", "startSelection": 2436, "endSelection": 2457, "explanation": "Как правило, в текстах, предлагаемых для написаний эссе, проблемы (и темы) не затрагиваются, а вполне подробно обсуждаются, поэтому глагол «затронуть» со значением «вскользь, поверхностно» неуместен.", "tag": "", "type": "Р.ЗНАЧ", "subtype": "несвой", "comment": "", "correction": ""}, {"id": 34, "group": "error", "startSelection": 2587, "endSelection": 2593, "explanation": "", "tag": "REPLACE_текст_тест", "type": "А.лекс", "subtype": "конт", "comment": "", "correction": "теста"}, {"id": 35, "group": "error", "startSelection": 2595, "endSelection": 2598, "explanation": "Повторение одного и того же слова.", "tag": "", "type": "Р.повтор", "subtype": "", "comment": "", "correction": ""}, {"id": 36, "group": "error", "startSelection": 2627, "endSelection": 2633, "explanation": "Повторение одного и того же слова в разных формах.", "tag": "", "type": "Р.повтор", "subtype": "", "comment": "", "correction": ""}, {"id": 37, "group": "error", "startSelection": 2642, "endSelection": 2646, "explanation": "Повторение одного и того же слова.", "tag": "", "type": "Р.повтор", "subtype": "", "comment": "", "correction": ""}, {"id": 38, "group": "error", "startSelection": 2657, "endSelection": 2660, "explanation": "Повторение одного и того же слова.", "tag": "", "type": "Р.повтор", "subtype": "", "comment": "", "correction": ""}, {"id": 39, "group": "error", "startSelection": 2674, "endSelection": 2680, "explanation": "Повторение одного и того же слова в разных формах.", "tag": "", "type": "Р.повтор", "subtype": "", "comment": "", "correction": ""}, {"id": 40, "group": "error", "startSelection": 2682, "endSelection": 2686, "explanation": "Повторение одного и того же слова.", "tag": "", "type": "Р.повтор", "subtype": "", "comment": "", "correction": ""}, {"id": 42, "group": "meaning", "startSelection": 445, "endSelection": 481, "type": "ПРОБЛЕМА", "subtype": "", "explanation": "", "correction": "", "tag": "", "comment": ""}, {"id": 43, "group": "meaning", "startSelection": 583, "endSelection": 877, "type": "ПРИМЕР", "subtype": "", "explanation": "", "correction": "", "tag": "", "comment": ""}, {"id": 44, "group": "meaning", "startSelection": 878, "endSelection": 936, "type": "ПРИМЕР", "subtype": "", "explanation": "", "correction": "", "tag": "", "comment": ""}, {"id": 45, "group": "meaning", "startSelection": 937, "endSelection": 1280, "type": "ПОЗИЦИЯ", "subtype": "", "explanation": "", "correction": "", "tag": "", "comment": ""}, {"id": 46, "group": "meaning", "startSelection": 1281, "endSelection": 1452, "type": "ПРИМЕР", "subtype": "", "explanation": "", "correction": "", "tag": "", "comment": ""}, {"id": 47, "group": "meaning", "startSelection": 1453, "endSelection": 2285, "type": "ПОЗИЦИЯ", "subtype": "", "explanation": "", "correction": "", "tag": "", "comment": ""}, {"id": 48, "group": "meaning", "startSelection": 2286, "endSelection": 2725, "type": "ОТНОШЕНИЕ", "subtype": "", "explanation": "", "correction": "", "tag": "", "comment": ""}]}