{"meta": {"uuid": "e28967e7-7ae4-4b47-9864-d5e96d8a87c5", "id": "0009838", "name": "0009838_ru_rus_problema_obnishchaniya_rodnogo_yazyka_noexp.txt", "subject": "rus", "test": "егэ тренировка", "category": "", "year": 2020, "class": "11", "theme": "Проблема обнищания родного языка (По тексту К. И. Чуковского)", "taskText": "(1)Наш язык до сих пор ощущается многими как некая слепая стихия, которой невозможно управлять.\n(2)Одним из первых утвердил эту мысль гениальный учёный В. Гумбольдт.\n(3)«Язык, — писал он, — совершенно независим от отдельного субъекта... (4)Перед индивидом язык стоит как продукт деятельности многих поколений и достояние целой нации, поэтому сила индивида по сравнению с силой языка незначительна».\n(5)Это воззрение сохранилось до нашей эпохи. (6)«Сколько ни скажи разумных слов против глупых и наглых слов, они — мы это знаем — от того не исчезнут, а если исчезнут, то не потому, что эстеты или лингвисты возмущались», — так писал один даровитый учёный. (7)«В том и беда, — говорил он с тоской, — что ревнителей чистоты и правильности родной речи, как и ревнителей добрых нравов, никто слышать не хочет... (8)3а них говорят грамматика и логика, здравый смысл и хороший вкус, благозвучие и благопристойность, но из всего этого натиска грамматики, риторики и стилистики на бесшабашную, безобразную, безоглядную живую речь не выходит ничего». (9)Приведя образцы всевозможных речевых «безобразий», учёный воплотил свою печаль в безрадостном и безнадёжном афоризме: «Доводы от разума, науки и хорошего тона действуют на бытие таких словечек не больше, чем курсы геологии на землетрясение».\n(10)В прежнее время такой пессимизм был совершенно оправдан. (И)Нечего было и думать о том, чтобы дружно, планомерно, сплочёнными силами вмешаться в совершающиеся языковые процессы и направить их по желанному руслу. (12)Старик Карамзин очень точно выразил это общее чувство смиренной покорности перед стихийными силами языка: «Слова входят в наш язык самовластно».\n(13) С тех пор крупнейшие наши языковеды постоянно указывали, что воля отдельных людей, к сожалению, бессильна сознательно управлять процессами формирования нашей речи.\n(14) Все так и представляли себе: будто мимо них протекает могучая речевая река, а они стоят на берегу и с бессильным негодованием следят, сколько всякой дребедени несут на себе её волны.\n— (15)Незачем, — говорили они, — кипятиться и драться. (16)До сих пор ещё не было случая, чтобы попытка блюстителей чистоты языка исправить языковые ошибки сколько-нибудь значительной массы людей увенчалась хотя бы малейшим успехом.\n(17)Но можем ли мы согласиться с такой философией бездействия и непротивления злу? (18)Неужели мы, писатели, педагоги, лингвисты, можем только скорбеть, негодовать, ужасаться, наблюдая, как портится русский язык, но не смеем и думать о том, чтобы мопщыми усилиями воли подчинить его коллективному разуму?\n(19)Пусть философия бездействия имела свой смысл в былые эпохи, когда творческая воля людей так часто бывала бессильна в борьбе со стихиями — в том числе и со стихией языка. (20)Но в эпоху завоевания космоса, в эпоху искусственных рек и морей неужели у нас нет ни малейшей возможности хоть отчасти воздействовать на стихию своего языка?\n(21)Всякому ясно, что эта власть у нас есть, и нужно удивляться лишь тому, что мы так мало пользуемся ею. (22)Ведь существуют же в нашей стране такие сверхмощные рычаги просвещения, как радио, кино, телевидение, идеально согласованные между собой во всех своих задачах и действиях. (23)Я уже не говорю о множестве газет и журналов — районных, областных, городских, — подчинённых единому идейному плану, вполне владеющих умами миллионов читателей.\n(24) Стоит только всему этому целенаправленному комплексу сил дружно, планомерно, решительно восстать против уродств нашей нынешней речи, громко заклеймить их всенародным позором — и можно не сомневаться, что многие из этих уродств если не исчезнут совсем, то, во всяком случае, навсегда потеряют свой массовый, эпидемический характер...\n(25) Правда, я очень хорошо понимаю, что всех этих мер недостаточно.\n(26) Ведь культура речи неотделима от общей культуры. (27)Чтобы повысить качество своего языка, нужно повысить качество своего сердца, своего интеллекта. (28)Иной и пишет, и говорит без ошибок, но какой у него бедный словарь, какие заплесневелые фразы! (29)Какая худосочная душевная жизнь отражается в них!\n(ЗО)Между тем лишь та речь может по-настоящему называться культурной, у которой богатый словарь и множество разнообразных интонаций. (31)Этого никакими походами за чистоту языка не добьёшься. (32)3десь нужны другие, более длительные, более широкие методы. (ЗЗ)Для подлинного просвещения создано столько библиотек, школ, университетов, институтов и т. д. (34)Поднимая свою общую культуру, народ тем самым поднимает и культуру своего языка.\n(35)Но, конечно, это не освобождает любого из нас от посильного участия в борьбе за чистоту и красоту нашей речи.\n"}, "text": "Русский язык — один из самых богатых языков мира. Нам, как носителям этого прекрасного языка, действительно стоит гордиться его многогранностью и величием. Но, к сожалению, со временем все более становится заметно, как нищает наш прекрасный язык, а мы лишь наблюдаем, не пытаясь это предотвратить. Проблему бездействия человека по отношению к обнищанию родного языка и поднимает К. И. Чуковский в данном тексте.\nРаскрывая проблему, автор рассуждает об отношении современного общества к родному языку. Он называет язык «слепой стихией, которой невозможно управлять» и говорит о том, что процесс формирования речи не поддается влиянию отдельных людей. Оправдывая эту точку зрения, автор приводит высказывания философов, утверждавших, что ни манеры, ни благопристойность, ни здравый смысл не способны искоренить глупые и наглые слова из русского языка. Автор выражает свое отвращение к таким словам, называя их «безобразием», «дребеденью», «уродствами». Посредством антитезы автор показывает, что если раньше такое отношение к проблеме было оправдано, то сейчас мы просто не можем оставаться в стороне. Он утверждает, что с этим явлением необходимо бороться совместными усилиями и в полной мере пользоваться данной нам возможностью воздействовать на свой язык, используя не только современные рычаги просвещения, но и внутреннее желание народа поднимать культуру русского языка. Используя эпитеты «заплесневелые фразы», «худосочная душевная жизнь», автор акцентирует внимание читателя на том, что высокая культура речи невозможна без обогащения общего уровня культуры. Оба примера доказывают, что обнищание современного русского языка есть результат бездействия народа.\nПозиция автора заключается в следующем: современный человек имеет все возможности для того, чтобы не позволить русскому языку обеднеть. Для повышения качества своего языка, нужно повысить качество своего сердца, своего интеллекта, ведь культура речи необходима для общей культуры.\nЯ согласна с мнением автора. Данная проблема не раз поднималась и другими писателями и философами. Ярким примером является комедия А. С. Грибоедова «Горе от ума». Фамусовское общество на контрасте с образованным Чацким пестрило пошлостью и безграмотностью. В приоритете у этих людей было богатство, они пренебрегали русской культурой и языком, и очень часто употребляли французские слова, что и ставил им в упрёк один из главных героев произведения, Александр Чацкий, однако его усилия не могли увенчаться успехом. Фамусовское общество нельзя было исправить и наставить на путь истинный, однако А. С. Грибоедов подводит читателя к мысли о том, что судьба русского языка не потеряна до той поры, пока существуют такие ответственные люди, как Александр Чацкий.\nВ заключение, хотелось бы сказать, что мы должны ценить наш родной язык, гордиться его\nуникальностью и заботиться о нем, прикладывая все усилия для поддержания его чистоты.", "fileName": "0009838.json", "selections": [{"id": 0, "group": "error", "startSelection": 8, "endSelection": 12, "explanation": "Повторение одного и того же слова в разных формах.", "tag": "", "type": "Р.повтор", "subtype": "", "comment": "", "correction": ""}, {"id": 1, "group": "error", "startSelection": 37, "endSelection": 43, "explanation": "Повторение одного и того же слова в разных формах.", "tag": "", "type": "Р.повтор", "subtype": "", "comment": "", "correction": ""}, {"id": 2, "group": "error", "startSelection": 87, "endSelection": 92, "explanation": "Повторение одного и того же слова в разных формах.", "tag": "", "type": "Р.повтор", "subtype": "", "comment": "", "correction": ""}, {"id": 3, "group": "error", "startSelection": 219, "endSelection": 225, "explanation": "Повторение однокоренных слов.", "tag": "", "type": "Р.тавт", "subtype": "", "comment": "", "correction": ""}, {"id": 4, "group": "error", "startSelection": 241, "endSelection": 245, "explanation": "Повторение одного и того же слова в разных формах.", "tag": "", "type": "Р.повтор", "subtype": "", "comment": "", "correction": ""}, {"id": 5, "group": "error", "startSelection": 331, "endSelection": 340, "explanation": "Повторение одного и того же слова в разных формах.", "tag": "", "type": "Р.повтор", "subtype": "", "comment": "", "correction": ""}, {"id": 6, "group": "error", "startSelection": 343, "endSelection": 352, "explanation": "Повторение однокоренных слов.", "tag": "", "type": "Р.тавт", "subtype": "", "comment": "", "correction": ""}, {"id": 7, "group": "error", "startSelection": 353, "endSelection": 360, "explanation": "Повторение одного и того же слова в разных формах.", "tag": "", "type": "Р.повтор", "subtype": "", "comment": "", "correction": ""}, {"id": 8, "group": "error", "startSelection": 361, "endSelection": 366, "explanation": "Повторение одного и того же слова в разных формах.", "tag": "", "type": "Р.повтор", "subtype": "", "comment": "", "correction": ""}, {"id": 9, "group": "error", "startSelection": 452, "endSelection": 461, "explanation": "Повторение одного и того же слова в разных формах.", "tag": "", "type": "Р.повтор", "subtype": "", "comment": "", "correction": ""}, {"id": 10, "group": "error", "startSelection": 486, "endSelection": 493, "explanation": "Повторение одного и того же слова в разных формах.", "tag": "", "type": "Р.повтор", "subtype": "", "comment": "", "correction": ""}, {"id": 11, "group": "error", "startSelection": 494, "endSelection": 499, "explanation": "Повторение одного и того же слова в разных формах.", "tag": "", "type": "Р.повтор", "subtype": "", "comment": "", "correction": ""}, {"id": 12, "group": "error", "startSelection": 513, "endSelection": 517, "explanation": "Повторение одного и того же слова в разных формах.", "tag": "", "type": "Р.повтор", "subtype": "", "comment": "", "correction": ""}, {"id": 13, "group": "error", "startSelection": 825, "endSelection": 830, "explanation": "Повторение одного и того же слова в разных формах.", "tag": "", "type": "Р.повтор", "subtype": "", "comment": "", "correction": ""}, {"id": 14, "group": "error", "startSelection": 924, "endSelection": 934, "explanation": "Разговорное выражение, придающее тексту непринуждённый характер.", "tag": "RAZG.doc 1889502834", "type": "А.лекс", "subtype": "конт", "comment": "", "correction": ""}, {"id": 15, "group": "error", "startSelection": 889, "endSelection": 895, "explanation": "Повторение одного и того же слова в разных формах.", "tag": "", "type": "Р.повтор", "subtype": "", "comment": "", "correction": ""}, {"id": 16, "group": "error", "startSelection": 1192, "endSelection": 1204, "explanation": "Повторение одинаковых и однокоренных слов.", "tag": "", "type": "Р.тавт", "subtype": "", "comment": "", "correction": ""}, {"id": 17, "group": "error", "startSelection": 1258, "endSelection": 1267, "explanation": "Повторение одинаковых и однокоренных слов.", "tag": "", "type": "Р.повтор", "subtype": "", "comment": "", "correction": ""}, {"id": 18, "group": "error", "startSelection": 1351, "endSelection": 1359, "explanation": "Повторение одного и того же слова в разных формах.", "tag": "", "type": "Р.повтор", "subtype": "", "comment": "", "correction": ""}, {"id": 19, "group": "error", "startSelection": 1376, "endSelection": 1385, "explanation": "Повторение одинаковых и однокоренных слов.", "tag": "", "type": "Р.повтор", "subtype": "", "comment": "", "correction": ""}, {"id": 20, "group": "error", "startSelection": 1502, "endSelection": 1510, "explanation": "Повторение одного и того же слова в разных формах.", "tag": "", "type": "Р.повтор", "subtype": "", "comment": "", "correction": ""}, {"id": 21, "group": "error", "startSelection": 1556, "endSelection": 1564, "explanation": "Повторение одного и того же слова в разных формах.", "tag": "", "type": "Р.повтор", "subtype": "", "comment": "", "correction": ""}, {"id": 22, "group": "error", "startSelection": 1604, "endSelection": 1616, "explanation": "Повторение одного и того же слова в разных формах.", "tag": "", "type": "Р.повтор", "subtype": "", "comment": "", "correction": ""}, {"id": 23, "group": "error", "startSelection": 1707, "endSelection": 1718, "explanation": "Повторение одного и того же слова в разных формах.", "tag": "", "type": "Р.повтор", "subtype": "", "comment": "", "correction": ""}, {"id": 24, "group": "error", "startSelection": 1807, "endSelection": 1816, "explanation": "Повторение однокоренных слов.", "tag": "", "type": "Р.тавт", "subtype": "", "comment": "", "correction": ""}, {"id": 25, "group": "error", "startSelection": 1817, "endSelection": 1825, "explanation": "Повторение одного и того же слова в разных формах.", "tag": "", "type": "Р.повтор", "subtype": "", "comment": "", "correction": ""}, {"id": 26, "group": "error", "startSelection": 1826, "endSelection": 1832, "explanation": "Повторение одного и того же слова.", "tag": "", "type": "Р.повтор", "subtype": "", "comment": "", "correction": ""}, {"id": 27, "group": "error", "startSelection": 1846, "endSelection": 1854, "explanation": "Повторение однокоренных слов.", "tag": "", "type": "Р.тавт", "subtype": "", "comment": "", "correction": ""}, {"id": 28, "group": "error", "startSelection": 1855, "endSelection": 1863, "explanation": "Повторение одного и того же слова в разных формах.", "tag": "", "type": "Р.повтор", "subtype": "", "comment": "", "correction": ""}, {"id": 29, "group": "error", "startSelection": 1864, "endSelection": 1870, "explanation": "Повторение одного и того же слова.", "tag": "", "type": "Р.повтор", "subtype": "", "comment": "", "correction": ""}, {"id": 30, "group": "error", "startSelection": 1879, "endSelection": 1885, "explanation": "Повторение одного и того же слова.", "tag": "", "type": "Р.повтор", "subtype": "", "comment": "", "correction": ""}, {"id": 31, "group": "error", "startSelection": 1903, "endSelection": 1911, "explanation": "Повторение одного и того же слова в разных формах.", "tag": "", "type": "Р.повтор", "subtype": "", "comment": "", "correction": ""}, {"id": 32, "group": "error", "startSelection": 1938, "endSelection": 1946, "explanation": "Повторение одного и того же слова в разных формах.", "tag": "", "type": "Р.повтор", "subtype": "", "comment": "", "correction": ""}, {"id": 33, "group": "error", "startSelection": 2790, "endSelection": 2793, "explanation": "Повторение одного и того же слова.", "tag": "", "type": "Р.повтор", "subtype": "", "comment": "", "correction": ""}, {"id": 34, "group": "error", "startSelection": 2867, "endSelection": 2870, "explanation": "Повторение одного и того же слова.", "tag": "", "type": "Р.повтор", "subtype": "", "comment": "", "correction": ""}, {"id": 36, "group": "meaning", "startSelection": 298, "endSelection": 411, "type": "ПРОБЛЕМА", "subtype": "", "explanation": "", "correction": "", "tag": "", "comment": ""}, {"id": 37, "group": "meaning", "startSelection": 412, "endSelection": 500, "type": "ПРИМЕР", "subtype": "", "explanation": "", "correction": "", "tag": "", "comment": ""}, {"id": 38, "group": "meaning", "startSelection": 501, "endSelection": 1375, "type": "ПОЗИЦИЯ", "subtype": "", "explanation": "", "correction": "", "tag": "", "comment": ""}, {"id": 39, "group": "meaning", "startSelection": 1376, "endSelection": 1565, "type": "ПРИМЕР", "subtype": "", "explanation": "", "correction": "", "tag": "", "comment": ""}, {"id": 40, "group": "meaning", "startSelection": 1566, "endSelection": 1666, "type": "СВЯЗЬ", "subtype": "", "explanation": "", "correction": "", "tag": "", "comment": ""}, {"id": 41, "group": "meaning", "startSelection": 1667, "endSelection": 1947, "type": "ПОЗИЦИЯ", "subtype": "", "explanation": "", "correction": "", "tag": "", "comment": ""}, {"id": 42, "group": "meaning", "startSelection": 1948, "endSelection": 2706, "type": "ОТНОШЕНИЕ", "subtype": "", "explanation": "", "correction": "", "tag": "", "comment": ""}]}