{"meta": {"uuid": "c9bb0408-e106-429d-85b6-0b1fc573a32f", "id": "0009874", "name": "0009874_ru_rus_kakie_usiliya_gotov_prilojit_chelovek_radi_dostijeniya_svoih_celey_noexp.txt", "subject": "rus", "test": "егэ тренировка", "category": "", "year": 2021, "class": "11", "theme": "Какие усилия готов приложить человек ради достижения своих целей? (По тексту Г. Рогова)", "taskText": "(1)Одной из загадок в истории существования всего живого на Земле является появление крылатых насекомых. (2)В летописи окаменелостей они начинают фигурировать примерно 300 миллионов лет назад (в отличие от обычных насекомых — 435-410 миллионов).\n(3)Убелённые сединами приверженцы эволюционной теории не без затруднения и не очень складно объясняют процесс развития крыльев у насекомых, их волшебные летательные возможности. (4)К чему это я?\n(5)А к тому, что человек издавна устремлял свой тоскующий взгляд на всё, что могло легко и запросто летать, кружить и порхать над его головой. (6)Оттого-то с древних времён он строил, склеивал, сколачивал и собирал немыслимые конструкции и приспособления для собственного воспарения.\n(7)И в самом деле, следя за невероятными кульбитами ласточек и стрижей над речной волной, наблюдая за фантастическими пируэтами гоняющихся за мошкарой стрекоз или, скажем, ловко вальсирующей меж цветками куста шиповника пчелы, мы, признаемся, нередко с восхищением вопрошаем: неужели такое возможно? (8)Какое же это чудо! (9)Вот бы и нам, людям, так! (10)Однако ж, увы... а ведь считается, что человек — вершина эволюции! (11)Ну, или Божьего замысла...\n(12)Нет, конечно, человечество научилось летать на монгольфьерах, самолётах, вертолётах и ракетах, но этого ему, очевидно, мало.\n(13) Человеку хочется именно летать так, как это делают птицы, мотыльки, жуки, стрекозы! (14)Но подвластно ли сие «рождённому ползать»?\n(15)Одним из первых, кто в этом смысле бросил вызов и природе, и высшему разуму, был великий Леонардо да Винчи. (16)Его несколько блестящих проектов «орнитоптеров» и других летательных машин, в том числе и вертолёта, и парашюта, опередили его время и, безусловно, дали благотворный импульс для развития авиации, а также летательных возможностей человека.\n(17)Впрочем, Леонардо не был бы великим, если бы всё-таки не понял тщету своих усилий в разработке подвижного крыла, работающего только лишь при помощи человеческой мускулатуры.\n(18)Так что вернуться к махолётам неугомонные мечтатели и безумцы смогли лишь в двадцатом веке, когда появились сравнительно компактные энергетические и силовые установки. (19)Между тем о перемещениях человека в воздушном пространстве без помощи сложных устройств разговоры идут давно, например, о левитации — перемещении человека во времени и пространстве. (20)К месту здесь будет вспомнить и танцы мистиков — дервишей, умеющих во время своих невероятных кружений взлетать к божественному миру и Богу, а затем возвращаться на землю.\n(21)Так сможет ли человек, уповая даже на самые современные достижения науки, техники и прогресса, летать, как птица или насекомое? (22)Вопрос сложный...\n(23)А может быть, он, человек, не там ищет? (24)Прислушаемся к любопытным замечаниям некоторых учёных и исследователей, которые резюмируют, что эволюция крылатых насекомых есть тайна, не имеющая объяснения. (25)Что их появление было внезапно и что самые древние экземпляры имеют ту же структуру, что и их родственники, живущие в XXI веке. (26)Что летопись окаменелостей указывает на то, что их сложное эволюционное продвижение (если оно было) произошло так быстро, что данный факт противоречит собственно эволюционной теории... (27)Что всё было однажды сделано полностью функциональным с самого начала. (28)Что, наконец, «все свидетельства указывают на разумный дизайн полёта насекомых — его форму, функцию и создание».\n(29)Так полетим мы, как они? (30) Думаю, полетим. (31)С одним условием: ежели это будет угодно самим небесам...\n"}, "text": "Какие усилия готов приложить человек ради достижения своих целей? Над данным вопросом рассуждает публицист Г. Рогов.\nРазмышляя над проблемой, автор рассказывает о желании людей иметь «волшебные летательные способности», которые бы позволяли им свободно порхать в небесах, как некоторым насекомым. Однако возможности «парить» не было из-за отсутствия крыльев. Несмотря на возникшую проблему, человек всё же научился летать на самолетах, вертолетах и многих других авиационных машинах. На таком противопоставлении и строится текст Г. Рогова.\nС одной стороны, отсутствие у человека крыльев, способствующих полёту, обозначает, что такой возможности людям просто не дано. Ведь «человек — вершина эволюции», а значит, в нем собраны самые лучшие преимущества для жизни.\nС другой стороны, «человек издавна устремлял свой тоскующий взгляд на всё, что могло легко и запросто летать, кружить и порхать над его головой». Эта мысль не покинула людей. Желание «ЛЕТАТЬ так, как это делают птицы, мотыльки, жуки, стрекоз» было очень велико, и Леонардо да Винчи «бросил вызов и природе, и высшему разум». Он создал несколько блестящих проектов, которые дали «благотворный импульс для развития авиации». Так человек, долгое время мечтавший о парение в небесах, наконец получил такую возможность.\nПозиция автора четко выражена. Она заключается в том, что, несмотря на отсутствие у человека приспособлений для полета, люди смогли исполнить мечту «кружить и порхать над головой» благодаря собственным усилиям.\nЯ полностью согласна с Г. Роговым и тоже считаю, что при большом желании человек готов посвятить себя нужному делу, прилагая всевозможные силы, которые поспособствуют достижению поставленной цели. Вспомним роман Джека Лондона «Мартин Иден». Главный герой — необразованный парень, выросший в кругу бедных людей. Влюбившись однажды в девушку из высшего общества, он понял, что должен измениться ради нее. Иден занялся саморазвитием, а в скором времени в нем проснулось желание стать писателем. Удача обходила Мартина стороной, но он не сдавался, а упорно шел к цели, совершенствуя свои навыки. Старания героя были оправданы. Спустя время он обрёл громкую славу писателя, редакторы были готовы скупать рукописи, которые когда-то были отвергнуты всеми издательствами. Кто-то из великих людей сказал: «Ты не можешь менять направление ветра, но всегда можешь поднять паруса, чтобы достичь своей цели». Таким образом, можно сделать вывод, что человек должен прикладывать всевозможные усилия ради достижения своей цели.", "fileName": "0009874.json", "selections": [{"id": 0, "group": "error", "startSelection": 611, "endSelection": 621, "explanation": "Повторение однокоренных слов.", "tag": "", "type": "Р.тавт", "subtype": "", "comment": "", "correction": ""}, {"id": 1, "group": "error", "startSelection": 726, "endSelection": 738, "explanation": "Превосходную степень «лучший» незачем дополнительно усиливать словом «самый».", "tag": "", "type": "Р.СТИЛ", "subtype": "стил", "comment": "", "correction": ""}, {"id": 2, "group": "error", "startSelection": 704, "endSelection": 710, "explanation": "Повторение однокоренных слов.", "tag": "", "type": "Р.тавт", "subtype": "", "comment": "", "correction": ""}, {"id": 3, "group": "error", "startSelection": 856, "endSelection": 864, "explanation": "Разговорное выражение, придающее тексту непринуждённый характер.", "tag": "RAZG.doc 2060414330", "type": "А.лекс", "subtype": "конт", "comment": "", "correction": ""}, {"id": 4, "group": "error", "startSelection": 1224, "endSelection": 1231, "explanation": "", "tag": "REPLACE_n-e-n_n-i-n", "type": "А.лекс", "subtype": "конт", "comment": "", "correction": "парении"}, {"id": 5, "group": "error", "startSelection": 1410, "endSelection": 1419, "explanation": "Повторение однокоренных слов.", "tag": "", "type": "Р.тавт", "subtype": "", "comment": "", "correction": ""}, {"id": 6, "group": "error", "startSelection": 1491, "endSelection": 1500, "explanation": "Повторение однокоренных слов.", "tag": "", "type": "Р.тавт", "subtype": "", "comment": "", "correction": ""}, {"id": 7, "group": "error", "startSelection": 2096, "endSelection": 2100, "explanation": "Повторение одного и того же слова.", "tag": "", "type": "Р.повтор", "subtype": "", "comment": "", "correction": ""}, {"id": 8, "group": "error", "startSelection": 2168, "endSelection": 2172, "explanation": "Повторение одного и того же слова.", "tag": "", "type": "Р.повтор", "subtype": "", "comment": "", "correction": ""}, {"id": 9, "group": "error", "startSelection": 2215, "endSelection": 2219, "explanation": "Повторение одного и того же слова.", "tag": "", "type": "Р.повтор", "subtype": "", "comment": "", "correction": ""}, {"id": 10, "group": "error", "startSelection": 2335, "endSelection": 2341, "explanation": "Повторение однокоренных слов.", "tag": "", "type": "Р.тавт", "subtype": "", "comment": "", "correction": ""}, {"id": 11, "group": "error", "startSelection": 2364, "endSelection": 2371, "explanation": "Повторение однокоренных слов.", "tag": "", "type": "Р.тавт", "subtype": "", "comment": "", "correction": ""}, {"id": 12, "group": "error", "startSelection": 2372, "endSelection": 2377, "explanation": "Повторение одного и того же слова.", "tag": "", "type": "Р.повтор", "subtype": "", "comment": "", "correction": ""}, {"id": 13, "group": "error", "startSelection": 2453, "endSelection": 2465, "explanation": "Повторение однокоренных слов.", "tag": "", "type": "Р.тавт", "subtype": "", "comment": "", "correction": ""}, {"id": 14, "group": "error", "startSelection": 2478, "endSelection": 2488, "explanation": "Повторение однокоренных слов.", "tag": "", "type": "Р.тавт", "subtype": "", "comment": "", "correction": ""}, {"id": 15, "group": "error", "startSelection": 2489, "endSelection": 2494, "explanation": "Повторение одного и того же слова.", "tag": "", "type": "Р.повтор", "subtype": "", "comment": "", "correction": ""}, {"id": 17, "group": "meaning", "startSelection": 117, "endSelection": 296, "type": "ПРИМЕР", "subtype": "", "explanation": "", "correction": "", "tag": "", "comment": ""}, {"id": 18, "group": "meaning", "startSelection": 297, "endSelection": 358, "type": "ПОЯСНЕНИЕ", "subtype": "", "explanation": "", "correction": "", "tag": "", "comment": ""}, {"id": 19, "group": "meaning", "startSelection": 359, "endSelection": 483, "type": "ПРОБЛЕМА", "subtype": "", "explanation": "", "correction": "", "tag": "", "comment": ""}, {"id": 20, "group": "meaning", "startSelection": 763, "endSelection": 908, "type": "ПРИМЕР", "subtype": "", "explanation": "", "correction": "", "tag": "", "comment": ""}, {"id": 21, "group": "meaning", "startSelection": 909, "endSelection": 937, "type": "ПОЯСНЕНИЕ", "subtype": "", "explanation": "", "correction": "", "tag": "", "comment": ""}, {"id": 22, "group": "meaning", "startSelection": 938, "endSelection": 1087, "type": "ПРИМЕР", "subtype": "", "explanation": "", "correction": "", "tag": "", "comment": ""}, {"id": 23, "group": "meaning", "startSelection": 1088, "endSelection": 1277, "type": "ПОЯСНЕНИЕ", "subtype": "", "explanation": "", "correction": "", "tag": "", "comment": ""}, {"id": 24, "group": "meaning", "startSelection": 1278, "endSelection": 1488, "type": "ПОЗИЦИЯ", "subtype": "", "explanation": "", "correction": "", "tag": "", "comment": ""}, {"id": 25, "group": "meaning", "startSelection": 1489, "endSelection": 2384, "type": "ОТНОШЕНИЕ", "subtype": "", "explanation": "", "correction": "", "tag": "", "comment": ""}]}