{"meta": {"uuid": "e1225760-e929-49d0-a830-ebaaf77c5cb7", "id": "0009904", "name": "0009904_ru_rus_problema_sohraneniya_talantlivost_problema_talantlivosti_noexp.txt", "subject": "rus", "test": "егэ тренировка", "category": "", "year": 2018, "class": "11", "theme": "Проблема сохранения талантливость, проблема талантливости (По тексту В. Белова)", "taskText": "(1)Не бывает абсолютно одинаковых и совсем бездарных людей! (2)Каждый рождается с печатью какого-либо таланта. (3)Потребность творчества так же естественна, как потребность пить или есть; она теплится в каждом из нас даже в самых невероятно тяжких условиях. (4)Каждая личность по-своему талантлива, своеобразна. (5)Людей, абсолютно плохих внутренне и внешне, к счастью, не существует.\n(6)То, что потребность творчества свойственна каждому, видно хотя бы из того, что в детстве, даже в младенчестве, у ребёнка есть потребность в игре. (7)Каждый ребенок хочет играть, то есть жить творчески. (8)Почему же с годами творчество понемногу исчезает из нашей жизни, почему творческое начало сохраняется и развивается не в каждом из нас? (9)Грубо говоря, потому, что мы либо занялись не своим делом (не нашли себя, своего лица, своего таланта), либо не научились жить и трудиться (не развили таланта). (10)Второе нередко зависит от первого, но и первое от второго не всегда бывает свободно. (11)Если не научишься трудиться, так и не узнаешь, чем наградила тебя природа.\n(12)Если же духовный потенциал слаб, то личность стирается, нивелируется, быстро теряет индивидуальные, присущие ей одной черты. (13)Стройному восхождению, творческому раскрепощению личности может помешать любой душевный, семейный, общественный или мировой разлад, любая неурядица, которые, кстати сказать, бывают разные. (14)Например, одно дело, когда нет обуви для того, чтобы ходить в школу (а то и самой школы), и совсем другое, когда тебя силой заставляют постигать музыкальную грамоту. (15)Конечно, второй случай предпочтительнее, но разлад есть разлад. (16)Поэтому мы видим, что общественная ориентация отнюдь не всегда безошибочна и что мода вообще вредна в таком деле, как дело нахождения себя.\n(17)Почему, собственно, считается творческой только жизнь артиста или художника? (18)Ведь артистом и художником можно быть в любом деле. (19)Это должно быть нормой. (20)Ореол исключительности той или иной профессии, деление труда по таким принципам, как «почётно-непочётно», «интересно-неинтересно», как раз и поощряет мысль о недоступности творчества для всех и для каждого. (21)Но это вполне устраивает сторонников нивелирования личности, которые выделяют безликую толпу бездарных людей и противопоставляют ей людей талантливых. (22)Но это не справедливо!\n"}, "text": "Каждый ли человек обладает талантом? Именно эта проблема привлекла внимание В. Белова.\nПытаясь найти ответ на поставленный вопрос, автор повествует нам о детях, у которых с самого раннего возраста просыпается интерес к игре, доказывая тот факт, что «потребность творчества свойственна каждому». Кроме того, В. Белов с нескрываемым сожалением говорит и том, что одаренные природой люди часто так и не находят применение своему таланту просто потому, что «не научились жить и трудиться», либо обладают слабым духовным потенциалом, а это не может повлиять положительно на человека, который находится в поиске своего призвания.\nПозицию автора можно сформулировать так: в каждом из нас есть задатки таланта в той или иной сфере, и лишь благодаря усердию и непоколебимости человек сможет до последней капли использовать потенциал своего врожденного дара, не став частью безликой толпы бездарных людей.\nЯ полностью согласна с автором и тоже считаю, что не существует тех людей, которые не наделены от природы талантом, однако лишь кропотливый, ежедневный труд и ориентация на собственные жизненные стремления помогут человеку в полной мере раскрыть его врожденные способности.\nНе зря многие русские писатели-классики часто обращались в своих произведениях к проблеме раскрытия человеческого таланта. Вспомним хотя бы рассказ А.И. Куприна «Тапер», в котором талант и мастерство в музыкальном искусстве четырнадцатилетнего Юрия Агазарова удивили и восхитили публику, собравшуюся на светском приеме. В числе пораженных был и пожилой господин Антон Григорьевич Рубинштейн, который помог развить юноше его способности. Так, благодаря своему выдающемуся учителю, собственной работоспособности и природному дару Юрий стал известным композитором. Таким образом, автор произведения пытался донести до читателей мысль о том, что каждый человек, с рождения наделенный талантом, с помощью старания, упорства и преданности своему делу сможет достичь огромных высот в определенном виде деятельности.\nНе менее ярким примером, иллюстрирующим данную проблему, является роман М. Булгакова «Мастер и Маргарита». Для Мастера, который с особым рвением принимается писать своё произведение, не имеют никакого значения ни порицания, ни упреки общества. Герой с неизменным воодушевлением занимается созданием своего шедевра, ведь для человека, нашедшего применение своему таланту, не существуют такие понятия как трусость и приверженность чужому мнению. Получается, что М. Булгаков говорит о том, что талант и стремление к прекрасному необходимо развивать и воплощать в жизни, прилагая большие усилия и преодолевая любые препятствия, вставшие на пути.\nВ заключение своих размышлений мне бы хотелось сказать, что людям необходимо совершать постоянные действия, ведущие к творческому и личностному становлению, для того, чтобы талант, существующий в каждом из нас, не пропал, а расцветал лишь с новой, еще большей силой.", "fileName": "0009904.json", "selections": [{"id": 0, "group": "error", "startSelection": 137, "endSelection": 151, "explanation": "Указание на адресата «повествования» обычно излишне.", "tag": "", "type": "Р.СОЧЕТ", "subtype": null, "comment": "", "correction": ""}, {"id": 1, "group": "error", "startSelection": 294, "endSelection": 623, "explanation": "Слишком длинное предложение с точки зрения выбранного стиля проверки. Измените настройку, выберите более свободный стиль или разбейте это предложение на несколько более коротких.", "tag": "message.txt: 0:0", "type": "А.лекс", "subtype": "конт", "comment": "", "correction": ""}, {"id": 2, "group": "error", "startSelection": 397, "endSelection": 418, "explanation": "Если при глаголе есть отрицание, прямое дополнение имеет форму родительного падежа: «не находить применения».", "tag": "", "type": "Г.УПР", "subtype": "упр", "comment": "", "correction": ""}, {"id": 3, "group": "error", "startSelection": 889, "endSelection": 894, "explanation": "Повторение одного и того же слова.", "tag": "", "type": "Р.повтор", "subtype": "", "comment": "", "correction": ""}, {"id": 4, "group": "error", "startSelection": 964, "endSelection": 969, "explanation": "Повторение одного и того же слова.", "tag": "", "type": "Р.повтор", "subtype": "", "comment": "", "correction": ""}, {"id": 5, "group": "error", "startSelection": 1227, "endSelection": 1248, "explanation": "Слово «свой» в контекстах вроде «писатель в своём тексте рассказывает...» избыточно.", "tag": "", "type": "Р.ЛИШН", "subtype": "лишн", "comment": "", "correction": ""}, {"id": 6, "group": "error", "startSelection": 1284, "endSelection": 1291, "explanation": "Повторение одного и того же слова в разных формах.", "tag": "", "type": "Р.повтор", "subtype": "", "comment": "", "correction": ""}, {"id": 7, "group": "error", "startSelection": 1350, "endSelection": 1356, "explanation": "Повторение одного и того же слова в разных формах.", "tag": "", "type": "Р.повтор", "subtype": "", "comment": "", "correction": ""}, {"id": 8, "group": "error", "startSelection": 1498, "endSelection": 1508, "explanation": "Нет существительных, согласующихся с причастием {\"пораженных\"}.", "tag": "message.txt: 2:3", "type": "А.лекс", "subtype": "конт", "comment": "", "correction": ""}, {"id": 9, "group": "error", "startSelection": 1731, "endSelection": 1978, "explanation": "Предложение сложно для восприятия, так как перегружено существительными. Попробуйте разбить его на несколько более коротких.", "tag": "message.txt: 3:2", "type": "А.лекс", "subtype": "конт", "comment": "", "correction": ""}, {"id": 10, "group": "error", "startSelection": 1891, "endSelection": 1902, "explanation": "Повторение однокоренных слов.", "tag": "", "type": "Р.тавт", "subtype": "", "comment": "", "correction": ""}, {"id": 11, "group": "error", "startSelection": 2019, "endSelection": 2025, "explanation": "Повторение однокоренных слов.", "tag": "", "type": "Р.тавт", "subtype": "", "comment": "", "correction": ""}, {"id": 12, "group": "error", "startSelection": 2143, "endSelection": 2147, "explanation": "Повторение одного и того же слова в разных формах.", "tag": "", "type": "Р.повтор", "subtype": "", "comment": "", "correction": ""}, {"id": 13, "group": "error", "startSelection": 2278, "endSelection": 2284, "explanation": "Повторение одного и того же слова в разных формах.", "tag": "", "type": "Р.повтор", "subtype": "", "comment": "", "correction": ""}, {"id": 14, "group": "error", "startSelection": 2334, "endSelection": 2340, "explanation": "Повторение одного и того же слова в разных формах.", "tag": "", "type": "Р.повтор", "subtype": "", "comment": "", "correction": ""}, {"id": 15, "group": "error", "startSelection": 2490, "endSelection": 2491, "explanation": "Предлог {\"к\"} не связан с существительным или местоимением.", "tag": "message.txt: 2:3", "type": "А.лекс", "subtype": "конт", "comment": "", "correction": ""}, {"id": 16, "group": "error", "startSelection": 2708, "endSelection": 2718, "explanation": "Повторение однокоренных слов.", "tag": "", "type": "Р.тавт", "subtype": "", "comment": "", "correction": ""}, {"id": 17, "group": "error", "startSelection": 2765, "endSelection": 2776, "explanation": "Повторение однокоренных слов.", "tag": "", "type": "Р.тавт", "subtype": "", "comment": "", "correction": ""}, {"id": 19, "group": "meaning", "startSelection": 37, "endSelection": 86, "type": "ПРОБЛЕМА", "subtype": "", "explanation": "", "correction": "", "tag": "", "comment": ""}, {"id": 20, "group": "meaning", "startSelection": 87, "endSelection": 294, "type": "ПРИМЕР", "subtype": "", "explanation": "", "correction": "", "tag": "", "comment": ""}, {"id": 21, "group": "meaning", "startSelection": 295, "endSelection": 623, "type": "ПОЯСНЕНИЕ", "subtype": "", "explanation": "", "correction": "", "tag": "", "comment": ""}, {"id": 22, "group": "meaning", "startSelection": 624, "endSelection": 895, "type": "ПОЗИЦИЯ", "subtype": "", "explanation": "", "correction": "", "tag": "", "comment": ""}, {"id": 23, "group": "meaning", "startSelection": 896, "endSelection": 2620, "type": "ОТНОШЕНИЕ", "subtype": "", "explanation": "", "correction": "", "tag": "", "comment": ""}]}