{"meta": {"uuid": "0305b1a4-25be-4257-8590-a13eb730f2fd", "id": "0009429", "name": "0009429_ru_rus_kakova_sushchnost_huliganov_chto_mojno_im_protivopostavit_noexp.txt", "subject": "rus", "test": "егэ тренировка", "category": "", "year": 2019, "class": "11", "theme": "Какова сущность хулиганов? Что можно им противопоставить? (По тексту С. Львова)", "taskText": "Мне вспомнилась одна поездка в трамвае. Тогда в трамваях еще были кондукторы. В нашем вагоне кондукторшей оказалась пожилая женщина маленького роста.\nНа остановке в вагон села компания молодых людей и несколько рабочих с текстильной фабрики, где только что кончилась смена. Все пассажиры взяли билеты, а молодые люди из этой компании билетов брать не стали. Кондукторша подошла к ним:\n— Оплатите проезд.\nТрое отвернулись. Один, нахально улыбаясь, сказал: «Проездной у меня. Туда и обратно» — и захохотал. Пятый полез в карман, достал монету, а когда кондукторша протянула за ней руку, поднял монету к потолку.\n— Что же, бабуля, ты не даешь мне билета? Я деньги приготовил! Допрыгни!\nКомпания загоготала.\nКондукторша снова повторила:\n— Оплатите проезд!\nНо молодые люди продолжали издеваться над пожилой женщиной.\nМы ехали во втором вагоне, кондукторша не могла позвать на помощь вожатого, а когда попробовала позвонить в звонок, чтобы остановить трамвай, парень, который был заводилой, заслонил звонок спиной.\nПассажиры стали увещевать хулиганов:\n— Постыдились бы!\nНо увещевания только подзадоривали безобразников.\n— Вы что-то сказали? Ты, шляпа, к тебе обращаюсь! Ты что — контролер? А не контролер — помалкивай в тряпочку!\nЧеловек в шляпе замолчал. На его лице появился страх. Он знал, на что бывают способны такие компании.\nУ меня кровь бросилась в голову, и, еще не зная, что сделаю в следующую секунду, я шагнул к хулиганам.\nНо меня опередили. Немолодой мужчина подошел к заводиле:\n— А ну, марш от звонка!\nТот начал:\n— А тебе что, папаша, на...\nДоговорить он не успел.\n«Папаша» так двинул его плечом, что тот отлетел в сторону. Кнопка звонка была нажата. В моторном вагоне задребезжал звонок. Трамвай резко остановился.\n— Извините, товарищ кондуктор, — сказал «папаша». — Откройте дверь. Мы сейчас наведем порядочек.\nДальше все происходило, как в кинокартине, где торжествует справедливость. Поднялись все мужчины, ехавшие в вагоне, в том числе и преодолевший свой испуг «человек в шляпе», и негодяев, мгновенно утихнувших, вышвырнули из вагона. Приземляясь в осенней луже, они верещали:\n— За что? Хулиганы!\nВагон тронулся. «Папаша» сказал:\n— Видывали таких. Трусы!\nОн прав. Хулиганы всегда трусы — их «геройство» гроша ломаного не стоит. Они измываются над окружающими, красуются, пока не почувствуют твердого отпора.\n"}, "text": "Какова сущность хулиганов? Что можно им противопоставить? Над этими вопросами предлагает задуматься С. Львов. Они и составляют проблематику текста.\nПриглашая к размышлениям, писатель рассказывает историю, произошедшую однажды в трамвае. Молодые люди, вошедшие на одной из станций, категорически отказывались оплатить проезд. Чтобы привлечь внимание читателя к проблеме, для описания хулиганов Львов применяет эмоционально окрашенную лексику: \"нахально улыбаясь\", \"загоготали\", \"продолжали издеваться\", зная, что пожилая женщина-кондуктор совершенно против них беспомощна. Автор делает акцент на том, что молодым людям нестрашны были даже увещевания многочисленных пассажиров. Так, к одному из них они даже обратились с пренебрежительным \"папаша\". Но писатель обращает внимание читателей на тот момент, когда издевательства безобразников прекратились: когда немолодой мужчина поднялся на защиту кондуктора и остановил поезд, его примеру последовали и остальные мужчины в вагоне. Общими усилиями они вышвырнули \"мгновенно утихнувших\" негодяев из вагона. Львов называет этот момент \"торжеством справедливости\".\nПозиция автора чётка выражена в данном тексте: \"хулиганы всегда трусы\", которые боятся решительных действий против них со стороны окружающих.\nЯ согласна с С. Львовым. Действительно, негодяи проявляют дерзость лишь до тех пор, пока не сталкиваются с твёрдым отпором общественности.\nНужно помнить, что хулиганов можно распознать уже в юном возрасте, уметь отличать безобидные проказы детей от умышленного безобразничества и вовремя это пресекать. Подобному учит нас книга А. П. Гайдара \"Тимур и его команда\". Команда тимуровцев вовремя заметила, что поступки Михаила Квакина не соответствуют общественным нормам. Порча чужого имущества, воровство яблок - всё это стало для пионеров поводом наказать нарушителя, не прибегая к помощи взрослых. Ребята руководствовались законами чести и совести, именно благодаря этому им удалось повлиять на юного хулигана и пресечь его дальнейшие злодеяния.\nНе всегда получается пресечь хулиганство мирным путём, поэтому иногда негодяи несут серьёзную ответственность за свои поступки. Чтобы убедиться в этом, достаточно вспомнить эпизод из романа-эпопеи Л. Н. Толстого \"Война и мир\", где описываются кутежи Анатоля Курагина и его окружения. Однажды он с компанией друзей посадил медведя в карету и повёз его к актрисам. Когда, чтобы утихомирить молодёжь, приехала полиция, хулиганы привязали квартального надзирателя к медведю и бросили в Мойку! За подобный проступок молодые люди понесли достойное наказание: Долохов был разжалован в солдаты и ещё долго пытался восстановить свой авторитет, а Безухова и Курагина выслали в Москву.\nТаким образом, сущность хулиганов рано или поздно раскрывается перед обществом. Негодяи готовы бесчинствовать лишь до тех пор, пока не встретят твёрдое сопротивление со стороны окружающих. Противопоставить им можно сильных духом людей, которые не боятся постоять за себя и других.\nЯ с интересом прочла текст С. Львова. Он побудил меня стать смелее и не бояться защищать интересы общества и противостоять хулиганству.", "fileName": "0009429.json", "selections": [{"id": 0, "group": "error", "startSelection": 148, "endSelection": 172, "explanation": "Деепричастный оборот делает предложение громоздким, ничего не добавляя к смыслу.", "tag": "", "type": "Р.ЛИШН", "subtype": "лишн", "comment": "", "correction": ""}, {"id": 1, "group": "error", "startSelection": 443, "endSelection": 451, "explanation": "Слово с ярко выраженной экспрессивной окраской.", "tag": "EXPRES.doc 633214504", "type": "А.лекс", "subtype": "конт", "comment": "", "correction": ""}, {"id": 2, "group": "error", "startSelection": 618, "endSelection": 627, "explanation": "", "tag": "REPLACE_ne-slit-adj_ne-razd-adj", "type": "А.лекс", "subtype": "конт", "comment": "", "correction": "не страшны"}, {"id": 3, "group": "error", "startSelection": 638, "endSelection": 648, "explanation": "Устаревшее слово. В современном тексте оно имеет архаический характер.", "tag": "Ustar.doc -57184389", "type": "А.лекс", "subtype": "конт", "comment": "", "correction": ""}, {"id": 4, "group": "error", "startSelection": 633, "endSelection": 637, "explanation": "Повторение одного и того же слова.", "tag": "", "type": "Р.повтор", "subtype": "", "comment": "", "correction": ""}, {"id": 5, "group": "error", "startSelection": 738, "endSelection": 744, "explanation": "Разговорное выражение, придающее тексту непринуждённый характер.", "tag": "RAZG.doc -2064037065", "type": "А.лекс", "subtype": "конт", "comment": "", "correction": ""}, {"id": 6, "group": "error", "startSelection": 701, "endSelection": 705, "explanation": "Повторение одного и того же слова.", "tag": "", "type": "Р.повтор", "subtype": "", "comment": "", "correction": ""}, {"id": 7, "group": "error", "startSelection": 867, "endSelection": 874, "explanation": "Повторение одного и того же слова в разных формах.", "tag": "", "type": "Р.повтор", "subtype": "", "comment": "", "correction": ""}, {"id": 8, "group": "error", "startSelection": 960, "endSelection": 967, "explanation": "Повторение одного и того же слова в разных формах.", "tag": "", "type": "Р.повтор", "subtype": "", "comment": "", "correction": ""}, {"id": 9, "group": "error", "startSelection": 970, "endSelection": 976, "explanation": "Повторение одного и того же слова в разных формах.", "tag": "", "type": "Р.повтор", "subtype": "", "comment": "", "correction": ""}, {"id": 10, "group": "error", "startSelection": 998, "endSelection": 1008, "explanation": "Разговорное выражение, придающее тексту непринуждённый характер.", "tag": "RAZG.doc 1715247994", "type": "А.лекс", "subtype": "конт", "comment": "", "correction": ""}, {"id": 11, "group": "error", "startSelection": 1032, "endSelection": 1040, "explanation": "Слово с ярко выраженной экспрессивной окраской.", "tag": "EXPRES.doc -107481497", "type": "А.лекс", "subtype": "конт", "comment": "", "correction": ""}, {"id": 12, "group": "error", "startSelection": 1044, "endSelection": 1050, "explanation": "Повторение одного и того же слова в разных формах.", "tag": "", "type": "Р.повтор", "subtype": "", "comment": "", "correction": ""}, {"id": 13, "group": "error", "startSelection": 1123, "endSelection": 1128, "explanation": "", "tag": "REPLACE_adj-a_adj-o", "type": "А.лекс", "subtype": "конт", "comment": "", "correction": "чётко"}, {"id": 14, "group": "error", "startSelection": 1290, "endSelection": 1297, "explanation": "Слово с ярко выраженной экспрессивной окраской.", "tag": "EXPRES.doc -107481497", "type": "А.лекс", "subtype": "конт", "comment": "", "correction": ""}, {"id": 15, "group": "error", "startSelection": 1499, "endSelection": 1510, "explanation": "Нет существительных, согласующихся с прилагательным или причастием {\"умышленного\"}.", "tag": "message.txt: 2:3", "type": "А.лекс", "subtype": "конт", "comment": "", "correction": ""}, {"id": 16, "group": "error", "startSelection": 1765, "endSelection": 1768, "explanation": "Повторение одного и того же слова в разных формах.", "tag": "", "type": "Р.повтор", "subtype": "", "comment": "", "correction": ""}, {"id": 17, "group": "error", "startSelection": 1788, "endSelection": 1795, "explanation": "Повторение однокоренных слов.", "tag": "", "type": "Р.тавт", "subtype": "", "comment": "", "correction": ""}, {"id": 18, "group": "error", "startSelection": 1855, "endSelection": 1872, "explanation": "Повторение однокоренных слов.", "tag": "", "type": "Р.тавт", "subtype": "", "comment": "", "correction": ""}, {"id": 19, "group": "error", "startSelection": 1916, "endSelection": 1921, "explanation": "Повторение одного и того же слова в разных формах.", "tag": "", "type": "Р.повтор", "subtype": "", "comment": "", "correction": ""}, {"id": 20, "group": "error", "startSelection": 1951, "endSelection": 1959, "explanation": "Повторение однокоренных слов.", "tag": "", "type": "Р.тавт", "subtype": "", "comment": "", "correction": ""}, {"id": 21, "group": "error", "startSelection": 1962, "endSelection": 1969, "explanation": "Повторение одного и того же слова.", "tag": "", "type": "Р.повтор", "subtype": "", "comment": "", "correction": ""}, {"id": 22, "group": "error", "startSelection": 2066, "endSelection": 2073, "explanation": "Слово с ярко выраженной экспрессивной окраской.", "tag": "EXPRES.doc -107481497", "type": "А.лекс", "subtype": "конт", "comment": "", "correction": ""}, {"id": 23, "group": "error", "startSelection": 2017, "endSelection": 2024, "explanation": "Повторение одного и того же слова.", "tag": "", "type": "Р.повтор", "subtype": "", "comment": "", "correction": ""}, {"id": 24, "group": "error", "startSelection": 2025, "endSelection": 2036, "explanation": "Повторение однокоренных слов.", "tag": "", "type": "Р.тавт", "subtype": "", "comment": "", "correction": ""}, {"id": 25, "group": "error", "startSelection": 2239, "endSelection": 2245, "explanation": "Разговорное выражение, придающее тексту непринуждённый характер.", "tag": "RAZG.doc -375993255", "type": "А.лекс", "subtype": "конт", "comment": "", "correction": ""}, {"id": 26, "group": "error", "startSelection": 2265, "endSelection": 2268, "explanation": "Повторение одного и того же слова.", "tag": "", "type": "Р.повтор", "subtype": "", "comment": "", "correction": ""}, {"id": 27, "group": "error", "startSelection": 2318, "endSelection": 2325, "explanation": "Повторение одного и того же слова в разных формах.", "tag": "", "type": "Р.повтор", "subtype": "", "comment": "", "correction": ""}, {"id": 28, "group": "error", "startSelection": 2343, "endSelection": 2346, "explanation": "Повторение одного и того же слова.", "tag": "", "type": "Р.повтор", "subtype": "", "comment": "", "correction": ""}, {"id": 29, "group": "error", "startSelection": 2384, "endSelection": 2392, "explanation": "Повторение однокоренных слов.", "tag": "", "type": "Р.тавт", "subtype": "", "comment": "", "correction": ""}, {"id": 30, "group": "error", "startSelection": 2458, "endSelection": 2465, "explanation": "Повторение одного и того же слова в разных формах.", "tag": "", "type": "Р.повтор", "subtype": "", "comment": "", "correction": ""}, {"id": 31, "group": "error", "startSelection": 2507, "endSelection": 2514, "explanation": "Повторение однокоренных слов.", "tag": "", "type": "Р.тавт", "subtype": "", "comment": "", "correction": ""}, {"id": 32, "group": "error", "startSelection": 2751, "endSelection": 2758, "explanation": "Слово с ярко выраженной экспрессивной окраской.", "tag": "EXPRES.doc -107481497", "type": "А.лекс", "subtype": "конт", "comment": "", "correction": ""}, {"id": 33, "group": "error", "startSelection": 2823, "endSelection": 2836, "explanation": "Повторение однокоренных слов.", "tag": "", "type": "Р.тавт", "subtype": "", "comment": "", "correction": ""}, {"id": 34, "group": "error", "startSelection": 2860, "endSelection": 2876, "explanation": "Повторение однокоренных слов.", "tag": "", "type": "Р.тавт", "subtype": "", "comment": "", "correction": ""}, {"id": 35, "group": "error", "startSelection": 2956, "endSelection": 2965, "explanation": "Повторение одного и того же слова в разных формах.", "tag": "", "type": "Р.повтор", "subtype": "", "comment": "", "correction": ""}, {"id": 36, "group": "error", "startSelection": 3041, "endSelection": 3049, "explanation": "Повторение одного и того же слова в разных формах.", "tag": "", "type": "Р.повтор", "subtype": "", "comment": "", "correction": ""}, {"id": 38, "group": "meaning", "startSelection": 148, "endSelection": 236, "type": "ПРИМЕР", "subtype": "", "explanation": "", "correction": "", "tag": "", "comment": ""}, {"id": 39, "group": "meaning", "startSelection": 237, "endSelection": 324, "type": "ПОЯСНЕНИЕ", "subtype": "", "explanation": "", "correction": "", "tag": "", "comment": ""}, {"id": 40, "group": "meaning", "startSelection": 325, "endSelection": 571, "type": "ПРИМЕР", "subtype": "", "explanation": "", "correction": "", "tag": "", "comment": ""}, {"id": 41, "group": "meaning", "startSelection": 572, "endSelection": 675, "type": "ПОЯСНЕНИЕ", "subtype": "", "explanation": "", "correction": "", "tag": "", "comment": ""}, {"id": 42, "group": "meaning", "startSelection": 676, "endSelection": 746, "type": "ПРИМЕР", "subtype": "", "explanation": "", "correction": "", "tag": "", "comment": ""}, {"id": 43, "group": "meaning", "startSelection": 747, "endSelection": 977, "type": "ПРОБЛЕМА", "subtype": "", "explanation": "", "correction": "", "tag": "", "comment": ""}, {"id": 44, "group": "meaning", "startSelection": 1108, "endSelection": 1249, "type": "ПРИМЕР", "subtype": "", "explanation": "", "correction": "", "tag": "", "comment": ""}, {"id": 45, "group": "meaning", "startSelection": 1250, "endSelection": 2670, "type": "ОТНОШЕНИЕ", "subtype": "", "explanation": "", "correction": "", "tag": "", "comment": ""}]}