{"meta": {"uuid": "38a6ab10-a7a1-4049-83a5-5fa1143e3434", "id": "0009417", "name": "0009417_ru_rus_byt_ili_kazatsya_noexp.txt", "subject": "rus", "test": "егэ тренировка", "category": "", "year": 2020, "class": "11", "theme": "Быть или казаться? (По тексту С. Л. Львова)", "taskText": "(1)Случилось так, что в качестве преподавателя в аудитории высшего учебного заведения я впервые вошёл, когда мне не было двадцать лет, в 1942 году. (2)Мы только что закончили курсы военных переводчиков при Военном институте иностранных языков и готовились ехать на фронт. (3)Но нескольких из нас оставили преподавать в институте. (4)Меня предупредили: моими слушателями будут курсанты, уже закончившие общевойсковые училища. (5)Перед ними я робел. (6)Предстоит учить мне и призванных в армию студенток. (7)Они меня смущали. (8)Вид мой был отнюдь не бравый: более чем скромное обмундирование и сущее несчастье – ботинки с обмотками вместо сапог.\n(9)Вот тут-то передо мной и встал вопрос: «Быть или казаться?»(10)Я представлял себе ясно, каким покажусь своим первым ученикам. (11)Как сделать, чтобы они почувствовали, каков я есть? (12)Решил начать с лобовой психологической атаки. (13)Продемонстрирую несколько примеров работы военного переводчика, потом скажу: «Вот что я умею и этому научу вас».\n(14)Взяв с собой трофейные уставы и письма немецких солдат, я с замирающим сердцем пошёл в класс. (15)Перед дверью маячил дежурный – выше меня на голову, выправка умопомрачительная, обмундирование, какое мне и не снилось.\n(16)Я взялся за ручку двери.\n(17) – Ты куда? – грозно осведомился дежурный.\n(18) – В класс!\n(19) – Это чего ради? (20) К нам сейчас преподаватель придёт!\n(21) – Это я!\n(22) – Брось заливать! – начал дежурный, но вдруг осёкся, широко распахнул передо мной двери и от неожиданности гаркнул: «Встать! Руки вверх!» вместо «Встать! Смирно!».\n(23)Отделение, вскочившее со своих мест, рухнуло на скамью, давясь от хохота.\n(24)Растерявшись и видя перед собой аудиторию из одних бравых строевиков и блистательных красавиц, – так мне казалось – я, вместо того чтобы продемонстрировать на примерах, в чём состоит работа военного переводчика, сразу сказал:\n(25) – Сейчас я покажу вам, что я умею...\n(26)Тут у меня распустилась обмотка. (27)Я поставил ногу на табурет и начал обматывать ею ногу, но продолжал говорить:\n(28) – И этому научу вас!\n(29)Слушатели задохнулись от смеха.\n(30)«Всё погибло!» – подумал я с отчаянием.\n(31)Но отступать некуда. (32)Делая вид, что не слышу смеха, я приказал:\n(33) – Раскрыть любой устав на любом месте!\n(34)Дежурный раскрыл одну из синих книжек. (35)И я стал переводить с листа, сам себе приказав: «В темпе!» (36)Потом проделал то же самое с выхваченным наудачу трофейным приказом.(37)Особенно впечатлил слушателей перевод трофейного письма, написанного возрождённым в гитлеровские времена готическим шрифтом. (38)Непривычному он кажется иероглифами. (39)И наконец, не глядя на схему, отбарабанил структуру двух дивизий вермахта: пехотной и танковой.(40)Словом, я заставил своих учеников забыть и мою неприличную молодость, и гротескно-нелепое появление, и даже обмотки. (41)Но уж потом мне приходилось каждый день, не давая себе спуску и поблажки, быть, а значит, не заботиться о том, чтобы казаться.\n"}, "text": "Автор размышляет о том, как человек может заслужить уважение со стороны окружающих. Быть или казаться? Показать настоящего себя или только “оболочку”? Каждый человек индивидуален, идеальных людей не существует. Порой все хотят предстать перед публикой “во всей красе”. Всё ли идёт в эти важные моменты так, как именно желаем мы?\nС. Л. Львов, рассуждая о данной проблеме, вспоминает случай из личной жизни. Будучи юным, с “не бравым видом” и неопытным преподавателем, рассказчик обучал уже закончивших общевойсковые училище курсантов и студенток, призванных в армию. Писатель на собственном примере показывает, как внешний вид может испортить первое впечатление о человеке. Что же могло случиться в первый день преподавания? Как повлияла на авторитет юноши его одежда? Одежда С. Львова представляла собой \"более чем скромное обмундирование и ботинки с обмотками вместо сапог\". Ученики не воспринимали такого преподавателя всерьёз, и это вызывало определённые трудности у автора.\nНо и курсантов тоже можно ведь понять, прежде всего каждый из нас смотрит на то, как человек выглядит, как одевается, опрятен ли он. Поэтому и внешний вид является основой первого впечатления. Львов отмечает, что смог обратить на себя внимание учеников и завоевать уважение своими профессиональными данными, курсанты уже не столь заостряли внимание на “скромном обмундировании”. Автор утверждает, что внешность не главное. Важно то, что внутри каждого из нас, а значит нужно заботиться не о внешнем виде, а больше о внутреннем мире и знаниях, с помощью которых можно достичь высот. Писатель заставляет над этим задуматься и читателя.\nДанные примеры сумели показать читателю, как может повлиять на авторитет, на уважение то, как человек одет.\nС. Л. Львов ясно дает знать о своей позиции. Писатель призывает читателей стать увереннее в себе, верить в себя, в способности и указывает на то, что внешность не главное.\nС позицией автора я соглашусь, каждый человек является отдельной личностью, которая не обязана подражать кому-либо и казаться таким, каким его хочет видеть общественный мир. Поэтому не следует заострять внимание на внешнем виде человека. Ведь всё же встречают по одежке, а провожают по уму. Вспомним произведение И. С. Тугенева “Отцы и дети”, один из главных героев которого Базаров — будущий доктор, нигилист, прямолинейный человек — не верит в любовь, считает искусство пустой тратой времени. Как можно понять, Евгений не очень-то и самокритичен, ведь какой нужно обладать самооценкой, чтобы идти против годами сложившихся устоев общества и жить при этом без каких-либо принципов. Но следует ещё отметить, что внешний вид Базарова обманчив. Он неопрятен, не особо следит за собой, а за модой тем более, и одевается довольно просто, но Евгений “пришёл” к нигилизму сам, достиг уважения со стороны окружающих, проходя тернистый путь, преодолевая препятствия, осуждения со стороны окружающих его людей.\nТаким образом мы пришли к выводу, что вопрос “Быть или казаться?” является довольно сложным, но всё же мы сумели дать ответ. Быть собой, показывать истинные эмоции, чувства или казаться тем, кем хотят тебя видеть. Однозначно, быть и не заботиться о том, чтобы казаться.", "fileName": "0009417.json", "selections": [{"id": 0, "group": "error", "startSelection": 389, "endSelection": 391, "explanation": "", "tag": "REPLACE_из_их", "type": "А.лекс", "subtype": "конт", "comment": "", "correction": "их"}, {"id": 1, "group": "error", "startSelection": 422, "endSelection": 431, "explanation": "", "tag": "REPLACE_ne-razd-adj_ne-slit-adj", "type": "А.лекс", "subtype": "конт", "comment": "", "correction": "небравым"}, {"id": 2, "group": "error", "startSelection": 489, "endSelection": 522, "explanation": "Просторечие. Правильный вариант: \"окончить (оканчивать) учебное заведение\".", "tag": "Lexerr.doc 1411093157", "type": "А.лекс", "subtype": "конт", "comment": "", "correction": ""}, {"id": 3, "group": "error", "startSelection": 501, "endSelection": 514, "explanation": "Нет существительных, согласующихся с прилагательным {\"общевойсковые\"}.", "tag": "message.txt: 2:3", "type": "А.лекс", "subtype": "конт", "comment": "", "correction": ""}, {"id": 4, "group": "error", "startSelection": 478, "endSelection": 484, "explanation": "Повторение однокоренных слов.", "tag": "", "type": "Р.тавт", "subtype": "", "comment": "", "correction": ""}, {"id": 5, "group": "error", "startSelection": 515, "endSelection": 522, "explanation": "Повторение однокоренных слов.", "tag": "", "type": "Р.тавт", "subtype": "", "comment": "", "correction": ""}, {"id": 6, "group": "error", "startSelection": 626, "endSelection": 631, "explanation": "Повторение одного и того же слова в разных формах.", "tag": "", "type": "Р.повтор", "subtype": "", "comment": "", "correction": ""}, {"id": 7, "group": "error", "startSelection": 642, "endSelection": 648, "explanation": "Повторение одного и того же слова в разных формах.", "tag": "", "type": "Р.повтор", "subtype": "", "comment": "", "correction": ""}, {"id": 8, "group": "error", "startSelection": 680, "endSelection": 685, "explanation": "Повторение одного и того же слова в разных формах.", "tag": "", "type": "Р.повтор", "subtype": "", "comment": "", "correction": ""}, {"id": 9, "group": "error", "startSelection": 698, "endSelection": 704, "explanation": "Повторение одного и того же слова в разных формах.", "tag": "", "type": "Р.повтор", "subtype": "", "comment": "", "correction": ""}, {"id": 10, "group": "error", "startSelection": 1302, "endSelection": 1307, "explanation": "Слово, имеющее эмоциональную окраску и уместное в книжном стиле. Нейтральный аналог - \"настолько, до того\".", "tag": "Ustar.doc -1845280642", "type": "А.лекс", "subtype": "конт", "comment": "", "correction": ""}, {"id": 11, "group": "error", "startSelection": 1213, "endSelection": 1221, "explanation": "Повторение одного и того же слова.", "tag": "", "type": "Р.повтор", "subtype": "", "comment": "", "correction": ""}, {"id": 12, "group": "error", "startSelection": 1318, "endSelection": 1326, "explanation": "Повторение одного и того же слова.", "tag": "", "type": "Р.повтор", "subtype": "", "comment": "", "correction": ""}, {"id": 13, "group": "error", "startSelection": 1379, "endSelection": 1388, "explanation": "Повторение однокоренных слов.", "tag": "", "type": "Р.тавт", "subtype": "", "comment": "", "correction": ""}, {"id": 14, "group": "error", "startSelection": 1469, "endSelection": 1476, "explanation": "Повторение однокоренных слов.", "tag": "", "type": "Р.тавт", "subtype": "", "comment": "", "correction": ""}, {"id": 15, "group": "error", "startSelection": 1602, "endSelection": 1610, "explanation": "Повторение одного и того же слова в разных формах.", "tag": "", "type": "Р.повтор", "subtype": "", "comment": "", "correction": ""}, {"id": 16, "group": "error", "startSelection": 1643, "endSelection": 1651, "explanation": "Повторение одного и того же слова в разных формах.", "tag": "", "type": "Р.повтор", "subtype": "", "comment": "", "correction": ""}, {"id": 17, "group": "error", "startSelection": 1784, "endSelection": 1793, "explanation": "Повторение одного и того же слова в разных формах.", "tag": "", "type": "Р.повтор", "subtype": "", "comment": "", "correction": ""}, {"id": 18, "group": "error", "startSelection": 1812, "endSelection": 1816, "explanation": "Повторение одного и того же слова в разных формах.", "tag": "", "type": "Р.повтор", "subtype": "", "comment": "", "correction": ""}, {"id": 19, "group": "error", "startSelection": 1827, "endSelection": 1831, "explanation": "Повторение одного и того же слова в разных формах.", "tag": "", "type": "Р.повтор", "subtype": "", "comment": "", "correction": ""}, {"id": 20, "group": "error", "startSelection": 2041, "endSelection": 2047, "explanation": "Повторение однокоренных слов.", "tag": "", "type": "Р.тавт", "subtype": "", "comment": "", "correction": ""}, {"id": 21, "group": "error", "startSelection": 2115, "endSelection": 2119, "explanation": "Повторение однокоренных слов.", "tag": "", "type": "Р.тавт", "subtype": "", "comment": "", "correction": ""}, {"id": 22, "group": "error", "startSelection": 2578, "endSelection": 2585, "explanation": "Повторение однокоренных слов.", "tag": "", "type": "Р.тавт", "subtype": "", "comment": "", "correction": ""}, {"id": 23, "group": "error", "startSelection": 2658, "endSelection": 2664, "explanation": "Повторение однокоренных слов.", "tag": "", "type": "Р.тавт", "subtype": "", "comment": "", "correction": ""}, {"id": 24, "group": "error", "startSelection": 2782, "endSelection": 2789, "explanation": "Повторение одного и того же слова.", "tag": "", "type": "Р.повтор", "subtype": "", "comment": "", "correction": ""}, {"id": 25, "group": "error", "startSelection": 2790, "endSelection": 2800, "explanation": "Повторение одного и того же слова.", "tag": "", "type": "Р.повтор", "subtype": "", "comment": "", "correction": ""}, {"id": 26, "group": "error", "startSelection": 2802, "endSelection": 2809, "explanation": "Повторение однокоренных слов.", "tag": "", "type": "Р.тавт", "subtype": "", "comment": "", "correction": ""}, {"id": 27, "group": "error", "startSelection": 2864, "endSelection": 2871, "explanation": "Повторение одного и того же слова.", "tag": "", "type": "Р.повтор", "subtype": "", "comment": "", "correction": ""}, {"id": 28, "group": "error", "startSelection": 2872, "endSelection": 2882, "explanation": "Повторение одного и того же слова.", "tag": "", "type": "Р.повтор", "subtype": "", "comment": "", "correction": ""}, {"id": 29, "group": "error", "startSelection": 2911, "endSelection": 2931, "explanation": "В формальном тексте может быть предпочтителен более книжный вариант: «прийти к выводу о том, что...».", "tag": "", "type": "Г.СЛОЖН", "subtype": null, "comment": "", "correction": ""}, {"id": 30, "group": "error", "startSelection": 2911, "endSelection": 2917, "explanation": "Повторение однокоренных слов.", "tag": "", "type": "Р.тавт", "subtype": "", "comment": "", "correction": ""}, {"id": 31, "group": "error", "startSelection": 3071, "endSelection": 3079, "explanation": "Повторение одного и того же слова.", "tag": "", "type": "Р.повтор", "subtype": "", "comment": "", "correction": ""}, {"id": 32, "group": "error", "startSelection": 3154, "endSelection": 3162, "explanation": "Повторение одного и того же слова.", "tag": "", "type": "Р.повтор", "subtype": "", "comment": "", "correction": ""}, {"id": 34, "group": "meaning", "startSelection": 0, "endSelection": 83, "type": "ПРОБЛЕМА", "subtype": "", "explanation": "", "correction": "", "tag": "", "comment": ""}, {"id": 35, "group": "meaning", "startSelection": 329, "endSelection": 565, "type": "ПРИМЕР", "subtype": "", "explanation": "", "correction": "", "tag": "", "comment": ""}, {"id": 36, "group": "meaning", "startSelection": 566, "endSelection": 672, "type": "ПОЗИЦИЯ", "subtype": "", "explanation": "", "correction": "", "tag": "", "comment": ""}, {"id": 37, "group": "meaning", "startSelection": 673, "endSelection": 767, "type": "ПОЯСНЕНИЕ", "subtype": "", "explanation": "", "correction": "", "tag": "", "comment": ""}, {"id": 38, "group": "meaning", "startSelection": 768, "endSelection": 977, "type": "ПРИМЕР", "subtype": "", "explanation": "", "correction": "", "tag": "", "comment": ""}, {"id": 39, "group": "meaning", "startSelection": 978, "endSelection": 1611, "type": "ПОЗИЦИЯ", "subtype": "", "explanation": "", "correction": "", "tag": "", "comment": ""}, {"id": 40, "group": "meaning", "startSelection": 1720, "endSelection": 1891, "type": "ПОЗИЦИЯ", "subtype": "", "explanation": "", "correction": "", "tag": "", "comment": ""}, {"id": 41, "group": "meaning", "startSelection": 1892, "endSelection": 2893, "type": "ОТНОШЕНИЕ", "subtype": "", "explanation": "", "correction": "", "tag": "", "comment": ""}]}