{"meta": {"uuid": "c00de14e-4106-4be0-bbec-be80242e4ea8", "id": "0009574", "name": "0009574_ru_rus_problema_roli_detskih_vospominaniy_noexp.txt", "subject": "rus", "test": "егэ тренировка", "category": "", "year": 2020, "class": "11", "theme": "Проблема роли детских воспоминаний (По тексту Д. А. Гранина)", "taskText": "(1)Я стоял у окна вагона, бесцельно глядя на бегущий мимо пейзаж, на полустанки и маленькие станции, дощатые домики с названиями черным по белому, которые не всегда успевал прочитывать, да и зачем. (2)Поля, перелески, столбы, волны проводов, стога сена, кусты, просёлки — и так час за часом. (3)Рядом, у следующего окна, стоял мальчик. (4)Он смотрел неотрывно. (5)Мать позвала его в купе, он схватил бутерброд и снова прилип к стеклу. (6)Она попробовала усадить его к окну в купе, но он не согласился. (7)3десь, в коридоре, ему никто не мешал, он был безраздельным хозяином своей подвижной картины. (8)Я уходил, разговаривал со своими спутниками, возвращался и заставал его в той же позе. (9)Что он там высматривал, как ему не надоело, ведь это было совершенно бессюжетное зрелище, не то что экран телевизора. (10)Теперь я смотрел не в окно, а на него. (11)Кого-то он мне напоминал. (12)Ну конечно, та же поза, те же грязноватые стёкла. (13)Они-то и помогли мне вспомнить мои детские путевые бдения. (14)С той же жадностью и я ведь простаивал часами перед теми же стёклами, заворожённый мельканием путевых картин. (15)Оттуда, не из близи, несущейся навстречу, а из далей, еле плывущих, почти недвижимых пространств, из лесной каймы на горизонте, серых туманных полей возвращались устремлённые к ним детские мечтания. (16)В тех смутных, расплывчатых картинах я был путешественником, был охотником и одновременно медведем, был журавлём, шагающим по болоту...\n(17) Бесконечная смена берёзок, елей, лесных проталин, деревень, пашен — и снова лес, просеки, изгороди — всё это тогда почему-то не усыпляло, а возбуждало воображение.\n(18) Я растворялся в огромности этой земли, она входила в сознание, откладывалась на всю жизнь. (19)Спустя десятилетия у окна поезда, постукивающего по рельсам Германии, а то и Китая, где каждый клочок обработан, откосы железнодорожных насыпей сплошь засеяны, в моём восприятии присутствовали впитанные детской душой просторы, эти стояния у окна.\n(20)Вдруг в бесформенной зыбкости воспоминаний, глядящих из закатного окна, обозначилось что-то. (21)Это был мужик, огромный, в жёлтой рубахе, с колом в руках. (22)Смутно вспомнились станционный палисадник, несколько телег, лошади с холщовыми торбами на мордах. (23)Но всё это: и привокзальная площадь с деревянными мостками, и перрон, и станционный колокол — всё было как бы задником, а впереди, подняв кол, мужик бежал за пареньком, который, прикрыв голову руками, мчался вдоль перрона по ходу поезда. (24)Он бежал, прихрамывая, лицо его было обращено к вагонам, на какой-то миг глаза наши встретились. (25)Ужас был в его взгляде, крик о помощи, а перрон был пуст, мне показалось, что я единственный человек, единственный свидетель, которого он увидел; я наклонился к краю рамы, но в окно уже вошли огороды с чучелами, шлагбаум, и станция исчезла, как исчезали все другие станции. (26)Догонит ли его этот с колом, что будет с ним, за что он его так — ничего этого я никогда не узнаю. (27)Помню своё отчаяние, которое росло оттого, что поезд не останавливается, мчится всё дальше, а там, может, парня догнали и бьют, и никто этого не видит, не знает, и я не могу никого позвать, показать. (28)Кажется, я действительно закричал, побежал к отцу, который был в купе, никто ничего не понял из моих объяснений, и я понял, что ничего не могу им объяснить. (29)Кажется, так оно было, но с уверенностью не могу сказать, да и какое это имеет значение. (30)Значение же имели огромные глаза этого паренька, мужика того я узнал бы, а от парня остались только ужас, заполнивший всё окно, и невозможность вмешаться, помочь, закричать. (31 )И опять пошли перелески, колыхания проводов, песчаные тропки в зелёной траве, голубые поля льна, серебряные — овсов, красные — гречихи, золотистые — ржи, сизые — капусты, ельники, клевера, рыжие стада — огромный мир, который заботливо старался смыть ту случайную картинку. (32)Она затерялась в памяти. (33)Но сейчас, глядя в такое же пыльное, в грязных потёках окно, я с завистью вспомнил своё мальчишеское отчаяние.\n"}, "text": "То, какими мы становимся, начинает формироваться в нас с самого детства. Ребенок — очень впечатлительная натура, а значит детские воспоминания — самые яркие. Обладая большой эмоциональной силой, детские воспоминания переносят нас в далекое прошлое, погружают в тот далекий беззаботный мир детства. Именно проблему роли детских воспоминаний и поднимает Д. А. Гранин в данном тексте.\nРассуждая над проблемой, автор описывает случай из своей жизни, произошедший во время одного из путешествий. Однажды, наблюдая за мелькающими в окне вагона пейзажами, у соседнего окна он увидел мальчика, неотрывно следившего за проносящимися видами. В этом мальчике рассказчик тотчас узнал себя: «с той же жадностью и я ведь простаивал часами перед теми же стеклами, завороженный мельканием путевых картин». Используя указательные местоимения, автор сравнивает себя с ним, и это пробуждает в нем детские воспоминания.. Казалось, они давно затерялись в памяти и могли лишь смутно отзываться неразборчивыми отголосками, но, как ни странно, теперь всё было достаточно четким. В своём воображении автор представил картину, которую довелось ему, маленькому мальчику, наблюдать много лет назад. В бесформенной зыбкости воспоминаний вдруг ярко вспыхнули события, так поразившие его. Он снова, будто наяву, увидел мужика в желтой рубахе, гнавшегося за пареньком, мчавшимся вдоль перрона. И снова он почувствовал ту безысходность, то отчаяние, ему вспомнился ужас в глазах паренька, заполнивший все окно. Эти впечатления были настолько яркими, что, несмотря на прошедшее время, рассказчик будто бы вновь испытал их.\nПозиция автора заключается в следующем: детские воспоминания ярко отпечатываются в человеческой памяти, оставаясь в ней навсегда. Они могут затеряться, запылиться, но никогда не забудутся. Впечатления, полученные человеком в детстве формируют его личность, становятся опорой его жизненных взглядов.\nЯ согласна с мнением автора. О важности детских воспоминаний так же рассуждает\nЛ. Н. Толстой в трилогии «Детство», «Отрочество», «Юность». Главный герой, Николенька, так же предается воспоминаниям. В первой книге он делится воспоминаниями о детстве, о маме, об окружающем его мире. Этот мир детства показан как самый счастливый этап его жизни. Но в последующих книгах персонаж взрослеет, в его жизни происходит много событий. Он теряет мать, переезжает в другой город. В его взрослой жизни уже не все люди относятся к нему с такой теплотой, как в детстве, но воспоминания греют его душу и помогают справиться с трудностями.\nТаким образом, можно сделать вывод: детские воспоминания сопровождают нас на протяжении всей нашей жизни, они способны поддержать нас в тяжелые моменты, перенести в лучшие времена, помочь сделать нелегкий выбор. Именно детские впечатления играют ключевую роль в нашей дальнейшей жизни.", "fileName": "0009574.json", "selections": [{"id": 0, "group": "error", "startSelection": 130, "endSelection": 142, "explanation": "Повторение одного и того же слова в разных формах.", "tag": "", "type": "Р.повтор", "subtype": "", "comment": "", "correction": ""}, {"id": 1, "group": "error", "startSelection": 203, "endSelection": 215, "explanation": "Повторение одного и того же слова в разных формах.", "tag": "", "type": "Р.повтор", "subtype": "", "comment": "", "correction": ""}, {"id": 2, "group": "error", "startSelection": 232, "endSelection": 239, "explanation": "Повторение одного и того же слова в разных формах.", "tag": "", "type": "Р.повтор", "subtype": "", "comment": "", "correction": ""}, {"id": 3, "group": "error", "startSelection": 265, "endSelection": 272, "explanation": "Повторение одного и того же слова в разных формах.", "tag": "", "type": "Р.повтор", "subtype": "", "comment": "", "correction": ""}, {"id": 4, "group": "error", "startSelection": 327, "endSelection": 339, "explanation": "Повторение одного и того же слова в разных формах.", "tag": "", "type": "Р.повтор", "subtype": "", "comment": "", "correction": ""}, {"id": 5, "group": "error", "startSelection": 382, "endSelection": 405, "explanation": "Рассуждать можно «о чем-то», но не «над чем-то».", "tag": "", "type": "Г.УПР", "subtype": null, "comment": "", "correction": ""}, {"id": 6, "group": "error", "startSelection": 433, "endSelection": 444, "explanation": "Слово «свой» применительно к жизни часто избыточно, поскольку жизнь у человека всегда «своя».", "tag": "", "type": "Р.ЛИШН", "subtype": "лишн", "comment": "", "correction": ""}, {"id": 7, "group": "error", "startSelection": 446, "endSelection": 458, "explanation": "Повторение однокоренных слов.", "tag": "", "type": "Р.тавт", "subtype": "", "comment": "", "correction": ""}, {"id": 8, "group": "error", "startSelection": 478, "endSelection": 489, "explanation": "Повторение однокоренных слов.", "tag": "", "type": "Р.тавт", "subtype": "", "comment": "", "correction": ""}, {"id": 9, "group": "error", "startSelection": 526, "endSelection": 530, "explanation": "Повторение одного и того же слова в разных формах.", "tag": "", "type": "Р.повтор", "subtype": "", "comment": "", "correction": ""}, {"id": 10, "group": "error", "startSelection": 561, "endSelection": 565, "explanation": "Повторение одного и того же слова в разных формах.", "tag": "", "type": "Р.повтор", "subtype": "", "comment": "", "correction": ""}, {"id": 11, "group": "error", "startSelection": 569, "endSelection": 575, "explanation": "Повторение однокоренных слов.", "tag": "", "type": "Р.тавт", "subtype": "", "comment": "", "correction": ""}, {"id": 12, "group": "error", "startSelection": 576, "endSelection": 584, "explanation": "Повторение одного и того же слова в разных формах.", "tag": "", "type": "Р.повтор", "subtype": "", "comment": "", "correction": ""}, {"id": 13, "group": "error", "startSelection": 624, "endSelection": 630, "explanation": "Повторение однокоренных слов.", "tag": "", "type": "Р.тавт", "subtype": "", "comment": "", "correction": ""}, {"id": 14, "group": "error", "startSelection": 639, "endSelection": 647, "explanation": "Повторение одного и того же слова в разных формах.", "tag": "", "type": "Р.повтор", "subtype": "", "comment": "", "correction": ""}, {"id": 15, "group": "error", "startSelection": 898, "endSelection": 900, "explanation": "Неверное сочетание знаков препинания.", "tag": "message.txt: 4:0", "type": "А.лекс", "subtype": "конт", "comment": "", "correction": ""}, {"id": 16, "group": "error", "startSelection": 1261, "endSelection": 1266, "explanation": "Повторение одного и того же слова.", "tag": "", "type": "Р.повтор", "subtype": "", "comment": "", "correction": ""}, {"id": 17, "group": "error", "startSelection": 1326, "endSelection": 1335, "explanation": "Повторение одного и того же слова в разных формах.", "tag": "", "type": "Р.повтор", "subtype": "", "comment": "", "correction": ""}, {"id": 18, "group": "error", "startSelection": 1364, "endSelection": 1369, "explanation": "Повторение одного и того же слова.", "tag": "", "type": "Р.повтор", "subtype": "", "comment": "", "correction": ""}, {"id": 19, "group": "error", "startSelection": 1389, "endSelection": 1402, "explanation": "Повторение однокоренных слов.", "tag": "", "type": "Р.тавт", "subtype": "", "comment": "", "correction": ""}, {"id": 20, "group": "error", "startSelection": 1446, "endSelection": 1454, "explanation": "Повторение одного и того же слова в разных формах.", "tag": "", "type": "Р.повтор", "subtype": "", "comment": "", "correction": ""}, {"id": 21, "group": "error", "startSelection": 1509, "endSelection": 1515, "explanation": "Повторение одного и того же слова в разных формах.", "tag": "", "type": "Р.повтор", "subtype": "", "comment": "", "correction": ""}, {"id": 22, "group": "error", "startSelection": 1534, "endSelection": 1543, "explanation": "Повторение однокоренных слов.", "tag": "", "type": "Р.тавт", "subtype": "", "comment": "", "correction": ""}, {"id": 23, "group": "error", "startSelection": 1650, "endSelection": 1654, "explanation": "Повторение одного и того же слова в разных формах.", "tag": "", "type": "Р.повтор", "subtype": "", "comment": "", "correction": ""}, {"id": 24, "group": "error", "startSelection": 1832, "endSelection": 1835, "explanation": "Повторение одного и того же слова.", "tag": "", "type": "Р.повтор", "subtype": "", "comment": "", "correction": ""}, {"id": 25, "group": "error", "startSelection": 1864, "endSelection": 1867, "explanation": "Повторение одного и того же слова.", "tag": "", "type": "Р.повтор", "subtype": "", "comment": "", "correction": ""}, {"id": 26, "group": "error", "startSelection": 1949, "endSelection": 1955, "explanation": "", "tag": "REPLACE_то+же_тоже", "type": "А.лекс", "subtype": "конт", "comment": "", "correction": "также"}, {"id": 27, "group": "error", "startSelection": 1936, "endSelection": 1948, "explanation": "Повторение одного и того же слова в разных формах.", "tag": "", "type": "Р.повтор", "subtype": "", "comment": "", "correction": ""}, {"id": 28, "group": "error", "startSelection": 1949, "endSelection": 1952, "explanation": "Повторение одного и того же слова.", "tag": "", "type": "Р.повтор", "subtype": "", "comment": "", "correction": ""}, {"id": 29, "group": "error", "startSelection": 2054, "endSelection": 2057, "explanation": "Повторение одного и того же слова.", "tag": "", "type": "Р.повтор", "subtype": "", "comment": "", "correction": ""}, {"id": 30, "group": "error", "startSelection": 2071, "endSelection": 2084, "explanation": "Повторение одного и того же слова в разных формах.", "tag": "", "type": "Р.повтор", "subtype": "", "comment": "", "correction": ""}, {"id": 31, "group": "error", "startSelection": 2112, "endSelection": 2126, "explanation": "Повторение одного и того же слова в разных формах.", "tag": "", "type": "Р.повтор", "subtype": "", "comment": "", "correction": ""}, {"id": 32, "group": "error", "startSelection": 2160, "endSelection": 2163, "explanation": "Повторение одного и того же слова.", "tag": "", "type": "Р.повтор", "subtype": "", "comment": "", "correction": ""}, {"id": 33, "group": "error", "startSelection": 2221, "endSelection": 2224, "explanation": "Повторение одного и того же слова.", "tag": "", "type": "Р.повтор", "subtype": "", "comment": "", "correction": ""}, {"id": 34, "group": "error", "startSelection": 2447, "endSelection": 2459, "explanation": "Повторение одного и того же слова.", "tag": "", "type": "Р.повтор", "subtype": "", "comment": "", "correction": ""}, {"id": 35, "group": "error", "startSelection": 2541, "endSelection": 2546, "explanation": "Повторение однокоренных слов.", "tag": "", "type": "Р.тавт", "subtype": "", "comment": "", "correction": ""}, {"id": 36, "group": "error", "startSelection": 2556, "endSelection": 2568, "explanation": "Повторение одного и того же слова.", "tag": "", "type": "Р.повтор", "subtype": "", "comment": "", "correction": ""}, {"id": 37, "group": "error", "startSelection": 2569, "endSelection": 2581, "explanation": "Повторение однокоренных слов.", "tag": "", "type": "Р.тавт", "subtype": "", "comment": "", "correction": ""}, {"id": 38, "group": "error", "startSelection": 2582, "endSelection": 2585, "explanation": "Повторение одного и того же слова.", "tag": "", "type": "Р.повтор", "subtype": "", "comment": "", "correction": ""}, {"id": 39, "group": "error", "startSelection": 2642, "endSelection": 2645, "explanation": "Повторение одного и того же слова.", "tag": "", "type": "Р.повтор", "subtype": "", "comment": "", "correction": ""}, {"id": 41, "group": "meaning", "startSelection": 73, "endSelection": 381, "type": "ПРОБЛЕМА", "subtype": "", "explanation": "", "correction": "", "tag": "", "comment": ""}, {"id": 42, "group": "meaning", "startSelection": 382, "endSelection": 490, "type": "ПРИМЕР", "subtype": "", "explanation": "", "correction": "", "tag": "", "comment": ""}, {"id": 43, "group": "meaning", "startSelection": 491, "endSelection": 631, "type": "ПОЯСНЕНИЕ", "subtype": "", "explanation": "", "correction": "", "tag": "", "comment": ""}, {"id": 44, "group": "meaning", "startSelection": 632, "endSelection": 789, "type": "ПРИМЕР", "subtype": "", "explanation": "", "correction": "", "tag": "", "comment": ""}, {"id": 45, "group": "meaning", "startSelection": 790, "endSelection": 1588, "type": "ПОЯСНЕНИЕ", "subtype": "", "explanation": "", "correction": "", "tag": "", "comment": ""}, {"id": 46, "group": "meaning", "startSelection": 1589, "endSelection": 1887, "type": "ПОЗИЦИЯ", "subtype": "", "explanation": "", "correction": "", "tag": "", "comment": ""}, {"id": 47, "group": "meaning", "startSelection": 1888, "endSelection": 2511, "type": "ОТНОШЕНИЕ", "subtype": "", "explanation": "", "correction": "", "tag": "", "comment": ""}]}