{"meta": {"uuid": "6bd4cfb7-a37c-4b08-a613-6d32fec80ae9", "id": "0009786", "name": "0009786_ru_rus_vliyanie_cheloveka_na_prirodu_noexp.txt", "subject": "rus", "test": "егэ тренировка", "category": "", "year": 2020, "class": "11", "theme": "Влияние человека на природу (По тексту В.Б. Чернова)", "taskText": "(1)В деревне, где я рос, была необыкновенная трава. (2)Вроде клевера, но листочки махонькие и узкие. (3)И стебель весь мохнат ими. (4)И так густо росли стебли, и так высоко поднимались они, что мы, ребятня, играя в прятки, никуда, бывалоча, и не бежали, а так, отойдёшь от места шагов десять, нырь в траву, и лежи хоть до завтра, не найдут, пока не откликнешься. (5)А откликаться не хотелось, так пружинила под спиной эта трава, так благоухало в ней жаркое лето. (6)Трава заливала улицу от одних завалинок до других, лишь кое-где пробивали её натоптанные вкрутую белые тропки. (7)Тропки и в дождь только чуть темнели, но ни упругости своей, ни чистоты не теряли. (8)Шли к колодцам. (9)3амшелые стояли колодцы, а вода в них была слаще молока.\n(10)Деревня наша Михайловка пошла из выселков. (11)Женились, выходили из отцовских хозяйств молодые всё мужики да бабы, селились на свежей чистой земле, рубили избы, ставили себе новую деревню. (12)Лежала она в излучине светленькой речки Рпени, за речкой заливные луга, а в другом конце, на взгорке, построило общество школу, обсадило берёзками. (13)Высоченные, до земли завесив дремучими космами дебелую наготу, стояли они вокруг тесовой с выскобленным крыльцом школы, безмятежно взирая вокруг, и место это было над местностью главным.\n(14)Да и вся деревня была в берёзках, и мы, малыши, в тёплые майские вечера ловили жуков, жужжащих в тёмной путанице берёзовых подзоров. (15)Ловили обтёрханными ватниками, в которых гуляли до ночи, подвернув рукава, а полы — до пяток. (16)Взмахнув ватником, сшибали толстых янтарных жуков. (17)В траве мы исхитрялись прочищать пятачки для городков, но чуть изменяли игре — не могли уже отыскать пятачков, зарастали наглухо. (18)Как всё ушло? (19)Куда? (20)Когда? (21)Тогда ли, когда выстроились возле граммофонный завод и похожие на заброшенные конюшни бараки? (22)Кораблями выставил город два багровых четырёхэтажных дома. (23)3ахваченное ими место называлось Фубра.\n(24)В школу, где было всего два класса, пришли худые, горластые ребятишки. (25)Они начали бить нас, деревенских увальней, сразу же. (26)Было их раз в десять больше, и нападали они ватагой. (27)И как ни здоровы были мы, выросшие на молоке и немереном хлебе, количество всегда одолевало качество. (28)Мы, десяток деревенских, привыкшие объединяться лишь для игр, научились сбиваться для драк.\n(29)Распадались хозяйства, парни уходили в город. (30)В домах селились приезжие. (31)0днажды начали ломать несколько домов на нашем конце, и прямо поперёк улицы улеглась высоченная, выше домов насыпь, поверху проложили рельсы. (32)Насыпь опоясала деревню, отгородила её от речки, через деревню поехали самосвалы с глиной. (33)Глина завалила улицу от ворот до ворот, она мокла и к осени стала топью. (34)Колодцы снесли, потом построили новые, из досок. (35)Вода в них стала тухлой, в ней плавали консервные банки. (36)Сады позади домов прорезал забор, поднялись ня углях его вышки, в них засели вооружённые люди: за забором заключённые строили завод.\n(37)Над деревней по насыпи засвистали паровозы. (38)3авод подымался, из-за забора глядел на деревню новорождёнными бессмысленными глазами, и в речку уже текли первые его отходы. (39)Купаться в ней стало нельзя, речка стала болотом. (40)Рыба куда-то ушла.\n(41)И совсем исчезла трава. (42)Пропала под глиной, будто её и не было.\n(43)Отсутствия её за другими бедами не заметили. (44)Ну пропала и пропала. (45)Иногда только вспоминали, хвастая перед захожими: а ведь и у нас тут трава была, вот здесь вот, везде, ей-богу, была трава, вот трава так трава, нигде такой не было травы. (46)Но захожие были всё люди торопливые, было им не до травы, да и в самом деле, мало ли трав на свете.\n(47)Через несколько лет, как улежалась, стала глина прорастать кой-где осочкой. (48)Жёсткая, бурая росла осочка, откуда только взялась. (49)А уже пилили деревья. (50)Всё было кончено.\n(51)Когда я уехал, возвращаться не собирался, но совсем недавно попал на старое место, так уж вышло. (52)И увидел в самом центре гудящего, всё ещё ползущего вширь завода облачко зелени. (53)Там стояли дома, которые не тронули за ненадобностью. (54)Уцелело несколько берёз. (55)Они согнулись, были черны и голы. (56)Густое облако зелени шло от новеньких тополей. (57)Модные деревья, жирненькие коротышки, втыкали в небо опиленные культи и зеленели жадно, стараясь захватить побольше пространства. (58)Как плесень, устилал всё вокруг бесплодный их пух.\n(59)Стоял и дедовский дом. (60)Стоял полуразваленный, накренившийся. (61 )И резная труба на крыше проржавела насквозь. (62)И медный петух на ней свалился набок. (63)Ремонт тут был ни к чему. (64)А у забора я увидел несколько кустиков травы. (65)Трава редка была, низка. (66)И это была та самая трава.\n"}, "text": "Со временем многие деревни превращаются в города. Города поглощают в себе чистые деревни, меняя их природу.\nОбразуя, все больше и больше городов, постепенно меняется природа. Воздух уже не такой свежий и чистый,а загрязнён тяжелыми металлами и вредными газами, почва не плодородна и наполнена химическими соединениями, деревья и кусты не такие зеленые и крона уже не пышная. Все это связанно с увеличением городов, в которых преимущественны фабрики и заводы. Именно они загрязняют природу. О такой проблеме повествует нам В.Б Чернов в своем тексте.\nДействительно, в современном мире тема загрязнения окружающей среды актуальна и требует больше предприятия усилий.\nАвтор повествует нам историю о свой деревне. Для строительства железной дороги требовалась глина, которая привела к тому,что \"совсем исчезла трава.Пропала под глиной, будто её и не было.\" В отличие от старых колодцах, в новых \"Вода в них стала тухлой, в ней плавали консервные банки. \" Завод загрязнял не только воздух, но и реку \"3авод подымался, из-за забора глядел на деревню новорождёнными бессмысленными глазами, и в речку уже текли первые его отходы.Купаться в ней стало нельзя, речка стала болотом. Рыба куда-то ушла.\" Влияние человека на природу становится губительным и приводит к глобальным проблемам.\nПисатель по случайности попал в свою деревню через некоторое время. Он понимал,что все кончено взглянув на дедовский дом, который был полуразвален. Обратив внимание на траву около забора увидел \"несколько кустиков травы. Трава редка была, низка. И это была та самая трава.\" Завод так же работал, но в \"центре гудящего, всё ещё ползущего вширь завода облачко зелени.\" Безразличие людей привело к разрушению деревни, невнимательность к таким мелочам даже как трава \"Отсутствия её за другими бедами не заметили.Ну пропала и пропала.\" привело к таким последствиям.\nОба примера показывают нам позицию автора, в которой приводятся примеры к чему приводят строительства заводов и железных дорог, невнимательность и безразличие людей.\nС позицией автора я согласна, ведь загрязняя окружающую среду, мы вредим сами себе. Не задумываемся о последствиях, какие проблемы возникнут и какие пути их решения.\nРаспутин в повести «Прощание с Матёрой» показывает нам пример, как люди сопротивляются строительству электростанции. Дуб-символ деревни, но его хотели спилить для строительства плотины.Это был сильный удар для жителей Матеры.Павел понимает, что без техники сложно будет, но любовь к деревне и нежелание портить ее природу превыше всего.\nДля уменьшения загрязнения природы нужно начать с себя, меньше кидать бумажки на землю, удобрять почву, сажать новые деревья, рационально использовать воду и другие ресурсы. Начав со своих поступков, экологических проблем станет меньше.", "fileName": "0009786.json", "selections": [{"id": 0, "group": "error", "startSelection": 19, "endSelection": 26, "explanation": "Повторение одного и того же слова.", "tag": "", "type": "Р.повтор", "subtype": "", "comment": "", "correction": ""}, {"id": 1, "group": "error", "startSelection": 42, "endSelection": 48, "explanation": "Повторение одного и того же слова в разных формах.", "tag": "", "type": "Р.повтор", "subtype": "", "comment": "", "correction": ""}, {"id": 2, "group": "error", "startSelection": 69, "endSelection": 73, "explanation": "", "tag": "REPLACE_себе_селе", "type": "А.лекс", "subtype": "конт", "comment": "", "correction": "селе"}, {"id": 3, "group": "error", "startSelection": 50, "endSelection": 56, "explanation": "Повторение одного и того же слова в разных формах.", "tag": "", "type": "Р.повтор", "subtype": "", "comment": "", "correction": ""}, {"id": 4, "group": "error", "startSelection": 81, "endSelection": 88, "explanation": "Повторение одного и того же слова.", "tag": "", "type": "Р.повтор", "subtype": "", "comment": "", "correction": ""}, {"id": 5, "group": "error", "startSelection": 90, "endSelection": 95, "explanation": "Повторение однокоренных слов.", "tag": "", "type": "Р.тавт", "subtype": "", "comment": "", "correction": ""}, {"id": 6, "group": "error", "startSelection": 137, "endSelection": 144, "explanation": "Повторение одного и того же слова в разных формах.", "tag": "", "type": "Р.повтор", "subtype": "", "comment": "", "correction": ""}, {"id": 7, "group": "error", "startSelection": 157, "endSelection": 165, "explanation": "Повторение однокоренных слов.", "tag": "", "type": "Р.тавт", "subtype": "", "comment": "", "correction": ""}, {"id": 8, "group": "error", "startSelection": 210, "endSelection": 212, "explanation": "Не хватает пробела.", "tag": "message.txt: 4:0", "type": "А.лекс", "subtype": "конт", "comment": "", "correction": ", а"}, {"id": 9, "group": "error", "startSelection": 383, "endSelection": 391, "explanation": "", "tag": "REPLACE_нн_н", "type": "А.лекс", "subtype": "конт", "comment": "", "correction": "связано"}, {"id": 10, "group": "error", "startSelection": 507, "endSelection": 521, "explanation": "Указание на адресата «повествования» обычно излишне.", "tag": "", "type": "Р.СОЧЕТ", "subtype": null, "comment": "", "correction": ""}, {"id": 11, "group": "error", "startSelection": 533, "endSelection": 547, "explanation": "Слово «свой» в контекстах вроде «писатель в своём тексте рассказывает...» избыточно.", "tag": "", "type": "Р.ЛИШН", "subtype": "лишн", "comment": "", "correction": ""}, {"id": 12, "group": "error", "startSelection": 670, "endSelection": 692, "explanation": "«Повествуют» о чём-либо. Историю, случай, разговор и т. п. «излагают», «рассказывают» или «пересказывают».", "tag": "", "type": "Г.УПР", "subtype": "упр", "comment": "", "correction": ""}, {"id": 13, "group": "error", "startSelection": 681, "endSelection": 684, "explanation": "Указание на адресата «повествования» обычно излишне.", "tag": "", "type": "Р.СОЧЕТ", "subtype": null, "comment": "", "correction": ""}, {"id": 14, "group": "error", "startSelection": 784, "endSelection": 786, "explanation": "Не хватает пробела.", "tag": "message.txt: 4:0", "type": "А.лекс", "subtype": "конт", "comment": "", "correction": ", ч"}, {"id": 15, "group": "error", "startSelection": 810, "endSelection": 812, "explanation": "Не хватает пробела.", "tag": "message.txt: 4:0", "type": "А.лекс", "subtype": "конт", "comment": "", "correction": ". П"}, {"id": 16, "group": "error", "startSelection": 849, "endSelection": 851, "explanation": "Перед закрывающей кавычкой не ставится точка, за исключением случая с сокращением. Точку, обозначающую конец предложения, ставят после закрывающей кавычки.", "tag": "message.txt: 4:0", "type": "А.лекс", "subtype": "конт", "comment": "", "correction": ""}, {"id": 17, "group": "error", "startSelection": 755, "endSelection": 760, "explanation": "Повторение одного и того же слова в разных формах.", "tag": "", "type": "Р.повтор", "subtype": "", "comment": "", "correction": ""}, {"id": 18, "group": "error", "startSelection": 823, "endSelection": 829, "explanation": "Повторение одного и того же слова в разных формах.", "tag": "", "type": "Р.повтор", "subtype": "", "comment": "", "correction": ""}, {"id": 19, "group": "error", "startSelection": 872, "endSelection": 880, "explanation": "Нет предлога перед существительным {\"колодцах\"}, находящимся в предложном падеже. Возможно, потерян предлог или имеется ошибка в окончании.", "tag": "message.txt: 2:5", "type": "А.лекс", "subtype": "конт", "comment": "", "correction": ""}, {"id": 20, "group": "error", "startSelection": 995, "endSelection": 1000, "explanation": "Слово содержит русские буквы и цифры вперемешку.", "tag": "message.txt: 1:0", "type": "А.лекс", "subtype": "конт", "comment": "", "correction": ""}, {"id": 21, "group": "error", "startSelection": 1119, "endSelection": 1121, "explanation": "Не хватает пробела.", "tag": "message.txt: 4:0", "type": "А.лекс", "subtype": "конт", "comment": "", "correction": ". К"}, {"id": 22, "group": "error", "startSelection": 989, "endSelection": 993, "explanation": "Повторение однокоренных слов.", "tag": "", "type": "Р.тавт", "subtype": "", "comment": "", "correction": ""}, {"id": 23, "group": "error", "startSelection": 1086, "endSelection": 1091, "explanation": "Повторение однокоренных слов.", "tag": "", "type": "Р.тавт", "subtype": "", "comment": "", "correction": ""}, {"id": 24, "group": "error", "startSelection": 1187, "endSelection": 1189, "explanation": "Перед закрывающей кавычкой не ставится точка, за исключением случая с сокращением. Точку, обозначающую конец предложения, ставят после закрывающей кавычки.", "tag": "message.txt: 4:0", "type": "А.лекс", "subtype": "конт", "comment": "", "correction": ""}, {"id": 25, "group": "error", "startSelection": 1354, "endSelection": 1356, "explanation": "Не хватает пробела.", "tag": "message.txt: 4:0", "type": "А.лекс", "subtype": "конт", "comment": "", "correction": ", ч"}, {"id": 26, "group": "error", "startSelection": 1444, "endSelection": 1449, "explanation": "Повторение одного и того же слова в разных формах.", "tag": "", "type": "Р.повтор", "subtype": "", "comment": "", "correction": ""}, {"id": 27, "group": "error", "startSelection": 1490, "endSelection": 1495, "explanation": "Повторение одного и того же слова в разных формах.", "tag": "", "type": "Р.повтор", "subtype": "", "comment": "", "correction": ""}, {"id": 28, "group": "error", "startSelection": 1547, "endSelection": 1549, "explanation": "Перед закрывающей кавычкой не ставится точка, за исключением случая с сокращением. Точку, обозначающую конец предложения, ставят после закрывающей кавычки.", "tag": "message.txt: 4:0", "type": "А.лекс", "subtype": "конт", "comment": "", "correction": ""}, {"id": 29, "group": "error", "startSelection": 1640, "endSelection": 1642, "explanation": "Перед закрывающей кавычкой не ставится точка, за исключением случая с сокращением. Точку, обозначающую конец предложения, ставят после закрывающей кавычки.", "tag": "message.txt: 4:0", "type": "А.лекс", "subtype": "конт", "comment": "", "correction": ""}, {"id": 30, "group": "error", "startSelection": 1783, "endSelection": 1785, "explanation": "Не хватает пробела.", "tag": "message.txt: 4:0", "type": "А.лекс", "subtype": "конт", "comment": "", "correction": ". Н"}, {"id": 31, "group": "error", "startSelection": 1804, "endSelection": 1807, "explanation": "Перед закрывающей кавычкой не ставится точка, за исключением случая с сокращением. Точку, обозначающую конец предложения, ставят после закрывающей кавычки.", "tag": "message.txt: 4:0", "type": "А.лекс", "subtype": "конт", "comment": "", "correction": ""}, {"id": 32, "group": "error", "startSelection": 1661, "endSelection": 1668, "explanation": "Повторение одинаковых и однокоренных слов.", "tag": "", "type": "Р.тавт", "subtype": "", "comment": "", "correction": ""}, {"id": 33, "group": "error", "startSelection": 1807, "endSelection": 1814, "explanation": "Повторение одинаковых и однокоренных слов.", "tag": "", "type": "Р.тавт", "subtype": "", "comment": "", "correction": ""}, {"id": 34, "group": "error", "startSelection": 1925, "endSelection": 1938, "explanation": "", "tag": "REPLACE_n-a_n-o", "type": "А.лекс", "subtype": "конт", "comment": "", "correction": "строительство"}, {"id": 35, "group": "error", "startSelection": 1841, "endSelection": 1848, "explanation": "Повторение одного и того же слова в разных формах.", "tag": "", "type": "Р.повтор", "subtype": "", "comment": "", "correction": ""}, {"id": 36, "group": "error", "startSelection": 1864, "endSelection": 1871, "explanation": "Повторение одного и того же слова в разных формах.", "tag": "", "type": "Р.повтор", "subtype": "", "comment": "", "correction": ""}, {"id": 37, "group": "error", "startSelection": 1890, "endSelection": 1900, "explanation": "Повторение одинаковых и однокоренных слов.", "tag": "", "type": "Р.тавт", "subtype": "", "comment": "", "correction": ""}, {"id": 38, "group": "error", "startSelection": 1901, "endSelection": 1908, "explanation": "Повторение одного и того же слова в разных формах.", "tag": "", "type": "Р.повтор", "subtype": "", "comment": "", "correction": ""}, {"id": 39, "group": "error", "startSelection": 1916, "endSelection": 1924, "explanation": "Повторение одинаковых и однокоренных слов.", "tag": "", "type": "Р.тавт", "subtype": "", "comment": "", "correction": ""}, {"id": 40, "group": "error", "startSelection": 2005, "endSelection": 2013, "explanation": "Повторение одного и того же слова в разных формах.", "tag": "", "type": "Р.повтор", "subtype": "", "comment": "", "correction": ""}, {"id": 41, "group": "error", "startSelection": 2256, "endSelection": 2269, "explanation": "Повторение одного и того же слова в разных формах.", "tag": "", "type": "Р.повтор", "subtype": "", "comment": "", "correction": ""}, {"id": 42, "group": "error", "startSelection": 2353, "endSelection": 2355, "explanation": "Не хватает пробела.", "tag": "message.txt: 4:0", "type": "А.лекс", "subtype": "конт", "comment": "", "correction": ". Э"}, {"id": 43, "group": "error", "startSelection": 2393, "endSelection": 2395, "explanation": "Не хватает пробела.", "tag": "message.txt: 4:0", "type": "А.лекс", "subtype": "конт", "comment": "", "correction": ". П"}, {"id": 44, "group": "error", "startSelection": 2332, "endSelection": 2345, "explanation": "Повторение одного и того же слова в разных формах.", "tag": "", "type": "Р.повтор", "subtype": "", "comment": "", "correction": ""}, {"id": 45, "group": "error", "startSelection": 2547, "endSelection": 2553, "explanation": "Повторение одного и того же слова в разных формах.", "tag": "", "type": "Р.повтор", "subtype": "", "comment": "", "correction": ""}, {"id": 46, "group": "error", "startSelection": 2680, "endSelection": 2685, "explanation": "Повторение одного и того же слова в разных формах.", "tag": "", "type": "Р.повтор", "subtype": "", "comment": "", "correction": ""}, {"id": 48, "group": "meaning", "startSelection": 490, "endSelection": 548, "type": "ПРОБЛЕМА", "subtype": "", "explanation": "", "correction": "", "tag": "", "comment": ""}, {"id": 49, "group": "meaning", "startSelection": 664, "endSelection": 1189, "type": "ПРИМЕР", "subtype": "", "explanation": "", "correction": "", "tag": "", "comment": ""}, {"id": 50, "group": "meaning", "startSelection": 1190, "endSelection": 1275, "type": "ПОЯСНЕНИЕ", "subtype": "", "explanation": "", "correction": "", "tag": "", "comment": ""}, {"id": 51, "group": "meaning", "startSelection": 1276, "endSelection": 1836, "type": "ПРИМЕР", "subtype": "", "explanation": "", "correction": "", "tag": "", "comment": ""}, {"id": 52, "group": "meaning", "startSelection": 1837, "endSelection": 2002, "type": "СВЯЗЬ", "subtype": "", "explanation": "", "correction": "", "tag": "", "comment": ""}, {"id": 53, "group": "meaning", "startSelection": 2003, "endSelection": 2742, "type": "ОТНОШЕНИЕ", "subtype": "", "explanation": "", "correction": "", "tag": "", "comment": ""}]}