{"meta": {"uuid": "633b06cf-9080-4c74-97cb-d4b224507296", "id": "0009425", "name": "0009425_ru_rus_problema_povedeniya_detey_vo_vremya_voyny_noexp.txt", "subject": "rus", "test": "егэ тренировка", "category": "", "year": 2020, "class": "11", "theme": "Проблема поведения детей во время войны (По тексту А.П. Гайдара)", "taskText": "(1)Фронтовая полоса. (2)Пропуская гурты колхозного скота, который уходит к спокойным пастбищам на восток, на перекрёстке села машина останавливается. (3)На ступеньку вскакивает хлопчик лет пятнадцати.\n—(4)Дяденька, дайте два патрона.\n—(5)На что тебе патроны?\n—(6)А так... на память.\n—(7)На память патронов не дают.\n(8)Сую ему решётчатую оболочку от ручной гранаты и стреляную блестящую гильзу. (9)Губы мальчишки презрительно кривятся:\n—Ну вот! (10)Что с них толку?\n—(11)Ах, дорогой! (12)Так тебе нужна такая память, с которой можно взять толку? (13)Может быть, ты хочешь вот эту зелёную бутылку или эту чёрную гранату? (14)Может быть, отцепить от тягача небольшую противотанковую пушку? (15)Лезь в машину, не ври и говори прямо.\n(16)И вот начинается рассказ, полный тайных недомолвок, увёрток, хотя в общем нам уже всё давно ясно.\n(17)Уходят отцы, дяди и старшие братья в партизаны. (18)А он ещё молод, но ловок, смел. (19)Он знает все лощинки, последние тропинки на сорок километров в округе. (20)Боясь, что ему не поверят, он вытягивает из-за пазухи завёрнутый в клеёнку комсомольский билет. (21)И не будучи вправе рассказать что-либо больше, облизывая потрескавшиеся, запылённые губы, он ждёт жадно и нетерпеливо. (22)Я смотрю ему в глаза. (23)Я кладу ему в горячую руку обойму. (24)Это — обойма от моей винтовки. (25)Она записана на мне. (26)Я беру на себя ответ за то, что каждая выпущенная из этих пяти патронов пуля полетит точно в ту, какую надо, сторону.\n—(27)Послушай, Яков, ну зачем тебе патроны, если у тебя нет винтовки? (28)Что же ты, из пустой крынки стрелять будешь? (29)Грузовик трогается. (З0)Яков спрыгивает с подножки, он подскакивает и весело кричит что-то несуразное, бестолковое. (31)Он смеётся и загадочно грозит мне вдогонку пальцем. (32)Потом, двинув кулаком по морде вертевшуюся около\nкорову, он исчезает в клубах пыли.\n(ЗЗ)Дети! (34)На десятки тысяч из них война обрушилась точно так же, как и на взрослых, уже хотя бы потому, что сброшенные над мирными городами фашистские бомбы имеют для всех одинаковую силу. (35)Остро, чаще острее, чем взрослые, подростки — мальчуганы, девочки — переживают события Великой Отечественной войны. (36)Они жадно, до последней точки, слушают сообщения Информбюро, запоминают все детали героических поступков, выписывают имена героев, их звания, их фамилии. (37)Они с беспредельным уважением провожают уходящие на фронт эшелоны, с безграничной любовью встречают прибывающих с фронта раненых. (38)Я видел наших детей в глубоком тылу, в тревожной прифронтовой полосе и даже на линии самого фронта. (39)И повсюду я видел у них огромную жажду дела, работы и даже подвига. (40)Пройдут годы. (41)Вы станете взрослыми. (42)И тогда в хороший час отдыха после большой и мирной работы вы будете с радостью вспоминать о том, что когда-то, в грозные для Родины дни, вы не путались под ногами, не сидели сложа руки, а помогали своей стране в её тяжёлой и очень важной борьбе с человеко-ненавистническим фашизмом.\n"}, "text": "В тексте, предложенном для анализа А.П.Гайдар рассматривает важную проблему поведения детей во время войны.\nЧтобы привлечь наше внимание к данному вопросу, замечательный советский писатель рассказывает о том, как в прифронтовой полосе, на перекрестке села, когда его машина остановилась, на ступеньку вскочил \"хлопчик лет пятнадцати, который попросил патроны. Автор обращает наше внимание на то, что подросток не хочет взять \"стреляную блестящую гильзу\",и радуется, когда получает обойму от винтовки. Каждая выпущенная из этих пяти патронов пуля полетит точно в ту, какую надо, сторону\". Этот эпизод подводит нас к мысли о том, что подросток не хочет оставаться в стороне и рвется помогать взрослым сражаться с врагом.\nРассказывая об отношении детей к событиям войны, автор подчеркивает, что \"остро, чаще острее, чем взрослые, подростки переживают события Великой Отечественной войны\". Далее он отмечает:\" Я видел наших детей в глубоком тылу, в тревожной прифронтовой полосе и даже на линии самого фронта, и повсюду я видел у них огромную жажду дела, работы и даже подвига\". Таким образом, мы понимаем, что дети хотят помочь взрослым любым способом.\nБлагодаря этим примерам, дополняющим друг друга, становится понятно: дети, как и взрослые, делают всё, чтобы победить фашистов.\nПозиция автора довольно ясна и раскрывается в следующих предложениях:\"Пройдут годы. Вы станете взрослыми. И тогда в хороший час отдыха после большой и мирной работы вы будете с радостью вспоминать о том, что когда-то, в грозные для Родины дни, вы не путались под ногами, не сидели сложа руки, а помогали своей стране в ее тяжёлой и очень важной борьбе с человеконенавистническим фашизмом\".\nЯ согласен с точкой зрения автора и тоже считаю, что во время войны дети вместе со взрослыми делали всё, что могли для своей Родины.\nМне хочется обосновать свою точку зрения примером из художественной литературы. Вспомним повесть В.Богомолова \"Иван\", главный герой которой двенадцатилетний мальчик Иван во время войны стал разведчиком. Потеряв своих родных и близких, он не хотел отправляться в тыл, когда же его пытались отправить учиться в суворовское училище, он сбежал. И только после капитуляции Берлина стало известно, что Иван был схвачен фашистами и после допросов расстрелян. Я думаю, что такие подростки, как Иван, помогли приблизить победу.\nВ заключение еще раз подчеркну: во время войны, когда враги разрушали города и жгли села, дети изо всех сил старались помогать взрослым. Они шли в партизане, становились \"сыновьями полков\", работали в тылу вместо взрослых, ушедших на фронт. Действительно, их участие в общем деле помогло победить фашистов.", "fileName": "0009425.json", "selections": [{"id": 0, "group": "error", "startSelection": 310, "endSelection": 317, "explanation": "Просторечное выражение, не свойственное литературной речи.", "tag": "PROST.doc -1407321792", "type": "А.лекс", "subtype": "конт", "comment": "", "correction": ""}, {"id": 1, "group": "error", "startSelection": 453, "endSelection": 455, "explanation": "Не хватает пробела.", "tag": "message.txt: 4:0", "type": "А.лекс", "subtype": "конт", "comment": "", "correction": ", и"}, {"id": 2, "group": "error", "startSelection": 578, "endSelection": 585, "explanation": "Повторение одного и того же слова в разных формах.", "tag": "", "type": "Р.повтор", "subtype": "", "comment": "", "correction": ""}, {"id": 3, "group": "error", "startSelection": 664, "endSelection": 671, "explanation": "Повторение одного и того же слова в разных формах.", "tag": "", "type": "Р.повтор", "subtype": "", "comment": "", "correction": ""}, {"id": 4, "group": "error", "startSelection": 690, "endSelection": 698, "explanation": "Повторение одного и того же слова в разных формах.", "tag": "", "type": "Р.повтор", "subtype": "", "comment": "", "correction": ""}, {"id": 5, "group": "error", "startSelection": 817, "endSelection": 825, "explanation": "Повторение одного и того же слова в разных формах.", "tag": "", "type": "Р.повтор", "subtype": "", "comment": "", "correction": ""}, {"id": 6, "group": "error", "startSelection": 903, "endSelection": 905, "explanation": "Не хватает пробела.", "tag": "message.txt: 4:0", "type": "А.лекс", "subtype": "конт", "comment": "", "correction": ": \""}, {"id": 7, "group": "error", "startSelection": 1093, "endSelection": 1101, "explanation": "Повторение однокоренных слов.", "tag": "", "type": "Р.тавт", "subtype": "", "comment": "", "correction": ""}, {"id": 8, "group": "error", "startSelection": 1107, "endSelection": 1111, "explanation": "Повторение одного и того же слова.", "tag": "", "type": "Р.повтор", "subtype": "", "comment": "", "correction": ""}, {"id": 9, "group": "error", "startSelection": 1125, "endSelection": 1133, "explanation": "Повторение одного и того же слова в разных формах.", "tag": "", "type": "Р.повтор", "subtype": "", "comment": "", "correction": ""}, {"id": 10, "group": "error", "startSelection": 1210, "endSelection": 1217, "explanation": "Повторение однокоренных слов.", "tag": "", "type": "Р.тавт", "subtype": "", "comment": "", "correction": ""}, {"id": 11, "group": "error", "startSelection": 1219, "endSelection": 1223, "explanation": "Повторение одного и того же слова.", "tag": "", "type": "Р.повтор", "subtype": "", "comment": "", "correction": ""}, {"id": 12, "group": "error", "startSelection": 1231, "endSelection": 1239, "explanation": "Повторение одного и того же слова в разных формах.", "tag": "", "type": "Р.повтор", "subtype": "", "comment": "", "correction": ""}, {"id": 13, "group": "error", "startSelection": 1346, "endSelection": 1348, "explanation": "Не хватает пробела.", "tag": "message.txt: 4:0", "type": "А.лекс", "subtype": "конт", "comment": "", "correction": ": \""}, {"id": 14, "group": "error", "startSelection": 1373, "endSelection": 1382, "explanation": "Повторение одного и того же слова в разных формах.", "tag": "", "type": "Р.повтор", "subtype": "", "comment": "", "correction": ""}, {"id": 15, "group": "error", "startSelection": 1383, "endSelection": 1666, "explanation": "Слишком сложное предложение для согласования. Вероятно, оно также трудно для чтения. Попробуйте упростить предложение или разбить его на несколько более коротких.", "tag": "message.txt: 2:3", "type": "А.лекс", "subtype": "конт", "comment": "", "correction": ""}, {"id": 16, "group": "error", "startSelection": 1383, "endSelection": 1666, "explanation": "Слишком длинное предложение с точки зрения выбранного стиля проверки. Измените настройку, выберите более свободный стиль или разбейте это предложение на несколько более коротких.", "tag": "message.txt: 0:0", "type": "А.лекс", "subtype": "конт", "comment": "", "correction": ""}, {"id": 17, "group": "error", "startSelection": 1528, "endSelection": 1547, "explanation": "Разговорное выражение, придающее тексту непринужденный характер.", "tag": "RAZGVYR2.doc 413031231", "type": "А.лекс", "subtype": "конт", "comment": "", "correction": ""}, {"id": 18, "group": "error", "startSelection": 1559, "endSelection": 1569, "explanation": "Разговорное выражение, придающее тексту непринужденный характер.", "tag": "RAZGVYR2.doc -1951636189", "type": "А.лекс", "subtype": "конт", "comment": "", "correction": ""}, {"id": 19, "group": "error", "startSelection": 1748, "endSelection": 1750, "explanation": "В данном контексте рекомендуется употребление предлога [\"с\"].", "tag": "message.txt: 5:0", "type": "А.лекс", "subtype": "конт", "comment": "", "correction": "с"}, {"id": 20, "group": "error", "startSelection": 1787, "endSelection": 1792, "explanation": "Повторение одного и того же слова в разных формах.", "tag": "", "type": "Р.повтор", "subtype": "", "comment": "", "correction": ""}, {"id": 21, "group": "error", "startSelection": 1824, "endSelection": 1828, "explanation": "Повторение одного и того же слова в разных формах.", "tag": "", "type": "Р.повтор", "subtype": "", "comment": "", "correction": ""}, {"id": 22, "group": "error", "startSelection": 2003, "endSelection": 2141, "explanation": "Предложение сложно для восприятия, так как перегружено глаголами. Попробуйте разбить его на несколько более коротких.", "tag": "message.txt: 3:2", "type": "А.лекс", "subtype": "конт", "comment": "", "correction": ""}, {"id": 23, "group": "error", "startSelection": 2012, "endSelection": 2017, "explanation": "Повторение одного и того же слова в разных формах.", "tag": "", "type": "Р.повтор", "subtype": "", "comment": "", "correction": ""}, {"id": 24, "group": "error", "startSelection": 2048, "endSelection": 2060, "explanation": "Повторение однокоренных слов.", "tag": "", "type": "Р.тавт", "subtype": "", "comment": "", "correction": ""}, {"id": 25, "group": "error", "startSelection": 2090, "endSelection": 2099, "explanation": "Повторение однокоренных слов.", "tag": "", "type": "Р.тавт", "subtype": "", "comment": "", "correction": ""}, {"id": 26, "group": "error", "startSelection": 2100, "endSelection": 2107, "explanation": "Повторение однокоренных слов.", "tag": "", "type": "Р.тавт", "subtype": "", "comment": "", "correction": ""}, {"id": 27, "group": "error", "startSelection": 2122, "endSelection": 2129, "explanation": "Повторение однокоренных слов.", "tag": "", "type": "Р.тавт", "subtype": "", "comment": "", "correction": ""}, {"id": 28, "group": "error", "startSelection": 2151, "endSelection": 2156, "explanation": "Повторение одного и того же слова.", "tag": "", "type": "Р.повтор", "subtype": "", "comment": "", "correction": ""}, {"id": 29, "group": "error", "startSelection": 2226, "endSelection": 2231, "explanation": "Повторение одного и того же слова.", "tag": "", "type": "Р.повтор", "subtype": "", "comment": "", "correction": ""}, {"id": 30, "group": "error", "startSelection": 2447, "endSelection": 2455, "explanation": "Повторение одного и того же слова в разных формах.", "tag": "", "type": "Р.повтор", "subtype": "", "comment": "", "correction": ""}, {"id": 31, "group": "error", "startSelection": 2533, "endSelection": 2541, "explanation": "Повторение одного и того же слова в разных формах.", "tag": "", "type": "Р.повтор", "subtype": "", "comment": "", "correction": ""}, {"id": 33, "group": "meaning", "startSelection": 0, "endSelection": 107, "type": "ПРОБЛЕМА", "subtype": "", "explanation": "", "correction": "", "tag": "", "comment": ""}, {"id": 34, "group": "meaning", "startSelection": 108, "endSelection": 587, "type": "ПРИМЕР", "subtype": "", "explanation": "", "correction": "", "tag": "", "comment": ""}, {"id": 35, "group": "meaning", "startSelection": 588, "endSelection": 718, "type": "ПОЗИЦИЯ", "subtype": "", "explanation": "", "correction": "", "tag": "", "comment": ""}, {"id": 36, "group": "meaning", "startSelection": 719, "endSelection": 1074, "type": "ПРИМЕР", "subtype": "", "explanation": "", "correction": "", "tag": "", "comment": ""}, {"id": 37, "group": "meaning", "startSelection": 1075, "endSelection": 1149, "type": "ПОЯСНЕНИЕ", "subtype": "", "explanation": "", "correction": "", "tag": "", "comment": ""}, {"id": 38, "group": "meaning", "startSelection": 1278, "endSelection": 1667, "type": "ПОЗИЦИЯ", "subtype": "", "explanation": "", "correction": "", "tag": "", "comment": ""}, {"id": 39, "group": "meaning", "startSelection": 1668, "endSelection": 2319, "type": "ОТНОШЕНИЕ", "subtype": "", "explanation": "", "correction": "", "tag": "", "comment": ""}]}