{"meta": {"uuid": "a9fbad48-b895-4d7e-a6f3-16b0d162d2ee", "id": "0011566", "name": "00011566_ru_rus_problema_pamyati_noexp.txt", "subject": "rus", "test": "егэ тренировка", "category": "", "year": 2018, "class": "11", "theme": "Проблема памяти (по тексту Д.С. Лихачёва)", "taskText": "(1)Память – одно из величайших свойств бытия, любого бытия: материального, духовного, человеческого...\n(2)Лист бумаги. (3)Сожмите его и расправьте. (4)На нём останутся складки, и, если вы сожмёте его вторично, часть складок ляжет по прежним складкам: бумага обладает «памятью». (5)Памятью обладают отдельные растения, камень, на котором остаются следы его происхождения и движения в ледниковый период, стекло, вода и т.д. (6)Сложнейшими формами родовой памяти, позволяющими новым поколениям совершать перелёты в нужном направлении к нужному месту, обладают птицы. (7)А что говорить о «генетической памяти» – памяти, заложенной в веках, памяти, переходящей от одного поколения живых существ к следующим! (8)Запоминается то, что нужно; путём памяти накапливается добрый опыт, образуется традиция, создаются бытовые, семейные, трудовые навыки, общественные институты...\n(9)Память противостоит уничтожающей силе времени. (10)Это свойство памяти чрезвычайно важно. (11)Принято примитивно делить время на прошедшее, настоящее и будущее. (12)Но благодаря памяти прошедшее входит в настоящее, а будущее как бы предугадывается настоящим, соединённым с прошедшим. (13)Память – преодоление времени, преодоление смерти. (14)В этом величайшее нравственное значение памяти.\n(15)«Беспамятный» – это, прежде всего, человек неблагодарный, безответственный, а следовательно, и неспособный на добрые, бескорыстные поступки. (16)А безответственность рождается отсутствием сознания того, что ничто не проходит бесследно. (17)Человек, совершающий недобрый поступок, думает, что поступок этот не сохранится в памяти его личной и в памяти окружающих. (18)Он сам, очевидно, не привык беречь память о прошлом, испытывать чувство благодарности к предкам, к их труду, их заботам и поэтому думает, что и о нём всё будет позабыто.\n(19)Совесть – это в основном память, к которой присоединяется моральная оценка совершённого. (20)Но если совершённое не сохраняется в памяти, то не может быть и оценки. (21)А значит, без памяти нет совести.\n(22)Вот почему так важно воспитываться в моральном климате памяти – памяти семейной, народной, культурной. (23)Семейные фотографии – это одно из важнейших «наглядных пособий» морального воспитания детей, да и взрослых. (24)Уважение к труду наших предков, к их традициям и обычаям, к их песням и развлечениям. (25)Да и просто уважение к могилам предков.\n(26)Как личная память человека формирует его совесть, его совестливое отношение к его личным предкам и близким – родным и друзьям, старым друзьям, то есть наиболее верным, с которыми его связывают общие воспоминания, – так историческая память народа формирует нравственный климат, в котором живёт народ. (27)Может быть, можно было бы подумать, не строить ли нравственность на чём-либо другом: полностью игнорировать прошлое с его неизбежными ошибками и быть устремлённым целиком в будущее, строить это будущее на «разумных основаниях» самих по себе, забыв о прошлом с его тёмными и светлыми сторонами.\n(28)Это не только не нужно, но и невозможно. (29)Хранить память, беречь память – это наш нравственный долг перед самими собой и перед потомками.\n"}, "text": "События минувших дней не проходят для человека бесследно. Сохранив их в памяти, человек лучше осознает свое место в этом мире, глубже чувствует свою ответственность за будущее. Так что же такое память? – вот вопрос, над которым меня заставил задуматься текст Д.С.Лихачёва.\nРассуждения по проблеме памяти автор начинает с утверждения, что «память - одно из важнейших свойств бытия», которое имеет нравственное значение. Учёный уверен, что только совестливый и ответственный человек, знающий цену прошлому, осознаёт, «что ничто не проходит бесследно», накапливает добрый опыт, ценит традиции, испытывает чувство благодарности к предкам. А значит, приходит к выводу писатель, «без памяти нет совести».\nАвторская позиция по заявленной проблеме однозначна: «важно воспитываться в моральном климате памяти: памяти семейной, памяти народной, памяти культурной».\nЯ разделяю точку зрения Д.С. Лихачёва, так как считаю, что ничего не помнящий и никого не признающий человек не может дать правильную оценку не только сегодняшнему дню, но и самому себе и уж, конечно, не несёт никакой ответственности перед будущим, так как логическая цепочка «прошлое-настоящее-будущее» ему не понятна. Аргументы из литературы служат тому прямым доказательством.\nНапример, в стихотворении А.Ахматовой «Лотова жена» речь идёт о женщине, которая за взгляд на родные места, чтобы сохранить в памяти всё, что дорого её сердцу, отдала жизнь. Она вспоминает площадь, «где пела», родной двор, «где пряла», да и сам дом ей хочется увидеть потому, что там она «милому мужу детей родила». Сила памяти о том, что составляло её жизнь, любовь к родному городу, семейному очагу заставили жену Лота перечить велению Бога и обернуться, чтобы в последний раз взглянуть на Содом.\nКак крик звучит рассказ Людмилы Куликовой «Свиделись»: «Люди! Одумайтесь! Неужели материальные блага и сытый уют напрочь вытравили душу, сердце?!». Толик, главный персонаж рассказа, наслаждаясь сытым уютом и благополучием семейной жизни, не только забыл об отчем доме, он 24 года не вспоминал о матери, которая одна растила его, провожала в армию. После встречи со старой, слепой матерью он так и не смог найти в себе мужества повиниться за бессердечие по отношению к ней. Он и перед собой смалодушничал, боясь признаться в собственной подлости и чёрствости, свалив всё на судьбу. Как не согласиться со словами Д.С. Лихачёва: «Беспамятный – это, прежде всего, человек неблагодарный, безответственный, а следовательно, и неспособный на добрые, бескорыстные поступки»!\nЖизнь началась не сейчас, не сегодня она и закончится. И каждый момент этой жизни возможен только потому, что были времена до него. Об этом мы должны постоянно помнить, это мы должны четко осознавать, чтобы продолжать жить, оставаться полноценными людьми - связующим звеном в непрерывном потоке времени. Ведь человек утверждается в мире не только как мыслящее и чувствующее существо, но и как одно из звеньев в крепкой вечной цепи, соединяющей прошлое и будущее. Отсутствие памяти о прошлом – это потеря корней своих предков, превращение человека в манкурта, потеря доброты, сердечности, совести и души.", "fileName": "0011566.json", "selections": [{"id": 0, "group": "error", "startSelection": 38, "endSelection": 46, "explanation": "Повторение одного и того же слова в разных формах.", "tag": "", "type": "Р.повтор", "subtype": "", "comment": "", "correction": ""}, {"id": 1, "group": "error", "startSelection": 80, "endSelection": 87, "explanation": "Повторение одного и того же слова в разных формах.", "tag": "", "type": "Р.повтор", "subtype": "", "comment": "", "correction": ""}, {"id": 2, "group": "error", "startSelection": 591, "endSelection": 625, "explanation": "", "tag": "", "type": "", "subtype": "", "comment": "", "correction": ""}, {"id": 3, "group": "error", "startSelection": 482, "endSelection": 489, "explanation": "Повторение однокоренных слов.", "tag": "", "type": "Р.тавт", "subtype": "", "comment": "", "correction": ""}, {"id": 4, "group": "error", "startSelection": 490, "endSelection": 494, "explanation": "Повторение однокоренных слов.", "tag": "", "type": "Р.тавт", "subtype": "", "comment": "", "correction": ""}, {"id": 5, "group": "error", "startSelection": 505, "endSelection": 513, "explanation": "Повторение однокоренных слов.", "tag": "", "type": "Р.тавт", "subtype": "", "comment": "", "correction": ""}, {"id": 6, "group": "error", "startSelection": 529, "endSelection": 537, "explanation": "Повторение однокоренных слов.", "tag": "", "type": "Р.тавт", "subtype": "", "comment": "", "correction": ""}, {"id": 7, "group": "error", "startSelection": 575, "endSelection": 580, "explanation": "Повторение однокоренных слов.", "tag": "", "type": "Р.тавт", "subtype": "", "comment": "", "correction": ""}, {"id": 8, "group": "error", "startSelection": 645, "endSelection": 653, "explanation": "Повторение однокоренных слов.", "tag": "", "type": "Р.тавт", "subtype": "", "comment": "", "correction": ""}, {"id": 9, "group": "error", "startSelection": 854, "endSelection": 1174, "explanation": "Слишком длинное предложение с точки зрения выбранного стиля проверки. Измените настройку, выберите более свободный стиль или разбейте это предложение на несколько более коротких.", "tag": "message.txt: 0:0", "type": "А.лекс", "subtype": "конт", "comment": "", "correction": ""}, {"id": 10, "group": "error", "startSelection": 1329, "endSelection": 1335, "explanation": "Повторение одинаковых и однокоренных слов.", "tag": "", "type": "Р.повтор", "subtype": "", "comment": "", "correction": ""}, {"id": 11, "group": "error", "startSelection": 1445, "endSelection": 1451, "explanation": "Повторение одинаковых и однокоренных слов.", "tag": "", "type": "Р.повтор", "subtype": "", "comment": "", "correction": ""}, {"id": 12, "group": "error", "startSelection": 1542, "endSelection": 1548, "explanation": "Повторение одинаковых и однокоренных слов.", "tag": "", "type": "Р.тавт", "subtype": "", "comment": "", "correction": ""}, {"id": 13, "group": "error", "startSelection": 1665, "endSelection": 1672, "explanation": "Устаревшее слово. В современном тексте оно, вероятнее всего, имеет высокопарный оттенок.", "tag": "Ustar.doc 552560836", "type": "А.лекс", "subtype": "конт", "comment": "", "correction": ""}, {"id": 14, "group": "error", "startSelection": 1604, "endSelection": 1611, "explanation": "Повторение одинаковых и однокоренных слов.", "tag": "", "type": "Р.повтор", "subtype": "", "comment": "", "correction": ""}, {"id": 15, "group": "error", "startSelection": 1777, "endSelection": 1786, "explanation": "Разговорное выражение, придающее тексту непринуждённый характер.", "tag": "RAZG.doc 1064386629", "type": "А.лекс", "subtype": "конт", "comment": "", "correction": ""}, {"id": 16, "group": "error", "startSelection": 1847, "endSelection": 1854, "explanation": "Просторечное выражение, не свойственное литературной речи.", "tag": "PROST.doc 1656550588", "type": "А.лекс", "subtype": "конт", "comment": "", "correction": ""}, {"id": 17, "group": "error", "startSelection": 1837, "endSelection": 1842, "explanation": "Повторение одного и того же слова в разных формах.", "tag": "", "type": "Р.повтор", "subtype": "", "comment": "", "correction": ""}, {"id": 18, "group": "error", "startSelection": 1843, "endSelection": 1846, "explanation": "Повторение одного и того же слова в разных формах.", "tag": "", "type": "Р.повтор", "subtype": "", "comment": "", "correction": ""}, {"id": 19, "group": "error", "startSelection": 1928, "endSelection": 1933, "explanation": "Повторение одного и того же слова в разных формах.", "tag": "", "type": "Р.повтор", "subtype": "", "comment": "", "correction": ""}, {"id": 20, "group": "error", "startSelection": 1934, "endSelection": 1939, "explanation": "Повторение одного и того же слова в разных формах.", "tag": "", "type": "Р.повтор", "subtype": "", "comment": "", "correction": ""}, {"id": 21, "group": "error", "startSelection": 2029, "endSelection": 2035, "explanation": "Повторение одного и того же слова в разных формах.", "tag": "", "type": "Р.повтор", "subtype": "", "comment": "", "correction": ""}, {"id": 22, "group": "error", "startSelection": 2114, "endSelection": 2121, "explanation": "Повторение одного и того же слова в разных формах.", "tag": "", "type": "Р.повтор", "subtype": "", "comment": "", "correction": ""}, {"id": 23, "group": "error", "startSelection": 2147, "endSelection": 2151, "explanation": "Повторение одного и того же слова в разных формах.", "tag": "", "type": "Р.повтор", "subtype": "", "comment": "", "correction": ""}, {"id": 24, "group": "error", "startSelection": 2224, "endSelection": 2237, "explanation": "Разговорное выражение, придающее тексту непринуждённый характер.", "tag": "RAZG.doc -1229610178", "type": "А.лекс", "subtype": "конт", "comment": "", "correction": ""}, {"id": 25, "group": "error", "startSelection": 2218, "endSelection": 2223, "explanation": "Повторение одного и того же слова в разных формах.", "tag": "", "type": "Р.повтор", "subtype": "", "comment": "", "correction": ""}, {"id": 26, "group": "error", "startSelection": 2359, "endSelection": 2499, "explanation": "Предложение сложно для восприятия, так как перегружено знаками препинания. Попробуйте разбить его на несколько более коротких.", "tag": "message.txt: 3:1", "type": "А.лекс", "subtype": "конт", "comment": "", "correction": ""}, {"id": 27, "group": "error", "startSelection": 2501, "endSelection": 2506, "explanation": "Повторение однокоренных слов.", "tag": "", "type": "Р.повтор", "subtype": "", "comment": "", "correction": ""}, {"id": 28, "group": "error", "startSelection": 2577, "endSelection": 2582, "explanation": "Повторение однокоренных слов.", "tag": "", "type": "Р.повтор", "subtype": "", "comment": "", "correction": ""}, {"id": 29, "group": "error", "startSelection": 2636, "endSelection": 2640, "explanation": "Повторение одного и того же слова в разных формах.", "tag": "", "type": "Р.повтор", "subtype": "", "comment": "", "correction": ""}, {"id": 30, "group": "error", "startSelection": 2644, "endSelection": 2650, "explanation": "Повторение одного и того же слова.", "tag": "", "type": "Р.повтор", "subtype": "", "comment": "", "correction": ""}, {"id": 31, "group": "error", "startSelection": 2670, "endSelection": 2673, "explanation": "Повторение одного и того же слова в разных формах.", "tag": "", "type": "Р.повтор", "subtype": "", "comment": "", "correction": ""}, {"id": 32, "group": "error", "startSelection": 2677, "endSelection": 2683, "explanation": "Повторение одного и того же слова.", "tag": "", "type": "Р.повтор", "subtype": "", "comment": "", "correction": ""}, {"id": 33, "group": "error", "startSelection": 2719, "endSelection": 2723, "explanation": "Повторение однокоренных слов.", "tag": "", "type": "Р.тавт", "subtype": "", "comment": "", "correction": ""}, {"id": 34, "group": "error", "startSelection": 2945, "endSelection": 2952, "explanation": "Повторение одного и того же слова в разных формах.", "tag": "", "type": "Р.повтор", "subtype": "", "comment": "", "correction": ""}, {"id": 35, "group": "error", "startSelection": 2984, "endSelection": 2991, "explanation": "Повторение одного и того же слова в разных формах.", "tag": "", "type": "Р.повтор", "subtype": "", "comment": "", "correction": ""}, {"id": 36, "group": "error", "startSelection": 2998, "endSelection": 3004, "explanation": "Повторение одного и того же слова.", "tag": "", "type": "Р.повтор", "subtype": "", "comment": "", "correction": ""}, {"id": 37, "group": "error", "startSelection": 3060, "endSelection": 3066, "explanation": "Повторение одного и того же слова.", "tag": "", "type": "Р.повтор", "subtype": "", "comment": "", "correction": ""}, {"id": 39, "group": "meaning", "startSelection": 273, "endSelection": 418, "type": "ПРОБЛЕМА", "subtype": "", "explanation": "", "correction": "", "tag": "", "comment": ""}, {"id": 40, "group": "meaning", "startSelection": 699, "endSelection": 854, "type": "ПРИМЕР", "subtype": "", "explanation": "", "correction": "", "tag": "", "comment": ""}, {"id": 41, "group": "meaning", "startSelection": 855, "endSelection": 3104, "type": "ОТНОШЕНИЕ", "subtype": "", "explanation": "", "correction": "", "tag": "", "comment": ""}]}