{"meta": {"uuid": "1d729139-d726-4ae9-9a18-a0258397add5", "id": "0012392", "name": "00012392_ru_rus_problema_vzaimosvyazi_cheloveka_i_prirody_noexp.txt", "subject": "rus", "test": "егэ тренировка", "category": "", "year": 2021, "class": "11", "theme": "Проблема взаимосвязи человека и природы (По тексту Пескова)", "taskText": "(1)Лишь совсем недавно человек узнал, что Земля — это шар. (2)Думали, стоит Земля на трёх слонах, а ночью звёздный мир укрывает Землю. (З)Теперь вокруг шара человек облетает менее чем за два часа. (4)Землю можно увидеть со стороны. (5)Вот снимок, сделанный из космоса. (6)Да, Земля — это шар, на нём видны материки, моря, облака, восходы и заходы Солнца. (7)Подробности земной жизни издалека не видны, но они есть, их много...\n(8)Два десятка лет назад американцы провели опрос учёных: что дали человечеству полёты в космос? (9)Ответы были интересные. (10)Мне запомнился этот: «Во Вселенной мы одни, и не похоже, что где-нибудь нас ждут. (11)Надо беречь свой дом — родную Землю». (12)Хороший ответ.\n(13)Сегодня с высоты своих знаний человек может сказать: «Замечательная нам досталась планета». (14)В самом деле, есть на планете вода, без которой жизнь была бы невозможной. (15)Близость Солнца даёт не иссякающее от времени тепло.\n(15)Вращение Земли обеспечивает чередование дней и ночей на планете, смену времён года. (17)Зелёные растения наполняют атмосферу кислородом, накапливают углерод и выделяют в верхние слои атмосферы животворный кислород и озон, прикрывающий всё живое от губительных лучей Солнца.\n(18)Конечно, зародившейся жизни миллионы лет приходилось приспосабливаться к изначальным условиям на планете. (19)Живые организмы уступали место на Земле более совершенным. (20)От многих животных уцелели лишь кости. (21)Но некоторые дожили до наших времён. (22)Живут в океанской воде на грани истребления человеком громадные киты — самые большие существа, когда-либо жившие на Земле. (23)Самые маленькие из млекопитающих — крохотная мышь- малютка и землеройка, весящая всего два грамма.\n(24)Между китами и мышами — огромное число животных, которым Земля стала родным домом. (25)И во главе всего сущего стоит человек. (26)Он часто решает, кому жить, а кому в жизни отказано.\n(27)Миллионы лет отбирала Природа животных, определяя места, где они могут жить, чем могут кормиться. (28)Человек давно изучил эти места и первым тянется к добыче, разрушает среду, где привычно и благополучно живут звери, птицы, рыбы. (29)Так разрушаются основы нашего общего Дома.\n(30)Много животных исчезли или стали исключительно редкими. (31)Уже давно мы не видим пролетающих журавлей, мало кто слышит токующих глухарей, крик перепёлок. (32)И так везде на Земле. (ЗЗ)Двести лет назад американцы варварски истребили миллионы бизонов, а в середине прошлого века химия подкосила в Америке культовую птицу — белоголового орлана. (34)В Африке на больших пространствах уничтожили тысячи носорогов — нужна была земля для посевов зерна. (35)Растут площади жарких пустынь и пустошей, истощаются плодородные земли, высыхают озёра, исчезают на равнинах малые реки.\n(36)Вот что имел в виду учёный, ответивший на вопрос о космосе. (37)Планету Земля нам надо беречь. (38)Никто не ждёт нашей высадки на другие планеты. (39)А Земля по-прежнему нас кормит, даёт нам дышать, снабжает водой, теплом и радостью жизни, идущей от наших соседей: зверей, птиц, рыб, насекомых, образующих сложный узор жизни на нашей планете.\n(40)Вот как выглядит Земля, если глянуть на неё со стороны. (41)Очертания материков. (42)Следы деятельности вулканов. (43)Огни больших городов и маленьких деревень. (44)Озёра на суше. (45)Острова в океане. (46)Земля, изрытая шахтами и лисьими норами. (47)Земля, покрытая следами зверей, хлебными полями и кудрями лесов... (48)Такой общий наш Дом.\n"}, "text": "Мы живем в мире, где все взаимосвязано, и от того, как мы поступим сегодня, зависит наше будущее. В данном тексте В.М. Песков предлагает нам задуматься над проблемой взаимосвязи человека и природы. Обращаясь к теме, писатель приводит в пример слова ученого, долгое время изучающего космос: «Надо беречь свой дом – родную Землю». Автор, анализируя пагубное влияние человека на окружающую среду, делает акцент на том, что именно мы являемся частью «сложного узора жизни на нашей планете», мы стоим во главе мира животных и мира природы, мы зависим от них также, как и они зависят от нас, и поэтому глупо и опрометчиво истреблять редкие виды животных, загрязнять и уничтожать окружающую среду, надеясь «переехать» на другую планету. Автор считает, что человек должен заботиться о нашей планете и обо всем, что её населяет, потому что другого шанса увидеть редкие природные явления или, к примеру, «белоголового орлана» не будет – у нас есть лишь одна планета, которая «нас кормит, дает нам дышать, снабжает водой, теплом и радостью жизни». Если мы не дадим существовать всему живому на земле – оно исчезнет, и вместе с ним исчезнем и мы. Я полностью согласна с мнением писателя и тоже считаю, что окружающий мир нуждается в нашей заботе, как и мы нуждаемся в тепле, воздухе, еде и красоте – в общем во всем, что дарует нам наша планета. Нужно беречь Землю, ведь другой такой у нас не будет. В.П. Астафьев в своем произведении \"Царь - рыба\" показывает нас, что природа живая и одухотворенная, она способна как наградить человека за его заботу, так и наказать его за наглость и причиненную боль. Главный герой произведения возомнил себя «царем природы» и посчитал, что может распоряжаться ею как пожелает. Однажды поймав «царь-рыбу», он, вопреки наказам деда, поддавшись жадности, решил справиться с ней самостоятельно, за что был наказан падением в реку. И, как бы Игнатьич не пытался обвинять все вокруг в своей, как ему тогда казалось, неминируемой смерти, он все же раскаялся во всех своих грехах, за что и получил возможность жить дальше. В повести А.И. Куприна \"Олеся\" автор изобразил пример правильного отношения к природе. Главная героиня всю свою жизнь прожила в единении с окружающим миром – она ощущала тонкую связь между собой и лесом и воспринимала его как что-то живое, наделенное душой. К миру природы девушка гораздо ближе, чем к урбанизированному миру людей, и поэтому всегда вставала на защиту всех обитателей леса. Таким образом, можно сделать вывод, что людям необходимо ценить Землю, заботиться о ней и не забывать, что помимо нас существует еще множество живых существ, которые нуждаются в нас также, как и мы нуждаемся в них. Только осознав это, мы сможем сохранить нашу планету.", "fileName": "0012392.json", "selections": [{"id": 0, "group": "error", "startSelection": 249, "endSelection": 256, "explanation": "Повторение однокоренных слов.", "tag": "", "type": "Р.тавт", "subtype": "", "comment": "", "correction": ""}, {"id": 1, "group": "error", "startSelection": 271, "endSelection": 281, "explanation": "Повторение однокоренных слов.", "tag": "", "type": "Р.тавт", "subtype": "", "comment": "", "correction": ""}, {"id": 2, "group": "error", "startSelection": 328, "endSelection": 713, "explanation": "Слишком длинное предложение для грамматического разбора. Вероятно, оно трудно и для восприятия. Попробуйте разбить его на несколько более коротких.", "tag": "message.txt: 0:0", "type": "А.лекс", "subtype": "конт", "comment": "", "correction": ""}, {"id": 3, "group": "error", "startSelection": 553, "endSelection": 563, "explanation": "Возможно, неправильное написание сравнительного союза \"так же, как\".", "tag": "Equivale.doc 1739073780", "type": "А.лекс", "subtype": "конт", "comment": "", "correction": ""}, {"id": 4, "group": "error", "startSelection": 553, "endSelection": 563, "explanation": "В сочетании с «как» «также» не может быть союзом. Частица «же» должна писаться раздельно: «так же, как».", "tag": "", "type": "Г.ЧАСТИЦ", "subtype": "част", "comment": "", "correction": ""}, {"id": 5, "group": "error", "startSelection": 553, "endSelection": 558, "explanation": "", "tag": "REPLACE_тоже_то+же", "type": "А.лекс", "subtype": "конт", "comment": "", "correction": "так же"}, {"id": 6, "group": "error", "startSelection": 505, "endSelection": 509, "explanation": "Повторение одного и того же слова.", "tag": "", "type": "Р.повтор", "subtype": "", "comment": "", "correction": ""}, {"id": 7, "group": "error", "startSelection": 521, "endSelection": 525, "explanation": "Повторение одного и того же слова.", "tag": "", "type": "Р.повтор", "subtype": "", "comment": "", "correction": ""}, {"id": 8, "group": "error", "startSelection": 538, "endSelection": 545, "explanation": "Повторение одного и того же слова в разных формах.", "tag": "", "type": "Р.повтор", "subtype": "", "comment": "", "correction": ""}, {"id": 9, "group": "error", "startSelection": 570, "endSelection": 577, "explanation": "Повторение одного и того же слова в разных формах.", "tag": "", "type": "Р.повтор", "subtype": "", "comment": "", "correction": ""}, {"id": 10, "group": "error", "startSelection": 729, "endSelection": 1035, "explanation": "Слишком длинное предложение с точки зрения выбранного стиля проверки. Измените настройку, выберите более свободный стиль или разбейте это предложение на несколько более коротких.", "tag": "message.txt: 0:0", "type": "А.лекс", "subtype": "конт", "comment": "", "correction": ""}, {"id": 11, "group": "error", "startSelection": 883, "endSelection": 892, "explanation": "Разговорное выражение, придающее тексту непринужденный характер. Нейтральный вариант: \"например\".", "tag": "RAZGVYR2.doc -1682097405", "type": "А.лекс", "subtype": "конт", "comment": "", "correction": ""}, {"id": 12, "group": "error", "startSelection": 929, "endSelection": 932, "explanation": "Повторение одного и того же слова.", "tag": "", "type": "Р.повтор", "subtype": "", "comment": "", "correction": ""}, {"id": 13, "group": "error", "startSelection": 966, "endSelection": 969, "explanation": "Повторение одного и того же слова.", "tag": "", "type": "Р.повтор", "subtype": "", "comment": "", "correction": ""}, {"id": 14, "group": "error", "startSelection": 1095, "endSelection": 1103, "explanation": "Повторение одного и того же слова в разных формах.", "tag": "", "type": "Р.повтор", "subtype": "", "comment": "", "correction": ""}, {"id": 15, "group": "error", "startSelection": 1120, "endSelection": 1128, "explanation": "Повторение одного и того же слова в разных формах.", "tag": "", "type": "Р.повтор", "subtype": "", "comment": "", "correction": ""}, {"id": 16, "group": "error", "startSelection": 1309, "endSelection": 1315, "explanation": "Устаревшее слово. В современном тексте оно, вероятнее всего, имеет высокопарный оттенок.", "tag": "Ustar.doc -1033397495", "type": "А.лекс", "subtype": "конт", "comment": "", "correction": ""}, {"id": 17, "group": "error", "startSelection": 1209, "endSelection": 1218, "explanation": "Повторение однокоренных слов.", "tag": "", "type": "Р.повтор", "subtype": "", "comment": "", "correction": ""}, {"id": 18, "group": "error", "startSelection": 1221, "endSelection": 1226, "explanation": "Повторение одного и того же слова в разных формах.", "tag": "", "type": "Р.повтор", "subtype": "", "comment": "", "correction": ""}, {"id": 19, "group": "error", "startSelection": 1244, "endSelection": 1253, "explanation": "Повторение однокоренных слов.", "tag": "", "type": "Р.повтор", "subtype": "", "comment": "", "correction": ""}, {"id": 20, "group": "error", "startSelection": 1316, "endSelection": 1319, "explanation": "Повторение одного и того же слова в разных формах.", "tag": "", "type": "Р.повтор", "subtype": "", "comment": "", "correction": ""}, {"id": 21, "group": "error", "startSelection": 1320, "endSelection": 1324, "explanation": "Повторение одного и того же слова в разных формах.", "tag": "", "type": "Р.повтор", "subtype": "", "comment": "", "correction": ""}, {"id": 22, "group": "error", "startSelection": 1334, "endSelection": 1339, "explanation": "Повторение однокоренных слов.", "tag": "", "type": "Р.тавт", "subtype": "", "comment": "", "correction": ""}, {"id": 23, "group": "error", "startSelection": 1374, "endSelection": 1377, "explanation": "Повторение одного и того же слова в разных формах.", "tag": "", "type": "Р.повтор", "subtype": "", "comment": "", "correction": ""}, {"id": 24, "group": "error", "startSelection": 1402, "endSelection": 1422, "explanation": "Слово «свой» в контекстах вроде «писатель в своём тексте рассказывает...» избыточно.", "tag": "", "type": "Р.ЛИШН", "subtype": "лишн", "comment": "", "correction": ""}, {"id": 25, "group": "error", "startSelection": 1448, "endSelection": 1451, "explanation": "", "tag": "REPLACE_Gen_Dat", "type": "А.лекс", "subtype": "конт", "comment": "", "correction": "нам"}, {"id": 26, "group": "error", "startSelection": 1448, "endSelection": 1451, "explanation": "Повторение одного и того же слова в разных формах.", "tag": "", "type": "Р.повтор", "subtype": "", "comment": "", "correction": ""}, {"id": 27, "group": "error", "startSelection": 1528, "endSelection": 1531, "explanation": "Повторение одного и того же слова.", "tag": "", "type": "Р.повтор", "subtype": "", "comment": "", "correction": ""}, {"id": 28, "group": "error", "startSelection": 1546, "endSelection": 1554, "explanation": "Повторение однокоренных слов.", "tag": "", "type": "Р.тавт", "subtype": "", "comment": "", "correction": ""}, {"id": 29, "group": "error", "startSelection": 1555, "endSelection": 1558, "explanation": "Повторение одного и того же слова.", "tag": "", "type": "Р.повтор", "subtype": "", "comment": "", "correction": ""}, {"id": 30, "group": "error", "startSelection": 1717, "endSelection": 1726, "explanation": "Части слова с дефисом не согласованы между собой.", "tag": "message.txt: 1:0", "type": "А.лекс", "subtype": "конт", "comment": "", "correction": ""}, {"id": 31, "group": "error", "startSelection": 1717, "endSelection": 1726, "explanation": "Две части слова с дефисом не согласованы между собой.", "tag": "message.txt: 2:7", "type": "А.лекс", "subtype": "конт", "comment": "", "correction": ""}, {"id": 32, "group": "error", "startSelection": 1741, "endSelection": 1748, "explanation": "Повторение однокоренных слов.", "tag": "", "type": "Р.тавт", "subtype": "", "comment": "", "correction": ""}, {"id": 33, "group": "error", "startSelection": 1826, "endSelection": 1833, "explanation": "Повторение однокоренных слов.", "tag": "", "type": "Р.тавт", "subtype": "", "comment": "", "correction": ""}, {"id": 34, "group": "error", "startSelection": 1870, "endSelection": 1872, "explanation": "", "tag": "REPLACE_не_ни", "type": "А.лекс", "subtype": "конт", "comment": "", "correction": "ни"}, {"id": 35, "group": "error", "startSelection": 1903, "endSelection": 1908, "explanation": "Повторение одного и того же слова в разных формах.", "tag": "", "type": "Р.повтор", "subtype": "", "comment": "", "correction": ""}, {"id": 36, "group": "error", "startSelection": 1983, "endSelection": 1988, "explanation": "Повторение одного и того же слова в разных формах.", "tag": "", "type": "Р.повтор", "subtype": "", "comment": "", "correction": ""}, {"id": 37, "group": "error", "startSelection": 2146, "endSelection": 2156, "explanation": "Слово «свой» применительно к жизни часто избыточно, поскольку жизнь у человека всегда «своя».", "tag": "", "type": "Р.ЛИШН", "subtype": "лишн", "comment": "", "correction": ""}, {"id": 38, "group": "error", "startSelection": 2146, "endSelection": 2150, "explanation": "Повторение одного и того же слова в разных формах.", "tag": "", "type": "Р.повтор", "subtype": "", "comment": "", "correction": ""}, {"id": 39, "group": "error", "startSelection": 2189, "endSelection": 2194, "explanation": "Повторение одного и того же слова в разных формах.", "tag": "", "type": "Р.повтор", "subtype": "", "comment": "", "correction": ""}, {"id": 40, "group": "error", "startSelection": 2299, "endSelection": 2303, "explanation": "Повторение одного и того же слова в разных формах.", "tag": "", "type": "Р.повтор", "subtype": "", "comment": "", "correction": ""}, {"id": 41, "group": "error", "startSelection": 2359, "endSelection": 2363, "explanation": "Повторение одного и того же слова в разных формах.", "tag": "", "type": "Р.повтор", "subtype": "", "comment": "", "correction": ""}, {"id": 42, "group": "error", "startSelection": 2364, "endSelection": 2369, "explanation": "Повторение одного и того же слова в разных формах.", "tag": "", "type": "Р.повтор", "subtype": "", "comment": "", "correction": ""}, {"id": 43, "group": "error", "startSelection": 2611, "endSelection": 2621, "explanation": "Возможно, неправильное написание сравнительного союза \"так же, как\".", "tag": "Equivale.doc 1739073780", "type": "А.лекс", "subtype": "конт", "comment": "", "correction": ""}, {"id": 44, "group": "error", "startSelection": 2611, "endSelection": 2621, "explanation": "В сочетании с «как» «также» не может быть союзом. Частица «же» должна писаться раздельно: «так же, как».", "tag": "", "type": "Г.ЧАСТИЦ", "subtype": "част", "comment": "", "correction": ""}, {"id": 45, "group": "error", "startSelection": 2611, "endSelection": 2616, "explanation": "", "tag": "REPLACE_тоже_то+же", "type": "А.лекс", "subtype": "конт", "comment": "", "correction": "так же"}, {"id": 46, "group": "error", "startSelection": 2469, "endSelection": 2474, "explanation": "Повторение одного и того же слова в разных формах.", "tag": "", "type": "Р.повтор", "subtype": "", "comment": "", "correction": ""}, {"id": 47, "group": "error", "startSelection": 2543, "endSelection": 2546, "explanation": "Повторение одного и того же слова.", "tag": "", "type": "Р.повтор", "subtype": "", "comment": "", "correction": ""}, {"id": 48, "group": "error", "startSelection": 2547, "endSelection": 2557, "explanation": "Повторение однокоренных слов.", "tag": "", "type": "Р.тавт", "subtype": "", "comment": "", "correction": ""}, {"id": 49, "group": "error", "startSelection": 2578, "endSelection": 2585, "explanation": "Повторение однокоренных слов.", "tag": "", "type": "Р.тавт", "subtype": "", "comment": "", "correction": ""}, {"id": 50, "group": "error", "startSelection": 2595, "endSelection": 2604, "explanation": "Повторение одного и того же слова в разных формах.", "tag": "", "type": "Р.повтор", "subtype": "", "comment": "", "correction": ""}, {"id": 51, "group": "error", "startSelection": 2607, "endSelection": 2610, "explanation": "Повторение одного и того же слова.", "tag": "", "type": "Р.повтор", "subtype": "", "comment": "", "correction": ""}, {"id": 52, "group": "error", "startSelection": 2627, "endSelection": 2636, "explanation": "Повторение одного и того же слова в разных формах.", "tag": "", "type": "Р.повтор", "subtype": "", "comment": "", "correction": ""}, {"id": 54, "group": "meaning", "startSelection": 98, "endSelection": 197, "type": "ПРОБЛЕМА", "subtype": "", "explanation": "", "correction": "", "tag": "", "comment": ""}, {"id": 55, "group": "meaning", "startSelection": 198, "endSelection": 328, "type": "ПРИМЕР", "subtype": "", "explanation": "", "correction": "", "tag": "", "comment": ""}, {"id": 56, "group": "meaning", "startSelection": 730, "endSelection": 1036, "type": "ПРИМЕР", "subtype": "", "explanation": "", "correction": "", "tag": "", "comment": ""}, {"id": 57, "group": "meaning", "startSelection": 1135, "endSelection": 2428, "type": "ОТНОШЕНИЕ", "subtype": "", "explanation": "", "correction": "", "tag": "", "comment": ""}]}