{"meta": {"uuid": "7ab97062-0d35-4fde-ba90-60921bc3b0e1", "id": "0012280", "name": "00012280_ru_rus_luchshe_li_staraya_literatura_nyneshnih_hudojestvennyh_proizvedeniy_noexp.txt", "subject": "rus", "test": "егэ тренировка", "category": "", "year": 2021, "class": "11", "theme": "Лучше ли старая литература нынешних художественных произведений? (по тексту Лебедева)", "taskText": "(1)Владимир Солоухин в одном из стихотворений высказывает мысль, что того, кто несёт в руках цветы, можно не опасаться, ибо человек с цветами в руках зла совершить не может.\n(2)Думается, то же можно сказать и о человеке, несущем в руках томик Пушкина или Чехова. (3)Ибо человек, читающий такие книги, есть человек разумный, человек нравственный.\n(4)Известны слова Горького: «Любите книгу — источник знания». (5)К этому следовало бы добавить, что хорошая книга — это и средство воспитания чувств, духовного возвышения личности, это мир человеческих переживаний. (6)А кроме того, книга приобщает к красоте родной речи.\n(7)В России литературно-просветительские традиции всегда были сильны. (8)Иван Сытин, крестьянский сын, который основал во второй половине XIX века издательство в Москве, многие книги продавал по очень низкой цене, может быть, себе в убыток, чтобы они были доступны народу. (9)А благодаря издателю Павленкову в начале XX века появилось две тысячи бесплатных деревенских библиотек.\n(10)В целом мы были и, хочется надеяться, остаёмся более начитанным народом, чем многие другие. (11)И всё-таки всё чаще задаёшь себе вопрос:\n«А будут ли наши дети читать Пушкина?» (12)Хотя книжный прилавок стал неизмеримо богаче и разнообразнее, круг нашего чтения, как показывают социологические исследования, заметно изменился. (13)Пользуются спросом специальная литература и книги, содержащие разного рода практические советы. (14)Что же касается «художественной» литературы, то развлекательное чтиво: детективы, приключения, «семейные» романы — явно потеснило всё прочее. (15)«Спрос определяет предложение», — разводят руками издатели.\n(16)Да, современному человеку, озабоченному материальными и прочими проблемами, не до серьёзного чтения. (17)Читает он преимущественно в транспорте, по дороге на работу и с работы. (18)А что можно читать в автобусной сутолоке? (19)Желание отвлечься, снять нервное напряжение заставляет предпочесть лёгкое чтение, не требующее размышлений и глубокого проникновения в текст.\n(20)Мощными конкурентами книги стали кино и телевидение. (21)Кинорежиссёр Ролан Быков вспоминал о встрече с кинозрителями, на которой одна женщина хвалила кинематограф за выпуск фильма «Война и мир». (22)Она расценила это как великую заботу о наших детях, которым просто не прочитать четыре толстенных тома. (23)А теперь они пойдут в кино и всё увидят. (24)«В зале смеялись, — говорил Быков, — но это было давно».\n(25)Чем опасна замена книги фильмом? (26)Дело не только в том, что литературные шедевры не всегда превращаются в шедевры кинематографические. (27)В отличие от других видов искусства, литература требует не чувственного, а интеллектуального постижения. (28)Читатель создаёт образы героев, проникает в подтекст произведения работой мысли. (29)Превращение телевидения в основной канал информации, как утверждают психологи, свидетельствует о том, что мы переходим на образно-подсознательное восприятие в ущерб рациональному. (30)Ещё в XVIII веке французский философ Дидро говорил: «Кто мало читает, тот перестаёт мыслить».\n(31)Вопрос «Будут ли наши дети читать Пушкина?» символичен: в нём звучит беспокойство о нашем будущем. (32)Ведь оно зависит от нравственного облика, духовного мира тех, кто сегодня сидит за школьной партой или в университетской аудитории. (33)Им определять судьбу нашей цивилизации в XXI веке.\n(34)Так сделаем же всё, чтобы наши дети читали Пушкина!\n"}, "text": "Лучше ли старая литература нынешних художественных произведений? Именно над такой проблемой в предложенном тексте рассуждает Н. И. Лебедев.\nДля того, чтобы раскрыть её, автор объясняет, что сейчас люди читают из-за желания “отвлечься, снять нервное напряжение”, а для этого подходит лишь “лёгкое чтение, не требующее размышлений и глубокого проникновения в текст”. А так как «спрос определяет предложение», произведения сейчас выпускаются соответствующие, не имеющие поучительных и нравственных мыслей. А вот старая литература, как отмечает писатель, предназначена для интеллектуального чтения и способна делать человека более развитым морально и духовно. Из этого в голову сам напрашивается вывод, что произведения прошлого лучше.\nЧтобы подчеркнуть свою позицию, автор вспоминает кино и телевидение, которые в наше время стали “мощными конкурентами книги”. Однако они имеет ряд недостатков. Одним из них является то, что все произведения для показа на телевизоре так же не обладают особым поучительным контекстом, как и нынешние литературные произведения. Кроме того, такой вид искусства требует не “интеллектуального постижения” а “чувственного”. А также, как утверждают психологи, такие произведения заставляют нас перейти на “образно-подсознательное восприятие в ущерб рационализму”. Всё это ещё раз подтверждает то, что старая литература лучше художественных произведений нашего времени.\nОба эти примера позволяют в полной мере разобраться в поставленной писателем проблеме, поняв, какие художественные произведения стоит читать для своего улучшения.\nАвторская позиция мне ясна: литература прошлого гораздо лучше, чем нынешняя литература или иные виды художественных искусств. Ведь старые произведения хранят в себя очень много нравственных идей и требуют интеллектуальной деятельности во время прочтения, что позволяет лучше вникнуть в суть произведения и перенять все хорошие мысли от туда.\nЯ полностью согласен с Н. И. Лебедевым. Произведения прошлого действительно предоставляют множество поучительных нравственных примеров и, соответственно, делают человека, читающего это, лучше.\nДля обоснования своей позиции приведу пример из романа Пушкина “Капитанская дочка”, позволяющий понять важность сохранения своей честь и проявления мужества. Главный герой произведений Пётр Гринёв отказался перейти на сторону Пугачёва, предать родину. Мятежник, увидев его мужество, преданность и отвагу, решил оставить его в живых и даже помочь ему. Герой смог выжить и помочь своей стране именно благодаря перечисленным нравственным качествам, что вызывает у читателей этой книги желание подрожать герою и тем самым становиться лучше. Важно читать не только те произведения, которые предоставляют практические навыки, но и художественные произведения, ведь они делают человека более нравственно развитым, что действительно необходимо в наше время.", "fileName": "0012280.json", "selections": [{"id": 0, "group": "error", "startSelection": 27, "endSelection": 50, "explanation": "Поменяйте эти прилагательные местами или выберите менее строгий стиль грамматической  проверки. Обычно качественное прилагательное предшествует относительному.", "tag": "message.txt: 3:13", "type": "А.лекс", "subtype": "конт", "comment": "", "correction": "художественных нынешних"}, {"id": 1, "group": "error", "startSelection": 202, "endSelection": 208, "explanation": "Повторение однокоренных слов.", "tag": "", "type": "Р.тавт", "subtype": "", "comment": "", "correction": ""}, {"id": 2, "group": "error", "startSelection": 296, "endSelection": 302, "explanation": "Повторение однокоренных слов.", "tag": "", "type": "Р.тавт", "subtype": "", "comment": "", "correction": ""}, {"id": 3, "group": "error", "startSelection": 865, "endSelection": 878, "explanation": "Не согласованы подлежащее со сказуемым, или дополнение стоит не в том падеже. Проверьте окончания слов  {\"они\"},  {\"имеет\"},  {\"ряд\"}.", "tag": "Podlezh_i_skaz_a.doc 3598924856", "type": "А.лекс", "subtype": "конт", "comment": "", "correction": ""}, {"id": 4, "group": "error", "startSelection": 865, "endSelection": 868, "explanation": "Не согласованы подлежащее со сказуемым, или дополнение стоит не в том падеже. Проверьте окончания слов  {\"они\"},  {\"имеет\"},  {\"ряд\"}.", "tag": "Podlezh_i_skaz_a.doc 3598924856", "type": "А.лекс", "subtype": "конт", "comment": "", "correction": ""}, {"id": 5, "group": "error", "startSelection": 869, "endSelection": 874, "explanation": "Не согласованы подлежащее со сказуемым, или дополнение стоит не в том падеже. Проверьте окончания слов  {\"они\"},  {\"имеет\"},  {\"ряд\"}.", "tag": "Podlezh_i_skaz_a.doc 3598924856", "type": "А.лекс", "subtype": "конт", "comment": "", "correction": ""}, {"id": 6, "group": "error", "startSelection": 875, "endSelection": 878, "explanation": "Не согласованы подлежащее со сказуемым, или дополнение стоит не в том падеже. Проверьте окончания слов  {\"они\"},  {\"имеет\"},  {\"ряд\"}.", "tag": "Podlezh_i_skaz_a.doc 3598924856", "type": "А.лекс", "subtype": "конт", "comment": "", "correction": ""}, {"id": 7, "group": "error", "startSelection": 926, "endSelection": 938, "explanation": "Повторение одного и того же слова в разных формах.", "tag": "", "type": "Р.повтор", "subtype": "", "comment": "", "correction": ""}, {"id": 8, "group": "error", "startSelection": 1043, "endSelection": 1055, "explanation": "Повторение одного и того же слова в разных формах.", "tag": "", "type": "Р.повтор", "subtype": "", "comment": "", "correction": ""}, {"id": 9, "group": "error", "startSelection": 1151, "endSelection": 1161, "explanation": "Возможно, неправильное написание сравнительного союза \"так же, как\".", "tag": "Equivale.doc 1739073780", "type": "А.лекс", "subtype": "конт", "comment": "", "correction": ""}, {"id": 10, "group": "error", "startSelection": 1151, "endSelection": 1161, "explanation": "В сочетании с «как» «также» не может быть союзом. Частица «же» должна писаться раздельно: «так же, как».", "tag": "", "type": "Г.ЧАСТИЦ", "subtype": "част", "comment": "", "correction": ""}, {"id": 11, "group": "error", "startSelection": 1162, "endSelection": 1172, "explanation": "Повторение однокоренных слов.", "tag": "", "type": "Р.тавт", "subtype": "", "comment": "", "correction": ""}, {"id": 12, "group": "error", "startSelection": 1190, "endSelection": 1202, "explanation": "Повторение одного и того же слова в разных формах.", "tag": "", "type": "Р.повтор", "subtype": "", "comment": "", "correction": ""}, {"id": 13, "group": "error", "startSelection": 1304, "endSelection": 1316, "explanation": "Повторение однокоренных слов.", "tag": "", "type": "Р.тавт", "subtype": "", "comment": "", "correction": ""}, {"id": 14, "group": "error", "startSelection": 1349, "endSelection": 1363, "explanation": "Повторение одного и того же слова в разных формах.", "tag": "", "type": "Р.повтор", "subtype": "", "comment": "", "correction": ""}, {"id": 15, "group": "error", "startSelection": 1364, "endSelection": 1376, "explanation": "Повторение одного и того же слова в разных формах.", "tag": "", "type": "Р.повтор", "subtype": "", "comment": "", "correction": ""}, {"id": 16, "group": "error", "startSelection": 1493, "endSelection": 1507, "explanation": "Повторение одного и того же слова в разных формах.", "tag": "", "type": "Р.повтор", "subtype": "", "comment": "", "correction": ""}, {"id": 17, "group": "error", "startSelection": 1508, "endSelection": 1520, "explanation": "Повторение одного и того же слова в разных формах.", "tag": "", "type": "Р.повтор", "subtype": "", "comment": "", "correction": ""}, {"id": 18, "group": "error", "startSelection": 1657, "endSelection": 1671, "explanation": "Повторение одного и того же слова в разных формах.", "tag": "", "type": "Р.повтор", "subtype": "", "comment": "", "correction": ""}, {"id": 19, "group": "error", "startSelection": 1889, "endSelection": 1896, "explanation": "", "tag": "REPLACE_p+pron_adv", "type": "А.лекс", "subtype": "конт", "comment": "", "correction": "оттуда"}, {"id": 20, "group": "error", "startSelection": 1889, "endSelection": 1891, "explanation": "Предлог {\"от\"} не связан с существительным или местоимением.", "tag": "message.txt: 2:3", "type": "А.лекс", "subtype": "конт", "comment": "", "correction": ""}, {"id": 21, "group": "error", "startSelection": 1694, "endSelection": 1706, "explanation": "Повторение одного и того же слова в разных формах.", "tag": "", "type": "Р.повтор", "subtype": "", "comment": "", "correction": ""}, {"id": 22, "group": "error", "startSelection": 2024, "endSelection": 2032, "explanation": "Повторение одного и того же слова в разных формах.", "tag": "", "type": "Р.повтор", "subtype": "", "comment": "", "correction": ""}, {"id": 23, "group": "error", "startSelection": 2107, "endSelection": 2112, "explanation": "Повторение одного и того же слова.", "tag": "", "type": "Р.повтор", "subtype": "", "comment": "", "correction": ""}, {"id": 24, "group": "error", "startSelection": 2129, "endSelection": 2135, "explanation": "Повторение одного и того же слова в разных формах.", "tag": "", "type": "Р.повтор", "subtype": "", "comment": "", "correction": ""}, {"id": 25, "group": "error", "startSelection": 2214, "endSelection": 2219, "explanation": "Повторение одного и того же слова.", "tag": "", "type": "Р.повтор", "subtype": "", "comment": "", "correction": ""}, {"id": 26, "group": "error", "startSelection": 2360, "endSelection": 2363, "explanation": "Повторение одного и того же слова.", "tag": "", "type": "Р.повтор", "subtype": "", "comment": "", "correction": ""}, {"id": 27, "group": "error", "startSelection": 2411, "endSelection": 2414, "explanation": "Повторение одного и того же слова.", "tag": "", "type": "Р.повтор", "subtype": "", "comment": "", "correction": ""}, {"id": 28, "group": "error", "startSelection": 2430, "endSelection": 2436, "explanation": "Повторение одинаковых и однокоренных слов.", "tag": "", "type": "Р.повтор", "subtype": "", "comment": "", "correction": ""}, {"id": 29, "group": "error", "startSelection": 2581, "endSelection": 2596, "explanation": "От слова \"дрожать\"?", "tag": "PARONYM.doc -538161539", "type": "А.лекс", "subtype": "конт", "comment": "", "correction": ""}, {"id": 30, "group": "error", "startSelection": 2448, "endSelection": 2452, "explanation": "Повторение одинаковых и однокоренных слов.", "tag": "", "type": "Р.тавт", "subtype": "", "comment": "", "correction": ""}, {"id": 31, "group": "error", "startSelection": 2462, "endSelection": 2468, "explanation": "Повторение одинаковых и однокоренных слов.", "tag": "", "type": "Р.повтор", "subtype": "", "comment": "", "correction": ""}, {"id": 32, "group": "error", "startSelection": 2552, "endSelection": 2561, "explanation": "Повторение однокоренных слов.", "tag": "", "type": "Р.тавт", "subtype": "", "comment": "", "correction": ""}, {"id": 33, "group": "error", "startSelection": 2609, "endSelection": 2620, "explanation": "Повторение однокоренных слов.", "tag": "", "type": "Р.тавт", "subtype": "", "comment": "", "correction": ""}, {"id": 34, "group": "error", "startSelection": 2634, "endSelection": 2640, "explanation": "Повторение однокоренных слов.", "tag": "", "type": "Р.тавт", "subtype": "", "comment": "", "correction": ""}, {"id": 35, "group": "error", "startSelection": 2676, "endSelection": 2689, "explanation": "Повторение однокоренных слов.", "tag": "", "type": "Р.тавт", "subtype": "", "comment": "", "correction": ""}, {"id": 37, "group": "meaning", "startSelection": 65, "endSelection": 139, "type": "ПРОБЛЕМА", "subtype": "", "explanation": "", "correction": "", "tag": "", "comment": ""}, {"id": 38, "group": "meaning", "startSelection": 140, "endSelection": 364, "type": "ПРИМЕР", "subtype": "", "explanation": "", "correction": "", "tag": "", "comment": ""}, {"id": 39, "group": "meaning", "startSelection": 365, "endSelection": 731, "type": "ПОЯСНЕНИЕ", "subtype": "", "explanation": "", "correction": "", "tag": "", "comment": ""}, {"id": 40, "group": "meaning", "startSelection": 732, "endSelection": 857, "type": "ПРИМЕР", "subtype": "", "explanation": "", "correction": "", "tag": "", "comment": ""}, {"id": 41, "group": "meaning", "startSelection": 858, "endSelection": 1392, "type": "ПОЯСНЕНИЕ", "subtype": "", "explanation": "", "correction": "", "tag": "", "comment": ""}, {"id": 42, "group": "meaning", "startSelection": 1393, "endSelection": 1555, "type": "СВЯЗЬ", "subtype": "", "explanation": "", "correction": "", "tag": "", "comment": ""}, {"id": 43, "group": "meaning", "startSelection": 1556, "endSelection": 1897, "type": "ПОЗИЦИЯ", "subtype": "", "explanation": "", "correction": "", "tag": "", "comment": ""}, {"id": 44, "group": "meaning", "startSelection": 1898, "endSelection": 2840, "type": "ОТНОШЕНИЕ", "subtype": "", "explanation": "", "correction": "", "tag": "", "comment": ""}]}