{"meta": {"uuid": "92592479-f67b-4186-ac9e-79b11ebc84ff", "id": "0012186", "name": "00012186_ru_rus_problema_vliyaniya_televideniya_na_cheloveka_noexp.txt", "subject": "rus", "test": "егэ тренировка", "category": "", "year": 2021, "class": "11", "theme": "Проблема влияния телевидения на человека (По тексту Жуховицкого)", "taskText": "(1)В последние годы я не раз писал, что через посредство говорящего ящика происходит массовая дебилизация населения.\n(2)А недавно приблизительно то же самое на заседании правительства заявил министр обороны Сергей Иванов. (3)Говорят, он даже предложил удалить с экрана убогую программу «Аншлаг». (4)На что другой министр, демократичный Герман Греф, якобы возразил, что не министерское это дело — запрещать телепрограммы, что кому-то может не нравиться футбол — но не отменять же из-за этого репортажи.\n(5)Я против оздоровления ТВ административным путём. (6)Слишком хорошо знаю, чем кончаются благие порывы начальства: в процессе борьбы с дебилизацией уберут с экрана Познера и Сорокину, а «Аншлаг» останется.\n(7)Однако что же всё-таки делать с телевидением? (8)И — почему оно так заметно деградирует?\n(9)Самое забавное, что оно абсолютно никому не нравится, включая самих телевизионщиков, — и тем не менее работает так, как работает. (10)Если это можно назвать работой.\n(11)Влияние ящика на народ у нас не слишком исследовано. (12)В Европе и США этим занимаются давно. (13)И прежде всего очень тревожатся за детей. (14)Например, в Швеции выросло уже два или три глухонемых поколения. (15)С ушами у этих славных ребят всё в порядке, и слова знают, какие надо. (16)Но общаться практически не способны: телевизор с детства приучал их только слушать. (17)И с мышлением слабовато: привыкли, что за них думает ящик. (18)А ящик во имя рейтинга излагает свои выводы из происходящего на планете в предельно доступной форме, на уровне «хорошо» – «плохо». (19)Без оттенков. (20)Впрочем, в странах развитой демократии у агрессивной дебилизации есть противовес: у разных каналов разные хозяева, разные политические пристрастия и, соответственно, разные точки зрения. (21)Что бы там ни было, у западного телезрителя всё же есть выбор. (22)А выбирать — уже интеллектуальный процесс, худобедно развивающий мозги.\n(23)Мне кажется, основная беда в том, что пока ни общество, ни власть не определились с основным вопросом: чем должно быть в нашей жизни телевидение, прежде всего центральное телевидение? (24)В чём его роль? (25)Информировать? (26)Конечно. (27)Забавлять? (28)Допустим. (29)И это всё? (30)Или — что-то ещё? (31)Наверное, всё-таки что-то ещё.\n"}, "text": "Телевизор, да зачастую еще и не один, как правило, обязательно присутствует в каждом доме. Маленькие дети смотрят мультики, папы – спортивные передачи, бабушки – сериалы и т.д Но мало кто задумывается о том, как влияет телевидение на человека и его здоровье.\nИменно эта социальная проблема поставлена Леонидом Ароновичем Жуховицким в тексте.\nВ своих рассуждениях писатель останавливается на причинах деградации телевидения, а также говорит о необходимости изменить сложившуюся ситуацию. Автор обращает внимание на последствия «влияния ящика» и призывает опомниться и остановить массовую «дебилизацию» населения.\nОн считает, что посредством телевидения деградирует целое поколение людей, но при этом не видит административного пути решения этой проблемы. Жуховицкий уверен, что «основная беда» общества и власти состоит в том, что никто четко не представляет роли телевидения в жизни человека.\nПрисоединяюсь к мнению автора о том, что телевизор оказывает пагубное влияние на состояние человека. Ведь телевидение во многом заменило активное времяпрепровождение людей, и вместо общения, занятий спортом, любимым делом, они просто созерцают то, что происходит на экране.\nДоказательством может служить простая статистика: японские ученые доказали, что именно мультсериалы явились причиной массового заболевания детей в 1997 году: судороги, рвота, остановка дыхания. Таким образом, это подтверждает, что телевидение оказывает пагубное влияние на здоровье человека.\nДоказать свою позицию я хочу с помощью статистических и научных данных, а также мнений авторитетных и влиятельных личностей 20 века.\nПродолжительное сидение у телеэкрана может привести также к нарушению функций головного мозга, возникают нарушения речи, человек перестает заниматься творчеством, и это тоже отражается на будущем. Об этом пишет в своей книге «Застывший взгляд» доктор наук, педагог и философ Райнер Пацлав. Излагаемые им новые, подчас неожиданные результаты исследований подтверждают вывод, что воздействие телевизионных образов на физиологию человека очень серьезно.\n22 апреля 1999 г. «Зюддойче цайтунг» замечала по поводу резни в Литлтоне, штат Колорадо (США): «Статистики утверждают, что в среднем за свою жизнь вплоть до поступления в колледж молодой человек мог увидеть в масс-медиа изображения более чем 200 000 преступлений, связанных с насилием, и репортажи о примерно 16 000 убийствах — по телевизору».\nАмериканский военный психолог Дэйв Гросмен в 1999 г. настоятельно предупреждал общественность, что «показы насилия в масс-медиа и еще более опасные, пропитанные насилием интерактивные видеоигры» запускают у детей и подростков как раз те психические механизмы, с помощью которых профессиональных солдат учат убивать.\nТаким образом, проблема, рассмотренная Леонидом Жуховицким в тексте,\nявляется одной из актуальнейших проблем современного общества.", "fileName": "0012186.json", "selections": [{"id": 0, "group": "error", "startSelection": 114, "endSelection": 122, "explanation": "Разговорное выражение, придающее тексту непринуждённый характер.", "tag": "RAZG.doc 761801472", "type": "А.лекс", "subtype": "конт", "comment": "", "correction": ""}, {"id": 1, "group": "error", "startSelection": 124, "endSelection": 128, "explanation": "", "tag": "REPLACE_папа_пара", "type": "А.лекс", "subtype": "конт", "comment": "", "correction": "пары"}, {"id": 2, "group": "error", "startSelection": 173, "endSelection": 175, "explanation": "Не хватает пробела.", "tag": "message.txt: 4:0", "type": "А.лекс", "subtype": "конт", "comment": "", "correction": ". д"}, {"id": 3, "group": "error", "startSelection": 175, "endSelection": 177, "explanation": "Возможно, пропущена точка перед заглавной буквой в начале следующего предложения. Восстановить пропущенную точку?", "tag": "message.txt: 4:3", "type": "А.лекс", "subtype": "конт", "comment": "", "correction": ". Н"}, {"id": 4, "group": "error", "startSelection": 588, "endSelection": 599, "explanation": "Слово с ярко выраженной экспрессивной окраской.", "tag": "EXPRES.doc 8af4b4854", "type": "А.лекс", "subtype": "конт", "comment": "", "correction": ""}, {"id": 5, "group": "error", "startSelection": 811, "endSelection": 818, "explanation": "Повторение однокоренных слов.", "tag": "", "type": "Р.тавт", "subtype": "", "comment": "", "correction": ""}, {"id": 6, "group": "error", "startSelection": 821, "endSelection": 824, "explanation": "Повторение одного и того же слова.", "tag": "", "type": "Р.повтор", "subtype": "", "comment": "", "correction": ""}, {"id": 7, "group": "error", "startSelection": 845, "endSelection": 857, "explanation": "Повторение однокоренных слов.", "tag": "", "type": "Р.тавт", "subtype": "", "comment": "", "correction": ""}, {"id": 8, "group": "error", "startSelection": 883, "endSelection": 891, "explanation": "Повторение одного и того же слова.", "tag": "", "type": "Р.повтор", "subtype": "", "comment": "", "correction": ""}, {"id": 9, "group": "error", "startSelection": 925, "endSelection": 928, "explanation": "Повторение одного и того же слова.", "tag": "", "type": "Р.повтор", "subtype": "", "comment": "", "correction": ""}, {"id": 10, "group": "error", "startSelection": 974, "endSelection": 983, "explanation": "Повторение однокоренных слов.", "tag": "", "type": "Р.тавт", "subtype": "", "comment": "", "correction": ""}, {"id": 11, "group": "error", "startSelection": 984, "endSelection": 992, "explanation": "Повторение одного и того же слова.", "tag": "", "type": "Р.повтор", "subtype": "", "comment": "", "correction": ""}, {"id": 12, "group": "error", "startSelection": 1021, "endSelection": 1029, "explanation": "", "tag": "REPLACE_отменить_отметить", "type": "А.лекс", "subtype": "конт", "comment": "", "correction": "заметило"}, {"id": 13, "group": "error", "startSelection": 1120, "endSelection": 1126, "explanation": "Повторение одного и того же слова в разных формах.", "tag": "", "type": "Р.повтор", "subtype": "", "comment": "", "correction": ""}, {"id": 14, "group": "error", "startSelection": 1167, "endSelection": 1182, "explanation": "Повторение одинаковых и однокоренных слов.", "tag": "", "type": "Р.тавт", "subtype": "", "comment": "", "correction": ""}, {"id": 15, "group": "error", "startSelection": 1197, "endSelection": 1204, "explanation": "Повторение одного и того же слова в разных формах.", "tag": "", "type": "Р.повтор", "subtype": "", "comment": "", "correction": ""}, {"id": 16, "group": "error", "startSelection": 1233, "endSelection": 1241, "explanation": "Повторение одинаковых и однокоренных слов.", "tag": "", "type": "Р.тавт", "subtype": "", "comment": "", "correction": ""}, {"id": 17, "group": "error", "startSelection": 1429, "endSelection": 1436, "explanation": "Повторение однокоренных слов.", "tag": "", "type": "Р.тавт", "subtype": "", "comment": "", "correction": ""}, {"id": 18, "group": "error", "startSelection": 1459, "endSelection": 1467, "explanation": "Повторение одинаковых и однокоренных слов.", "tag": "", "type": "Р.тавт", "subtype": "", "comment": "", "correction": ""}, {"id": 19, "group": "error", "startSelection": 1533, "endSelection": 1538, "explanation": "Повторение одного и того же слова.", "tag": "", "type": "Р.повтор", "subtype": "", "comment": "", "correction": ""}, {"id": 20, "group": "error", "startSelection": 1561, "endSelection": 1572, "explanation": "Повторение однокоренных слов.", "tag": "", "type": "Р.тавт", "subtype": "", "comment": "", "correction": ""}, {"id": 21, "group": "error", "startSelection": 1644, "endSelection": 1649, "explanation": "Повторение одного и того же слова.", "tag": "", "type": "Р.повтор", "subtype": "", "comment": "", "correction": ""}, {"id": 22, "group": "error", "startSelection": 1652, "endSelection": 1661, "explanation": "Повторение одного и того же слова в разных формах.", "tag": "", "type": "Р.повтор", "subtype": "", "comment": "", "correction": ""}, {"id": 23, "group": "error", "startSelection": 1697, "endSelection": 1706, "explanation": "Повторение одного и того же слова в разных формах.", "tag": "", "type": "Р.повтор", "subtype": "", "comment": "", "correction": ""}, {"id": 24, "group": "error", "startSelection": 1757, "endSelection": 1760, "explanation": "Повторение одного и того же слова в разных формах.", "tag": "", "type": "Р.повтор", "subtype": "", "comment": "", "correction": ""}, {"id": 25, "group": "error", "startSelection": 1792, "endSelection": 1796, "explanation": "Повторение одного и того же слова в разных формах.", "tag": "", "type": "Р.повтор", "subtype": "", "comment": "", "correction": ""}, {"id": 26, "group": "error", "startSelection": 1959, "endSelection": 1964, "explanation": "Повторение однокоренных слов.", "tag": "", "type": "Р.тавт", "subtype": "", "comment": "", "correction": ""}, {"id": 27, "group": "error", "startSelection": 2179, "endSelection": 2189, "explanation": "Слово «свой» применительно к жизни часто избыточно, поскольку жизнь у человека всегда «своя».", "tag": "", "type": "Р.ЛИШН", "subtype": "лишн", "comment": "", "correction": ""}, {"id": 28, "group": "error", "startSelection": 2252, "endSelection": 2262, "explanation": "Слово пишется без дефиса.", "tag": "message.txt: 1:0", "type": "А.лекс", "subtype": "конт", "comment": "", "correction": ""}, {"id": 29, "group": "error", "startSelection": 2252, "endSelection": 2262, "explanation": "Слово пишется слитно, без дефиса.", "tag": "message.txt: 2:7", "type": "А.лекс", "subtype": "конт", "comment": "", "correction": ""}, {"id": 30, "group": "error", "startSelection": 2092, "endSelection": 2098, "explanation": "Повторение однокоренных слов.", "tag": "", "type": "Р.тавт", "subtype": "", "comment": "", "correction": ""}, {"id": 31, "group": "error", "startSelection": 2504, "endSelection": 2514, "explanation": "Слово пишется без дефиса.", "tag": "message.txt: 1:0", "type": "А.лекс", "subtype": "конт", "comment": "", "correction": ""}, {"id": 32, "group": "error", "startSelection": 2504, "endSelection": 2514, "explanation": "Слово пишется слитно, без дефиса.", "tag": "message.txt: 2:7", "type": "А.лекс", "subtype": "конт", "comment": "", "correction": ""}, {"id": 34, "group": "meaning", "startSelection": 91, "endSelection": 258, "type": "ПРОБЛЕМА", "subtype": "", "explanation": "", "correction": "", "tag": "", "comment": ""}, {"id": 35, "group": "meaning", "startSelection": 342, "endSelection": 611, "type": "ПОЗИЦИЯ", "subtype": "", "explanation": "", "correction": "", "tag": "", "comment": ""}, {"id": 36, "group": "meaning", "startSelection": 612, "endSelection": 892, "type": "ПОЗИЦИЯ", "subtype": "", "explanation": "", "correction": "", "tag": "", "comment": ""}, {"id": 37, "group": "meaning", "startSelection": 2043, "endSelection": 2386, "type": "ПРИМЕР", "subtype": "", "explanation": "", "correction": "", "tag": "", "comment": ""}, {"id": 38, "group": "meaning", "startSelection": 2387, "endSelection": 2702, "type": "ПРИМЕР", "subtype": "", "explanation": "", "correction": "", "tag": "", "comment": ""}, {"id": 39, "group": "meaning", "startSelection": 2703, "endSelection": 2834, "type": "ОТНОШЕНИЕ", "subtype": "", "explanation": "", "correction": "", "tag": "", "comment": ""}]}