{"meta": {"uuid": "8c559da0-d0f8-4868-a845-ea30e8349727", "id": "0012394", "name": "00012394_ru_rus_problema_izmeneniy_v_russkom_yazyke_noexp.txt", "subject": "rus", "test": "егэ тренировка", "category": "", "year": 2021, "class": "11", "theme": "Проблема изменений в русском языке (По тексту Кронгаза)", "taskText": "(1)Мир вокруг нас меняется. (2)И язык, который существует в меняющемся мире, меняется сам, перестаёт выполнять свою функцию. (3)Мы не сможем говорить на нем об этом мире, потому что у нас просто не хватит слов. (4)И не так уж важно, идёт ли речь о домовых сычах, новых технологиях или новых политических и экономических реалиях. (5)Объективно всё правильно, язык должен меняться, и он меняется. (6)Более того, запаздывание изменений приносит людям значительное неудобство, но и очень быстрые изменения могут мешать и раздражать.\n(7)Что же конкретно мешает мне и раздражает меня?\n(8)Не люблю, когда я не понимаю отдельных слов в тексте или в чьей-то речи. (9)Даже если я понимаю, что это слово из английского языка, и могу вспомнить, что оно там значит, меня это раздражает. (10)Позавчера я споткнулся на стритрейсерах, вчера — на трендсеттерах, сегодня — на дауншифтерах, и я точно знаю, что завтра будет только хуже.\n(11)К заимствованиям быстро привыкаешь, и уже сейчас трудно представить себе русский язык без слова «компьютер» или даже без слова «пиар» (хотя многие его и недолюбливают). (12)Я, например, давно привык к слову «менеджер», но вот никак не могу разобраться во всех этих «сейлз-менеджерах», «аккаунт-менеджерах» и им подобных. (13)Я понимаю, что без «специалиста по недвижимости» или «специалиста по порождению идей» не обойтись, но ужасно раздражает, что одновременно существуют «риэлтор», «риелтор», «риэлтер» и «риелтер», а также «криэйтор», «криейтор» и «креатор». (14)А лингвисты при этом либо просто не успевают советовать, либо дают взаимоисключающие рекомендации.\n(15)Когда-то я с лёгкой иронией относился к эмигрантам, приезжающим в Россию и не понимающим некоторых важных слов, того же «пиара», скажем. (16)И вот теперь я сам, даже никуда не уезжая, обнаружил, что некоторые слова я не то чтобы совсем не понимаю, но понимаю их только потому, что знаю иностранные языки, прежде всего английский. (17)Мне, например, стало трудно читать спортивные газеты (почему-то спортивные журналисты особенно не любят переводить с английского на русский, а предпочитают сразу заимствовать). (18)В репортажах о боксе появились загадочные «панчеры» и «круэеры»; в репортажах о футболе — «дерби», «монегаски» и «манкунианцы». (19)Да что говорить, я перестал понимать, о каких видах спорта идёт речь! (20)Я не знал, что такое кёрлинг, кайтинг или банджи-джампинг (теперь знаю).\n(21)Окончательно добил меня хоккейный репортаж, в котором было сказано о канадском хоккеисте, забившем гол и сделавшем две «ассистенции». (22)Поняв, что речь идёт о голевых пасах (или передачах), я, во-первых, поразился возможностям языка, а во-вторых, разозлился на журналиста, которому то ли лень было перевести слово, то ли, как говорится, «западло». (23)Потом я, правда, сообразил, что был не вполне прав не только по отношению к эмигрантам, но и к спортивному журналисту. (24)Ведь глагол «ассистировать» (в значении «делать голевой пас»), да и слово «ассистент» в соответствующем значении уже стали частью русской спортивной терминологии. (25)Так чем хуже «ассистенция»?\n(26)Но правды ради должен сказать, что более я этого слова не встречал.\n(27)Думаю, что почти у каждого, кто обращает внимание на язык, найдутся претензии к сегодняшнему его состоянию, может быть, похожие, может быть, какие-то другие (вкусы ведь у нас у всех разные, в том числе и языковые).\n(28)Я, в принципе, не против сленга (и других жаргонов). (29)Я просто хочу понимать, где граница между ним и литературным языком. (30)Я, в принципе, не против заимствований, я только хочу, чтобы русский язык успевал их осваивать; я хочу знать, где в этих словах ставить ударение и как их правильно писать. (31)Я, в принципе, не против языковой свободы: она, (конечно, в разумных пределах) способствует творчеству и делает речь более выразительной.\n(32)Но мне не нравится языковой хаос (который вообще-то является её обратной стороной), когда уже не понимаешь, игра его или безграмотность, выразительность или грубость.\n"}, "text": "В наше время все меняется с такой скоростью, что порой два поколения одной семьи могут перестать понимать речь друг друга. В своем тексте М.А. Кронгаз поднимает актуальную проблему изменений в русском языке. Рассуждая над темой, автор подчеркивает, что язык, безусловно, должен меняться вместе со всем миром и успевать за любыми веяниями общества. Но скорость подобных перемен должна быть в равновесии: не слишком быстро и не слишком медленно, удовлетворяя потребности всех людей и вместе с тем давая им возможность развиваться, совершенствовать знание языка. И, конечно, при любых обстоятельствах должны сохраняться основные нормы языка. Лингвист подводит нас к тому, что и сам он не против всяческих заимствований, не против сленга и спортивных терминов, больше похожих на авторские неологизмы – это и есть развитие, но только не в том случае, когда все это превращается в «языковой хаос». Автор считает, что изменения в языке закономерны – они идут в одну ногу с изменениями в обществе. Если этого не происходит – язык теряет свою функцию, однако эти изменения должны быть ориентированы на все слои общества и понятны каждому. Я полностью согласна с мнением М.А. Кронгауза и тоже считаю, что язык должен быть свободным, пластичным и меняться в связи с изменениями в обществе, сохраняя при этом нормы и доступность. Большинство русских писателей, когда-либо существовавших, уважали язык своего Отечества и восхищались его красотой и величием. Некоторые из них даже посвящали этой теме свои произведения, как, например, всем известное стихотворение в прозе И.С. Тургенева «Русский язык», в котором он восхваляет «великий, могучий, правдивый и свободный русский язык». Для Ивана Сергеевича язык и общество – два неразделимых понятия, и он искренне верит, что русский народ способен ценить и уважать свой язык и осознавать его величие, а поэтому достоин его. А.А. Ахматова также считает, что общество и язык неразделимы, и будущее страны напрямую зависит от целостности языка. В стихотворении «Мужество» поэтесса описывает свою самоотверженную любовь к «русскому слову» и демонстрирует свою готовность бороться за чистоту и правильность русской речи, «великого русского слова», ведь она понимает, что от её отношения к языку родины зависит его будущее. Таким образом, можно сделать вывод, что русский язык способен к видоизменениям, он должен меняться одновременно с обществом. Однако потенциал русского языка истощим, поэтому важно заботиться о его распространении и обогащении, тем самым сохраняя его свободность, целостность и нормированность для будущих поколений.", "fileName": "0012394.json", "selections": [{"id": 0, "group": "error", "startSelection": 13, "endSelection": 16, "explanation": "", "tag": "REPLACE_все_вес", "type": "А.лекс", "subtype": "конт", "comment": "", "correction": "вес"}, {"id": 1, "group": "error", "startSelection": 17, "endSelection": 25, "explanation": "Повторение однокоренных слов.", "tag": "", "type": "Р.тавт", "subtype": "", "comment": "", "correction": ""}, {"id": 2, "group": "error", "startSelection": 123, "endSelection": 137, "explanation": "Слово «свой» в контекстах вроде «писатель в своём тексте рассказывает...» избыточно.", "tag": "", "type": "Р.ЛИШН", "subtype": "лишн", "comment": "", "correction": ""}, {"id": 3, "group": "error", "startSelection": 151, "endSelection": 180, "explanation": "Проблему можно «поставить», «выдвинуть», «обозначить» или «рассмотреть», но лучше ее не «поднимать».", "tag": "", "type": "Р.СОЧЕТ", "subtype": null, "comment": "", "correction": ""}, {"id": 4, "group": "error", "startSelection": 181, "endSelection": 190, "explanation": "Повторение однокоренных слов.", "tag": "", "type": "Р.тавт", "subtype": "", "comment": "", "correction": ""}, {"id": 5, "group": "error", "startSelection": 201, "endSelection": 206, "explanation": "Повторение одного и того же слова в разных формах.", "tag": "", "type": "Р.повтор", "subtype": "", "comment": "", "correction": ""}, {"id": 6, "group": "error", "startSelection": 208, "endSelection": 221, "explanation": "Глагол «рассуждать», в отличие от «размышлять», требует предлога «о».", "tag": "", "type": "Г.УПР", "subtype": "упр", "comment": "", "correction": ""}, {"id": 7, "group": "error", "startSelection": 253, "endSelection": 257, "explanation": "Повторение одного и того же слова в разных формах.", "tag": "", "type": "Р.повтор", "subtype": "", "comment": "", "correction": ""}, {"id": 8, "group": "error", "startSelection": 278, "endSelection": 286, "explanation": "Повторение однокоренных слов.", "tag": "", "type": "Р.тавт", "subtype": "", "comment": "", "correction": ""}, {"id": 9, "group": "error", "startSelection": 406, "endSelection": 413, "explanation": "Повторение одного и того же слова.", "tag": "", "type": "Р.повтор", "subtype": "", "comment": "", "correction": ""}, {"id": 10, "group": "error", "startSelection": 426, "endSelection": 433, "explanation": "Повторение одного и того же слова.", "tag": "", "type": "Р.повтор", "subtype": "", "comment": "", "correction": ""}, {"id": 11, "group": "error", "startSelection": 553, "endSelection": 558, "explanation": "Повторение одного и того же слова.", "tag": "", "type": "Р.повтор", "subtype": "", "comment": "", "correction": ""}, {"id": 12, "group": "error", "startSelection": 632, "endSelection": 637, "explanation": "Повторение одного и того же слова.", "tag": "", "type": "Р.повтор", "subtype": "", "comment": "", "correction": ""}, {"id": 13, "group": "error", "startSelection": 911, "endSelection": 920, "explanation": "Повторение однокоренных слов.", "tag": "", "type": "Р.повтор", "subtype": "", "comment": "", "correction": ""}, {"id": 14, "group": "error", "startSelection": 947, "endSelection": 951, "explanation": "Повторение однокоренных слов.", "tag": "", "type": "Р.тавт", "subtype": "", "comment": "", "correction": ""}, {"id": 15, "group": "error", "startSelection": 966, "endSelection": 977, "explanation": "Повторение однокоренных слов.", "tag": "", "type": "Р.повтор", "subtype": "", "comment": "", "correction": ""}, {"id": 16, "group": "error", "startSelection": 980, "endSelection": 988, "explanation": "Повторение одного и того же слова в разных формах.", "tag": "", "type": "Р.повтор", "subtype": "", "comment": "", "correction": ""}, {"id": 17, "group": "error", "startSelection": 1004, "endSelection": 1014, "explanation": "Повторение однокоренных слов.", "tag": "", "type": "Р.тавт", "subtype": "", "comment": "", "correction": ""}, {"id": 18, "group": "error", "startSelection": 1054, "endSelection": 1063, "explanation": "Повторение однокоренных слов.", "tag": "", "type": "Р.повтор", "subtype": "", "comment": "", "correction": ""}, {"id": 19, "group": "error", "startSelection": 1102, "endSelection": 1110, "explanation": "Повторение одного и того же слова в разных формах.", "tag": "", "type": "Р.повтор", "subtype": "", "comment": "", "correction": ""}, {"id": 20, "group": "error", "startSelection": 1236, "endSelection": 1244, "explanation": "Повторение однокоренных слов.", "tag": "", "type": "Р.тавт", "subtype": "", "comment": "", "correction": ""}, {"id": 21, "group": "error", "startSelection": 1255, "endSelection": 1266, "explanation": "Повторение однокоренных слов.", "tag": "", "type": "Р.тавт", "subtype": "", "comment": "", "correction": ""}, {"id": 22, "group": "error", "startSelection": 1269, "endSelection": 1277, "explanation": "Повторение одного и того же слова в разных формах.", "tag": "", "type": "Р.повтор", "subtype": "", "comment": "", "correction": ""}, {"id": 23, "group": "error", "startSelection": 1389, "endSelection": 1395, "explanation": "Повторение одного и того же слова в разных формах.", "tag": "", "type": "Р.повтор", "subtype": "", "comment": "", "correction": ""}, {"id": 24, "group": "error", "startSelection": 1487, "endSelection": 1491, "explanation": "Повторение одного и того же слова в разных формах.", "tag": "", "type": "Р.повтор", "subtype": "", "comment": "", "correction": ""}, {"id": 25, "group": "error", "startSelection": 1662, "endSelection": 1666, "explanation": "Повторение одного и того же слова.", "tag": "", "type": "Р.повтор", "subtype": "", "comment": "", "correction": ""}, {"id": 26, "group": "error", "startSelection": 1690, "endSelection": 1694, "explanation": "Повторение одного и того же слова.", "tag": "", "type": "Р.повтор", "subtype": "", "comment": "", "correction": ""}, {"id": 27, "group": "error", "startSelection": 1822, "endSelection": 1825, "explanation": "Повторение одного и того же слова.", "tag": "", "type": "Р.повтор", "subtype": "", "comment": "", "correction": ""}, {"id": 28, "group": "error", "startSelection": 1853, "endSelection": 1856, "explanation": "Повторение одного и того же слова.", "tag": "", "type": "Р.повтор", "subtype": "", "comment": "", "correction": ""}, {"id": 29, "group": "error", "startSelection": 1902, "endSelection": 1906, "explanation": "Повторение одного и того же слова в разных формах.", "tag": "", "type": "Р.повтор", "subtype": "", "comment": "", "correction": ""}, {"id": 30, "group": "error", "startSelection": 1969, "endSelection": 1974, "explanation": "Повторение одного и того же слова в разных формах.", "tag": "", "type": "Р.повтор", "subtype": "", "comment": "", "correction": ""}, {"id": 31, "group": "error", "startSelection": 2022, "endSelection": 2026, "explanation": "Повторение одного и того же слова.", "tag": "", "type": "Р.повтор", "subtype": "", "comment": "", "correction": ""}, {"id": 32, "group": "error", "startSelection": 2085, "endSelection": 2089, "explanation": "Повторение одного и того же слова.", "tag": "", "type": "Р.повтор", "subtype": "", "comment": "", "correction": ""}, {"id": 33, "group": "error", "startSelection": 2218, "endSelection": 2223, "explanation": "Повторение одного и того же слова в разных формах.", "tag": "", "type": "Р.повтор", "subtype": "", "comment": "", "correction": ""}, {"id": 34, "group": "error", "startSelection": 2239, "endSelection": 2242, "explanation": "Повторение одного и того же слова.", "tag": "", "type": "Р.повтор", "subtype": "", "comment": "", "correction": ""}, {"id": 35, "group": "error", "startSelection": 2300, "endSelection": 2304, "explanation": "Повторение одного и того же слова в разных формах.", "tag": "", "type": "Р.повтор", "subtype": "", "comment": "", "correction": ""}, {"id": 36, "group": "error", "startSelection": 2445, "endSelection": 2448, "explanation": "Повторение одного и того же слова.", "tag": "", "type": "Р.повтор", "subtype": "", "comment": "", "correction": ""}, {"id": 37, "group": "error", "startSelection": 2498, "endSelection": 2501, "explanation": "Повторение одного и того же слова.", "tag": "", "type": "Р.повтор", "subtype": "", "comment": "", "correction": ""}, {"id": 39, "group": "meaning", "startSelection": 123, "endSelection": 207, "type": "ПРОБЛЕМА", "subtype": "", "explanation": "", "correction": "", "tag": "", "comment": ""}, {"id": 40, "group": "meaning", "startSelection": 892, "endSelection": 989, "type": "ПОЗИЦИЯ", "subtype": "", "explanation": "", "correction": "", "tag": "", "comment": ""}, {"id": 41, "group": "meaning", "startSelection": 1130, "endSelection": 2251, "type": "ОТНОШЕНИЕ", "subtype": "", "explanation": "", "correction": "", "tag": "", "comment": ""}]}