{"meta": {"uuid": "c52e8d65-b551-4613-b608-84794346b561", "id": "0012763", "name": "0012763_ru_rus_problema_chesti_noexp.txt", "subject": "rus", "test": "егэ тренировка", "category": "", "year": 2021, "class": "11", "theme": "Проблема чести (По тексту Гранина)", "taskText": "(1)Многие считают понятие чести устарелым, несовременным, в том смысле, что оно нынче не применимо — не те условия. (2)Для одних это связано с такими действиями, как дуэль: мол, чем иначе можно защитить свою честь от оскорблений? (3)Другие считают: честь сегодня заменена более высоким понятием — принципиальность. (4)Вместо человека чести — человек принципов...\n(5)Как может устареть чувство чести, чувство собственного достоинства, сугубо личное нравственное чувство? (6)Как может устареть понятие чести, которая даётся человеку однажды, вместе с именем, и которую нельзя ни возместить, ни исправить, которую можно только беречь?\n(7)Мне вспоминается случай, связанный с именем А.П. Чехова. (8)В 1902 году царское правительство аннулировало избрание Максима Горького в почётные академики. (9)В знак протеста Короленко и Чехов отказались от звания академиков. (10)Для Чехова это был акт не только общественный, но и личный. (11)Он писал в заявлении, что при избрании Горького он повидался с ним и первый поздравил его. (12)А теперь, когда Академия наук известила, что выборы недействительны, выходит, что он, Чехов, как академик, признаёт это. (13) «Я поздравлял сердечно, и я же признаю выборы недействительными — такое противоречие не укладывается в моём сознании, примирить с ним свою совесть я не мог, — писал он в Академию наук. — И после долгого размышления я мог прийти только к одному решению... о сложении с меня звания почётного академика». (14)А ведь так сложились обстоятельства, вроде независимые от Чехова, и он мог бы найти для себя оправдание.\n(15)Убеждения, конечно, вещь необходимая. (16)Но есть такое более простое, конкретное понятие, как слово, данное человеком. (17) Оно не подтверждено никаким документом, справкой. (18)Просто слово. (19)Допустим, делового человека, который обещал сделать ремонт к такому-то числу, собрать людей, привезти оборудование, принять приехавших издалека. (20)Да мало ли ещё что. (21)Ну, эка беда, не принял, не сделал, не привёз. (22)Сделает через месяц, примет через два дня, и за это спасибо. (23)Бывает, что и в самом деле ничего страшного, никакой катастрофы, если исключить одно обстоятельство — слово, дано было слово.\n"}, "text": "К сожалению, на сегодняшний день становится все меньше людей, способных отвечать за каждый свой поступок, способных ценить и уважать данное однажды слово. В данном тексте Даниил Александрович Гранин поднимает актуальную проблему чести. Автор, обращаясь к теме, заостряет наше внимание на её актуальности и в противопоставление нынешнему поколению людей приводит в пример случай из жизни А.П. Чехова, наиболее ярко описывающий характер по-настоящему честных в первую очередь с самими собой личностей того времени. Антон Павлович, узнав о том, что правительство аннулировало избрание М. Горького в почетные академики, столкнулся с сильным внутренним противоречием: с одной стороны, он лично сердечно поздравил своего друга-писателя, а, с другой, будучи академиком, он, следуя логике, поддерживает подобное решение правительства. Единственным правильным для себя решением писатель избрал сложение с себя почетного звания. Даниил Александрович делает акцент на том, что это было важно в первую очередь для самого Антона Павловича, для его внутреннего состояния: он не мог обманывать самого себя и, к примеру, как поступают многие, найти себе оправдание. Автор подводит нас к мысли о том, что понятие чести нельзя подменять понятием «принципиальность», как и нельзя ассоциировать честь лишь с популярными некогда дуэлями, тем самым все больше углубляясь в абсурдную мысль о том, что это понятие «нынче не применимо». Даниил Александрович считает, что честь – это не что иное, как «сугубо личное нравственное чувство», внутренний ориентир человека, характеризующийся желанием быть нравственно чистым, честным по отношению и к окружающим, и к самому себе. Это чувство нельзя заработать или потерять – оно дается человеку вместе с именем, его можно лишь сберечь. Я полностью согласна с мнением автора и тоже считаю, что понятие чести нельзя сравнивать с принципиальностью, манерностью, честолюбием и надменной гордыней, потому что в них нет места искренности по отношению к своим поступкам, в них нет места рефлексии и угрызениям совести, трезвому ответу за данное обещание. А это является одним из главных составляющих понятия чести, о чем, к сожалению, постепенно стали забывать. Этим свойством характера обладает главный герой рассказа М.А. Шолохова «Судьба человека». Андрей Соколов, несмотря на обстоятельства, несмотря на собственное изнеможение, как духовное, так и физического, до последнего готов был отстаивать собственную честь. Когда Миллер сказал ему выпить и поесть за победу фашистских войск, герой отказался и выбрал смерть, и посчитал это единственным правильным решением, потому что не мог предать свою страну и, в первую очередь, себя. Миллер оценил подобный поступок, а наш герой, получив от него немного еды, предпочел разделить её между другими пленниками, просто потому что не мог поступить иначе, съесть все самому было бы бесчестно. Герой повести А.С. Пушкина «Капитанская дочка», Петр Гринев, также является человеком чести, и это чувство ярче всего проявляется у него на почве любви. Будучи еще совсем молодым, герой не смог не отблагодарить путника за помощь заячьим тулупом, также не смог не вернуть проигранный долг – для него это было даже не принципом, Петр действовал душой и понимал, что так поступить будет правильно для него самого. Позже герой яростно защищает честь Марии, своей возлюбленной, на дуэли, щадит несчастного Швабрина и отказывается повиноваться Пугачеву даже перед лицом смерти. Безусловно, подобные поступки раскрывают в нем настоящего дворянина, человека чести и достоинства. Таким образом, можно сделать вывод, что понятие чести не может устареть априори, так как оно является, являлось и будет являться внутренним нравственным ориентиром человека. Но, к сожалению, нынешние реалии таковы, что честь перестали по-настоящему ценить, а это является губительным пробелом, ведь вместе с честью со временем могут обесцениться и такие понятия как совесть, благонравие, нравственность и доброта, а допустить это нельзя.", "fileName": "0012763.json", "selections": [{"id": 0, "group": "error", "startSelection": 62, "endSelection": 71, "explanation": "Повторение одного и того же слова.", "tag": "", "type": "Р.повтор", "subtype": "", "comment": "", "correction": ""}, {"id": 1, "group": "error", "startSelection": 106, "endSelection": 115, "explanation": "Повторение одного и того же слова.", "tag": "", "type": "Р.повтор", "subtype": "", "comment": "", "correction": ""}, {"id": 2, "group": "error", "startSelection": 133, "endSelection": 139, "explanation": "Повторение одного и того же слова в разных формах.", "tag": "", "type": "Р.повтор", "subtype": "", "comment": "", "correction": ""}, {"id": 3, "group": "error", "startSelection": 199, "endSelection": 228, "explanation": "Проблему можно «поставить», «выдвинуть», «обозначить» или «рассмотреть», но лучше ее не «поднимать».", "tag": "", "type": "Р.СОЧЕТ", "subtype": null, "comment": "", "correction": ""}, {"id": 4, "group": "error", "startSelection": 157, "endSelection": 163, "explanation": "Повторение одного и того же слова в разных формах.", "tag": "", "type": "Р.повтор", "subtype": "", "comment": "", "correction": ""}, {"id": 5, "group": "error", "startSelection": 708, "endSelection": 720, "explanation": "Слово «свой» применительно к словам, обозначающим отношение (друг, сестра, коллега) часто избыточно.", "tag": "", "type": "Р.ЛИШН", "subtype": "лишн", "comment": "", "correction": ""}, {"id": 6, "group": "error", "startSelection": 605, "endSelection": 614, "explanation": "Повторение одного и того же слова в разных формах.", "tag": "", "type": "Р.повтор", "subtype": "", "comment": "", "correction": ""}, {"id": 7, "group": "error", "startSelection": 751, "endSelection": 761, "explanation": "Повторение одного и того же слова в разных формах.", "tag": "", "type": "Р.повтор", "subtype": "", "comment": "", "correction": ""}, {"id": 8, "group": "error", "startSelection": 804, "endSelection": 811, "explanation": "Повторение одного и того же слова в разных формах.", "tag": "", "type": "Р.повтор", "subtype": "", "comment": "", "correction": ""}, {"id": 9, "group": "error", "startSelection": 812, "endSelection": 825, "explanation": "Повторение однокоренных слов.", "tag": "", "type": "Р.тавт", "subtype": "", "comment": "", "correction": ""}, {"id": 10, "group": "error", "startSelection": 840, "endSelection": 850, "explanation": "", "tag": "REPLACE_правильный_верный", "type": "А.лекс", "subtype": "конт", "comment": "", "correction": "верным"}, {"id": 11, "group": "error", "startSelection": 840, "endSelection": 850, "explanation": "Повторение однокоренных слов.", "tag": "", "type": "Р.тавт", "subtype": "", "comment": "", "correction": ""}, {"id": 12, "group": "error", "startSelection": 855, "endSelection": 859, "explanation": "Повторение одного и того же слова в разных формах.", "tag": "", "type": "Р.повтор", "subtype": "", "comment": "", "correction": ""}, {"id": 13, "group": "error", "startSelection": 860, "endSelection": 868, "explanation": "Повторение одного и того же слова в разных формах.", "tag": "", "type": "Р.повтор", "subtype": "", "comment": "", "correction": ""}, {"id": 14, "group": "error", "startSelection": 896, "endSelection": 900, "explanation": "Повторение одного и того же слова в разных формах.", "tag": "", "type": "Р.повтор", "subtype": "", "comment": "", "correction": ""}, {"id": 15, "group": "error", "startSelection": 1094, "endSelection": 1103, "explanation": "Разговорное выражение, придающее тексту непринужденный характер. Нейтральный вариант: \"например\".", "tag": "RAZGVYR2.doc -1682097405", "type": "А.лекс", "subtype": "конт", "comment": "", "correction": ""}, {"id": 16, "group": "error", "startSelection": 1002, "endSelection": 1008, "explanation": "Повторение одного и того же слова.", "tag": "", "type": "Р.повтор", "subtype": "", "comment": "", "correction": ""}, {"id": 17, "group": "error", "startSelection": 1079, "endSelection": 1085, "explanation": "Повторение одного и того же слова.", "tag": "", "type": "Р.повтор", "subtype": "", "comment": "", "correction": ""}, {"id": 18, "group": "error", "startSelection": 1086, "endSelection": 1090, "explanation": "Повторение одного и того же слова в разных формах.", "tag": "", "type": "Р.повтор", "subtype": "", "comment": "", "correction": ""}, {"id": 19, "group": "error", "startSelection": 1133, "endSelection": 1137, "explanation": "Повторение одного и того же слова в разных формах.", "tag": "", "type": "Р.повтор", "subtype": "", "comment": "", "correction": ""}, {"id": 20, "group": "error", "startSelection": 1391, "endSelection": 1396, "explanation": "Разговорное выражение, придающее тексту непринуждённый характер.", "tag": "RAZG.doc -666703727", "type": "А.лекс", "subtype": "конт", "comment": "", "correction": ""}, {"id": 21, "group": "error", "startSelection": 1188, "endSelection": 1195, "explanation": "Повторение одного и того же слова в разных формах.", "tag": "", "type": "Р.повтор", "subtype": "", "comment": "", "correction": ""}, {"id": 22, "group": "error", "startSelection": 1196, "endSelection": 1201, "explanation": "Повторение однокоренных слов.", "tag": "", "type": "Р.повтор", "subtype": "", "comment": "", "correction": ""}, {"id": 23, "group": "error", "startSelection": 1202, "endSelection": 1208, "explanation": "Повторение одного и того же слова.", "tag": "", "type": "Р.повтор", "subtype": "", "comment": "", "correction": ""}, {"id": 24, "group": "error", "startSelection": 1219, "endSelection": 1227, "explanation": "Повторение одного и того же слова в разных формах.", "tag": "", "type": "Р.повтор", "subtype": "", "comment": "", "correction": ""}, {"id": 25, "group": "error", "startSelection": 1254, "endSelection": 1260, "explanation": "Повторение одного и того же слова.", "tag": "", "type": "Р.повтор", "subtype": "", "comment": "", "correction": ""}, {"id": 26, "group": "error", "startSelection": 1275, "endSelection": 1280, "explanation": "Повторение однокоренных слов.", "tag": "", "type": "Р.повтор", "subtype": "", "comment": "", "correction": ""}, {"id": 27, "group": "error", "startSelection": 1483, "endSelection": 1502, "explanation": "Поменяйте эти прилагательные местами или выберите менее строгий стиль грамматической  проверки. Обычно качественное прилагательное предшествует относительному.", "tag": "message.txt: 3:13", "type": "А.лекс", "subtype": "конт", "comment": "", "correction": "нравственное личное"}, {"id": 28, "group": "error", "startSelection": 1446, "endSelection": 1451, "explanation": "Повторение однокоренных слов.", "tag": "", "type": "Р.повтор", "subtype": "", "comment": "", "correction": ""}, {"id": 29, "group": "error", "startSelection": 1490, "endSelection": 1502, "explanation": "Повторение одного и того же слова в разных формах.", "tag": "", "type": "Р.повтор", "subtype": "", "comment": "", "correction": ""}, {"id": 30, "group": "error", "startSelection": 1503, "endSelection": 1510, "explanation": "Повторение одного и того же слова.", "tag": "", "type": "Р.повтор", "subtype": "", "comment": "", "correction": ""}, {"id": 31, "group": "error", "startSelection": 1575, "endSelection": 1586, "explanation": "Повторение одного и того же слова в разных формах.", "tag": "", "type": "Р.повтор", "subtype": "", "comment": "", "correction": ""}, {"id": 32, "group": "error", "startSelection": 1595, "endSelection": 1602, "explanation": "Повторение однокоренных слов.", "tag": "", "type": "Р.тавт", "subtype": "", "comment": "", "correction": ""}, {"id": 33, "group": "error", "startSelection": 1653, "endSelection": 1660, "explanation": "Повторение одного и того же слова.", "tag": "", "type": "Р.повтор", "subtype": "", "comment": "", "correction": ""}, {"id": 34, "group": "error", "startSelection": 1754, "endSelection": 2066, "explanation": "Слишком длинное предложение с точки зрения выбранного стиля проверки. Измените настройку, выберите более свободный стиль или разбейте это предложение на несколько более коротких.", "tag": "message.txt: 0:0", "type": "А.лекс", "subtype": "конт", "comment": "", "correction": ""}, {"id": 35, "group": "error", "startSelection": 1933, "endSelection": 1938, "explanation": "Повторение одного и того же слова.", "tag": "", "type": "Р.повтор", "subtype": "", "comment": "", "correction": ""}, {"id": 36, "group": "error", "startSelection": 1993, "endSelection": 1998, "explanation": "Повторение одного и того же слова.", "tag": "", "type": "Р.повтор", "subtype": "", "comment": "", "correction": ""}, {"id": 37, "group": "error", "startSelection": 2069, "endSelection": 2072, "explanation": "Повторение одного и того же слова в разных формах.", "tag": "", "type": "Р.повтор", "subtype": "", "comment": "", "correction": ""}, {"id": 38, "group": "error", "startSelection": 2091, "endSelection": 2098, "explanation": "Повторение одного и того же слова в разных формах.", "tag": "", "type": "Р.повтор", "subtype": "", "comment": "", "correction": ""}, {"id": 39, "group": "error", "startSelection": 2174, "endSelection": 2178, "explanation": "Повторение одного и того же слова в разных формах.", "tag": "", "type": "Р.повтор", "subtype": "", "comment": "", "correction": ""}, {"id": 40, "group": "error", "startSelection": 2208, "endSelection": 2215, "explanation": "Повторение одного и того же слова в разных формах.", "tag": "", "type": "Р.повтор", "subtype": "", "comment": "", "correction": ""}, {"id": 41, "group": "error", "startSelection": 2263, "endSelection": 2431, "explanation": "Возможно, предложение не согласовано.", "tag": "message.txt: 2:3", "type": "А.лекс", "subtype": "конт", "comment": "", "correction": ""}, {"id": 42, "group": "error", "startSelection": 2280, "endSelection": 2288, "explanation": "Повторение одного и того же слова.", "tag": "", "type": "Р.повтор", "subtype": "", "comment": "", "correction": ""}, {"id": 43, "group": "error", "startSelection": 2292, "endSelection": 2306, "explanation": "Повторение однокоренных слов.", "tag": "", "type": "Р.тавт", "subtype": "", "comment": "", "correction": ""}, {"id": 44, "group": "error", "startSelection": 2308, "endSelection": 2316, "explanation": "Повторение одного и того же слова.", "tag": "", "type": "Р.повтор", "subtype": "", "comment": "", "correction": ""}, {"id": 45, "group": "error", "startSelection": 2320, "endSelection": 2331, "explanation": "Повторение одного и того же слова в разных формах.", "tag": "", "type": "Р.повтор", "subtype": "", "comment": "", "correction": ""}, {"id": 46, "group": "error", "startSelection": 2402, "endSelection": 2412, "explanation": "Повторение однокоренных слов.", "tag": "", "type": "Р.тавт", "subtype": "", "comment": "", "correction": ""}, {"id": 47, "group": "error", "startSelection": 2413, "endSelection": 2424, "explanation": "Повторение одного и того же слова в разных формах.", "tag": "", "type": "Р.повтор", "subtype": "", "comment": "", "correction": ""}, {"id": 48, "group": "error", "startSelection": 2682, "endSelection": 2691, "explanation": "Притяжательное местоимение «наш» в сочетании с «героем», «автором» и т. п. часто избыточно и может звучать фамильярно.", "tag": "", "type": "Р.ЛИШН", "subtype": "лишн", "comment": "", "correction": ""}, {"id": 49, "group": "error", "startSelection": 2670, "endSelection": 2678, "explanation": "Повторение однокоренных слов.", "tag": "", "type": "Р.тавт", "subtype": "", "comment": "", "correction": ""}, {"id": 50, "group": "error", "startSelection": 2717, "endSelection": 2720, "explanation": "Повторение однокоренных слов.", "tag": "", "type": "Р.тавт", "subtype": "", "comment": "", "correction": ""}, {"id": 51, "group": "error", "startSelection": 2796, "endSelection": 2805, "explanation": "Повторение однокоренных слов.", "tag": "", "type": "Р.тавт", "subtype": "", "comment": "", "correction": ""}, {"id": 52, "group": "error", "startSelection": 2813, "endSelection": 2819, "explanation": "Повторение однокоренных слов.", "tag": "", "type": "Р.тавт", "subtype": "", "comment": "", "correction": ""}, {"id": 53, "group": "error", "startSelection": 2839, "endSelection": 2848, "explanation": "Повторение однокоренных слов.", "tag": "", "type": "Р.тавт", "subtype": "", "comment": "", "correction": ""}, {"id": 54, "group": "error", "startSelection": 2917, "endSelection": 2925, "explanation": "Повторение однокоренных слов.", "tag": "", "type": "Р.тавт", "subtype": "", "comment": "", "correction": ""}, {"id": 55, "group": "error", "startSelection": 2936, "endSelection": 2941, "explanation": "Повторение однокоренных слов.", "tag": "", "type": "Р.тавт", "subtype": "", "comment": "", "correction": ""}, {"id": 56, "group": "error", "startSelection": 2968, "endSelection": 2979, "explanation": "Повторение однокоренных слов.", "tag": "", "type": "Р.тавт", "subtype": "", "comment": "", "correction": ""}, {"id": 57, "group": "error", "startSelection": 3039, "endSelection": 3043, "explanation": "Повторение одного и того же слова.", "tag": "", "type": "Р.повтор", "subtype": "", "comment": "", "correction": ""}, {"id": 58, "group": "error", "startSelection": 3105, "endSelection": 3109, "explanation": "Повторение одного и того же слова.", "tag": "", "type": "Р.повтор", "subtype": "", "comment": "", "correction": ""}, {"id": 59, "group": "error", "startSelection": 3290, "endSelection": 3295, "explanation": "Повторение одного и того же слова в разных формах.", "tag": "", "type": "Р.повтор", "subtype": "", "comment": "", "correction": ""}, {"id": 60, "group": "error", "startSelection": 3500, "endSelection": 3505, "explanation": "Повторение одного и того же слова в разных формах.", "tag": "", "type": "Р.повтор", "subtype": "", "comment": "", "correction": ""}, {"id": 61, "group": "error", "startSelection": 3650, "endSelection": 3673, "explanation": "Поменяйте эти прилагательные местами или выберите менее строгий стиль грамматической  проверки. Обычно качественное прилагательное предшествует относительному.", "tag": "message.txt: 3:13", "type": "А.лекс", "subtype": "конт", "comment": "", "correction": "нравственным внутренним"}, {"id": 62, "group": "error", "startSelection": 3569, "endSelection": 3574, "explanation": "Повторение одного и того же слова в разных формах.", "tag": "", "type": "Р.повтор", "subtype": "", "comment": "", "correction": ""}, {"id": 63, "group": "error", "startSelection": 3614, "endSelection": 3622, "explanation": "Повторение одного и того же слова в разных формах.", "tag": "", "type": "Р.повтор", "subtype": "", "comment": "", "correction": ""}, {"id": 64, "group": "error", "startSelection": 3624, "endSelection": 3632, "explanation": "Повторение одного и того же слова в разных формах.", "tag": "", "type": "Р.повтор", "subtype": "", "comment": "", "correction": ""}, {"id": 65, "group": "error", "startSelection": 3641, "endSelection": 3649, "explanation": "Повторение одного и того же слова в разных формах.", "tag": "", "type": "Р.повтор", "subtype": "", "comment": "", "correction": ""}, {"id": 66, "group": "error", "startSelection": 3740, "endSelection": 3745, "explanation": "Повторение одного и того же слова в разных формах.", "tag": "", "type": "Р.повтор", "subtype": "", "comment": "", "correction": ""}, {"id": 67, "group": "error", "startSelection": 3770, "endSelection": 3776, "explanation": "Повторение однокоренных слов.", "tag": "", "type": "Р.тавт", "subtype": "", "comment": "", "correction": ""}, {"id": 68, "group": "error", "startSelection": 3829, "endSelection": 3835, "explanation": "Повторение одного и того же слова в разных формах.", "tag": "", "type": "Р.повтор", "subtype": "", "comment": "", "correction": ""}, {"id": 69, "group": "error", "startSelection": 3854, "endSelection": 3866, "explanation": "Повторение однокоренных слов.", "tag": "", "type": "Р.тавт", "subtype": "", "comment": "", "correction": ""}, {"id": 71, "group": "meaning", "startSelection": 155, "endSelection": 235, "type": "ПРОБЛЕМА", "subtype": "", "explanation": "", "correction": "", "tag": "", "comment": ""}, {"id": 72, "group": "meaning", "startSelection": 236, "endSelection": 512, "type": "ПРИМЕР", "subtype": "", "explanation": "", "correction": "", "tag": "", "comment": ""}, {"id": 73, "group": "meaning", "startSelection": 1150, "endSelection": 1411, "type": "ПОЗИЦИЯ", "subtype": "", "explanation": "", "correction": "", "tag": "", "comment": ""}, {"id": 74, "group": "meaning", "startSelection": 1412, "endSelection": 1648, "type": "ПОЗИЦИЯ", "subtype": "", "explanation": "", "correction": "", "tag": "", "comment": ""}, {"id": 75, "group": "meaning", "startSelection": 1755, "endSelection": 3520, "type": "ОТНОШЕНИЕ", "subtype": "", "explanation": "", "correction": "", "tag": "", "comment": ""}]}