{"meta": {"uuid": "20449784-9ca1-49a7-90b9-6dbb34332cf4", "id": "0012199", "name": "00012199_ru_rus_problema_otnosheniya_cheloveka_k_jivotnym_noexp.txt", "subject": "rus", "test": "егэ тренировка", "category": "", "year": 2021, "class": "11", "theme": "Проблема отношения человека к животным (По тексту Мамина-Сибиряка)", "taskText": "(1)В избушке у самого леса живёт старый охотник Емеля с маленьким внучком Гришуткой. (2)Ни забора, ни ворот, ни сарая — ничего нет у Емелиной избушки. (З)Только под крыльцом из неотёсанных брёвен воет по ночам голодный Лыско — одна из лучших охотничьих собак в Тычках.\n—(4)Дедко, а дедко, теперь олени ходят с телятами? — с трудом спросил\nмаленький Гришутка однажды вечером.\n—(5)С телятами, Гришук, — ответил Емеля, доплетая новые лапти.\n—(6)Вот бы, дедко, телёночка добыть...\n—(7)Погоди, добудем... (8)Жары наступили, олени с телятами в чаще прятаться\nбудут от оводов, тут я тебе и телёночка добуду, Гришук!\n(9)Гришутке всего было шесть лет, и он лежал теперь второй месяц на широкой деревянной лавке под тёплой оленьей шкурой. (10)Мальчик простудился ещё весной, когда таял снег, и всё не мог поправиться. (11)Его смуглое личико побледнело и вытянулось, глаза сделались больше, нос обострился. (12)Емеля видел, как внучонок таял не по дням, а по часам, но не знал, чем помочь горю.\n(13)Стояли последние дни июня месяца. (14)Емеля вышел из своей избушки с кремневой винтовкой в руке, отвязал Лыска и направился к лесу.\n—(15)Ну, Гришук, поправляйся без меня... — говорил Емеля внуку на прощанье. — (16) За тобой приглядит старуха Маланья, пока я за телёнком схожу.\n—(17)А принесёшь телёнка-то, дедко?\n—(18)Принесу, сказал.\n—(19)Жёлтенького?\n—(20)Жёлтенького...\n—(21)Ну, я буду тебя ждать... (22)Смотри не промахнись, когда стрелять будешь...\n(23)Три дня бродил Емеля по лесу с Лыском, и всё напрасно: оленя с телёнком не попадалось. (24)Только на четвёртый день, когда и охотник, и собака совсем выбились из сил, они совершенно случайно напали на след оленя с телёнком.(25)«Мать с телёнком, — думал Емеля, разглядывая на траве следы больших и маленьких копыт. — (26)Сегодня утром были здесь... (27)Лыско, ищи, голубчик!..»\n(28)День был знойный. (29)Солнце палило нещадно. (30)Собака обнюхивала кусты и траву с высунутым языком; Емеля едва таскал ноги. (31)Но вот знакомый треск и шорох... (32)Лыско упал на траву и не шевелился. (33)В ушах Емели стоят слова внучка: «Дедко, добудь телёнка, и непременно, чтобы был жёлтенький». (34)Вон и мать... (35)Это был великолепный олень-самка. (36)Он стоял на опушке леса и пугливо смотрел прямо на Емелю.\n(37)«Нет, ты меня не обманешь...» — думал Емеля, выползая из своей засады.\n(38)Олень давно почуял охотника, но смело следил за его движениями.\n(39)«Это мать меня от телёнка отводит», — думал Емеля, подползая всё ближе и ближе.(40)Когда старик хотел прицелиться в оленя, он осторожно перебежал несколько сажен далее и опять остановился. (41)Емеля снова подполз со своей винтовкой.\n(42)Опять медленное подкрадывание, и опять олень скрылся, как только Емеля хотел стрелять.\n—(43)Не уйдёшь от телёнка, — шептал Емеля, терпеливо выслеживая зверя\nв течение нескольких часов.(44)Эта борьба человека с животным продолжалась до самого вечера. (45)Благородное животное десять раз рисковало жизнью, стараясь отвести охотника от спрятавшегося оленёнка; старый Емеля и сердился, и удивлялся смелости своей жертвы.\n(46)Ведь всё равно не уйдёт от него олень... (47)Сколько раз приходилось ему убивать таким образом жертвовавшую собою мать. (48)Лыско, как тень, ползал за хозяином и, когда тот совсем потерял оленя из виду, осторожно ткнул его своим горячим носом.(49)Старик оглянулся и присел. (50)В десяти саженях от него, под кустом жимолости, стоял тот самый жёлтенький телёнок, за которым он бродил целых три дня.\n(51)Это был прехорошенький оленёнок, всего нескольких недель, с жёлтым пушком и тоненькими ножками; красивая головка была откинута назад, и он вытягивал тонкую шею вперёд, когда старался захватить веточку повыше. (52)Охотник с замирающим сердцем взвёл курок винтовки и прицелился в голову маленькому, беззащитному животному...\n(53)Ещё одно мгновение, и маленький оленёнок покатился бы по траве с жалобным\nпредсмертным криком; но именно в это мгновение старый охотник припомнил, с каким геройством защищала телёнка его мать, припомнил, как мать его Гришутки спасла сына от волков своей жизнью. (54)Точно что оборвалось в груди у старого Емели, и он опустил ружьё. (55)Оленёнок по-прежнему ходил около куста, общипывая листочки и прислушиваясь к малейшему шороху. (56)Емеля быстро поднялся и свистнул, —маленькое животное скрылось в кустах с быстротой молнии.\n—(57)Ишь какой бегун... — говорил старик, задумчиво улыбаясь. — (58)Только его и видел: как стрела... (59)Ведь убежал, Лыско, наш оленёнок-то? (60)Ну, ему, бегуну, надо расти... (61)Ах ты, какой шустрый!..\n(62)Старик долго стоял на одном месте и всё улыбался, припоминая бегуна.\n"}, "text": "Как человек должен относиться к животным? Конечно, мы не являемся хозяевами природы и поэтому не вправе распоряжаться, кому из братьев наших меньших жить, а кому умирать. Эти существа тоже заслуживают сострадания. Д.Н. Мамин-Сибиряк в предложенном тексте поднимает проблему отношения человека к животным. Изначально старый охотник Емеля обещает внуку принести оленёнка. Для человека, привыкшего к такому роду деятельности, убийство животных в порядке вещей. Подобные люди оправдывают свои действия, охота для них – это не всегда только увлечение, вызывающее чувство азарта, но ещё и способ выжить. Мы видим, в каком состоянии находится маленький Гришук: от долгой болезни «его смуглое личико побледнело и вытянулось, глаза сделались больше, нос обострился». Один из лучших охотничьих псов Лыско от голода «воет по ночам». Именно поэтому Емеля с таким упорством продолжает преследовать оленя с телёнком. Охотника поражает то, с какой преданностью мать относится к своему ребёнку. Она до последнего оберегает телёнка, рискуя собственной жизнью. В какой-то момент мир охотника переворачивается, он вдруг понимает, как сильно животные напоминают людей. Это значит, что и относиться к ним нужно по-доброму. Емеля мог бы застрелить беззащитного оленёнка, однако не делает этого, вспоминая, «с каким геройством защищала телёнка его мать». Так же точно мама Гришутки пожертвовала своей жизнью ради любимого сына. Конкретизируя данную мысль, автор подчёркивает, что убийство живого существа – это безнравственный поступок. Несмотря на то что охота не запрещена законом, это всё-таки преступление против совести. Итогом размышлений Д.Н. Мамина-Сибиряка становится такая позиция: человек должен понимать, что животные способны испытывать те же чувства, что и люди, поэтому нельзя отнимать детёныша у его матери. Я согласна с мнением писателя. Важно не быть эгоистом и задумываться о чувствах тех, кто вас окружает. Животные тоже нуждаются в нашем сострадании. К тому же они не раз доказывали нам свою преданность. Например, герой повести Г.Н. Владимова «Верный Руслан» - лагерный пёс, который до конца остаётся верным людям, продолжает служить им до самой смерти. Трагедия заключается в том, что именно от их жестоких рук пёс и погибает. Разве простительно обманывать чужое доверие? Золотое правило нравственности гласит: относись к людям так, как хочешь, чтобы они относились к тебе. Однако сложно назвать милосердным человека, равнодушного к животному миру. Каждое существо нуждается в понимании и поддержке, и нельзя ни у кого отнимать право на жизнь.", "fileName": "0012199.json", "selections": [{"id": 0, "group": "error", "startSelection": 119, "endSelection": 123, "explanation": "Повторение одного и того же слова.", "tag": "", "type": "Р.повтор", "subtype": "", "comment": "", "correction": ""}, {"id": 1, "group": "error", "startSelection": 157, "endSelection": 161, "explanation": "Повторение одного и того же слова.", "tag": "", "type": "Р.повтор", "subtype": "", "comment": "", "correction": ""}, {"id": 2, "group": "error", "startSelection": 255, "endSelection": 273, "explanation": "Проблему можно «поставить», «выдвинуть», «обозначить» или «рассмотреть», но лучше ее не «поднимать».", "tag": "", "type": "Р.СОЧЕТ", "subtype": null, "comment": "", "correction": ""}, {"id": 3, "group": "error", "startSelection": 274, "endSelection": 283, "explanation": "Повторение однокоренных слов.", "tag": "", "type": "Р.тавт", "subtype": "", "comment": "", "correction": ""}, {"id": 4, "group": "error", "startSelection": 351, "endSelection": 359, "explanation": "Повторение однокоренных слов.", "tag": "", "type": "Р.тавт", "subtype": "", "comment": "", "correction": ""}, {"id": 5, "group": "error", "startSelection": 1149, "endSelection": 1152, "explanation": "Повторение одного и того же слова в разных формах.", "tag": "", "type": "Р.повтор", "subtype": "", "comment": "", "correction": ""}, {"id": 6, "group": "error", "startSelection": 1266, "endSelection": 1271, "explanation": "Повторение одного и того же слова в разных формах.", "tag": "", "type": "Р.повтор", "subtype": "", "comment": "", "correction": ""}, {"id": 7, "group": "error", "startSelection": 1372, "endSelection": 1384, "explanation": "Слово «свой» применительно к жизни часто избыточно, поскольку жизнь у человека всегда «своя».", "tag": "", "type": "Р.ЛИШН", "subtype": "лишн", "comment": "", "correction": ""}, {"id": 8, "group": "error", "startSelection": 1484, "endSelection": 1487, "explanation": "Повторение одного и того же слова.", "tag": "", "type": "Р.повтор", "subtype": "", "comment": "", "correction": ""}, {"id": 9, "group": "error", "startSelection": 1504, "endSelection": 1512, "explanation": "Повторение однокоренных слов.", "tag": "", "type": "Р.тавт", "subtype": "", "comment": "", "correction": ""}, {"id": 10, "group": "error", "startSelection": 1561, "endSelection": 1564, "explanation": "Повторение одного и того же слова.", "tag": "", "type": "Р.повтор", "subtype": "", "comment": "", "correction": ""}, {"id": 11, "group": "error", "startSelection": 1574, "endSelection": 1586, "explanation": "Повторение однокоренных слов.", "tag": "", "type": "Р.тавт", "subtype": "", "comment": "", "correction": ""}, {"id": 12, "group": "error", "startSelection": 2311, "endSelection": 2319, "explanation": "Повторение одного и того же слова в разных формах.", "tag": "", "type": "Р.повтор", "subtype": "", "comment": "", "correction": ""}, {"id": 13, "group": "error", "startSelection": 2355, "endSelection": 2365, "explanation": "Повторение одного и того же слова в разных формах.", "tag": "", "type": "Р.повтор", "subtype": "", "comment": "", "correction": ""}, {"id": 15, "group": "meaning", "startSelection": 171, "endSelection": 304, "type": "ПРОБЛЕМА", "subtype": "", "explanation": "", "correction": "", "tag": "", "comment": ""}, {"id": 16, "group": "meaning", "startSelection": 598, "endSelection": 757, "type": "ПРИМЕР", "subtype": "", "explanation": "", "correction": "", "tag": "", "comment": ""}, {"id": 17, "group": "meaning", "startSelection": 1405, "endSelection": 1513, "type": "ПОЗИЦИЯ", "subtype": "", "explanation": "", "correction": "", "tag": "", "comment": ""}, {"id": 18, "group": "meaning", "startSelection": 1801, "endSelection": 2543, "type": "ОТНОШЕНИЕ", "subtype": "", "explanation": "", "correction": "", "tag": "", "comment": ""}]}